Column1,Column2,Column3,Column4,Column5,Column6,Column7,Column8,Column9,Column10,Column11,Column12,Column13,Column14,Column15,Column16,Column17,Column18,Column19,Column20,Column21,Column22,Column23,Column24,Column25,Column26,Column27,Column28
Age,Education,Marital_Status,Children,Income,Days_Since_Enroll,Recency,MntWines,MntFruits,MntMeatProducts,MntFishProducts,MntSweetProducts,MntGoldProds,NumDealsPurchases,Total_Spent,NumWebPurchases,NumCatalogPurchases,NumStorePurchases,Total_Purchases,Online_Ratio,NumWebVisitsMonth,AcceptedCmp1,AcceptedCmp2,AcceptedCmp3,AcceptedCmp4,AcceptedCmp5,Complain,Response
68,1,0,0,58138,4768,58,635,88,546,172,88,88,3,1617,8,10,4,25,"0,32",7,0,0,0,0,0,0,1
71,1,0,2,46344,4218,38,11,1,6,2,1,6,2,27,1,1,2,6,"0,166666667",5,0,0,0,0,0,0,0
60,1,1,0,71613,4417,26,426,49,127,111,21,42,1,776,8,2,10,21,"0,380952381",4,0,0,0,0,0,0,0
41,1,1,1,26646,4244,26,11,4,20,10,3,5,2,53,2,0,4,8,"0,25",6,0,0,0,0,0,0,0
44,4,2,1,58293,4266,94,173,43,118,46,27,15,5,422,5,3,6,19,"0,263157895",5,0,0,0,0,0,0,0
58,3,1,1,62513,4398,16,520,42,98,0,42,14,2,716,6,4,10,22,"0,272727273",6,0,0,0,0,0,0,0
54,1,3,1,55635,4698,34,235,65,164,50,49,27,4,590,7,3,7,21,"0,333333333",6,0,0,0,0,0,0,0
40,4,2,1,33454,4522,32,76,10,56,3,1,23,2,169,4,0,4,10,"0,4",8,0,0,0,0,0,0,0
51,4,1,1,30351,4493,19,14,0,24,3,3,2,1,46,3,0,2,6,"0,5",9,0,0,0,0,0,0,1
75,4,1,2,5648,4213,68,28,0,6,1,1,13,1,49,1,0,0,2,"0,5",20,0,0,1,0,0,0,0
49,0,2,0,7500,4698,59,6,16,11,11,1,16,1,61,2,0,3,6,"0,333333333",8,0,0,0,0,0,0,0
66,1,3,0,63033,4331,82,194,61,480,225,112,30,1,1102,3,4,8,16,"0,1875",2,0,0,0,0,0,0,0
73,3,3,2,59354,4331,53,233,2,53,3,5,14,3,310,6,1,5,15,"0,4",6,0,0,0,0,0,0,0
38,1,2,0,17323,4732,38,3,14,17,6,1,5,1,46,1,0,3,5,"0,2",8,0,0,0,0,0,0,0
79,4,0,0,82800,4687,23,1006,22,115,59,68,45,1,1315,7,6,12,26,"0,269230769",3,1,0,0,0,1,0,1
45,1,2,2,41850,4657,51,53,5,19,2,13,4,3,96,3,0,3,9,"0,333333333",8,0,0,0,0,0,0,0
79,1,1,0,37760,4772,20,84,5,38,150,12,28,2,317,4,1,6,13,"0,307692308",7,0,0,0,0,0,0,0
76,3,2,1,76995,4563,91,1012,80,498,0,16,176,2,1782,11,4,9,26,"0,423076923",5,1,0,0,0,0,0,0
40,2,0,1,33812,4708,86,4,17,19,30,24,39,2,133,2,1,3,8,"0,25",6,0,0,0,0,0,0,0
43,1,2,0,37040,4795,41,86,2,73,69,38,48,1,316,4,2,5,12,"0,333333333",8,0,0,0,0,0,0,0
46,1,2,1,2447,4644,42,1,1,1725,1,1,1,15,1730,0,28,0,43,0,1,0,0,0,0,0,0,0
76,4,2,1,58607,4658,63,867,0,86,0,0,19,3,972,2,3,9,17,"0,117647059",8,0,0,0,1,0,0,0
71,4,2,1,65324,4274,0,384,0,102,21,32,5,3,544,6,2,9,20,"0,3",4,0,0,0,0,0,0,0
74,1,1,1,40689,4573,69,270,3,27,39,6,99,7,444,7,1,5,20,"0,35",8,0,0,0,0,0,0,0
56,1,0,0,18589,4648,89,6,4,25,15,12,13,2,75,2,1,3,8,"0,25",7,0,0,0,0,0,0,0
49,1,2,2,53359,4503,4,173,4,30,3,6,41,4,257,5,1,4,14,"0,357142857",7,0,0,0,0,0,0,0
36,1,2,1,38360,4499,26,36,2,42,20,21,10,2,131,2,1,4,9,"0,222222222",3,0,0,0,0,0,0,0
60,4,2,0,84618,4324,96,684,100,801,21,66,0,1,1672,6,9,10,26,"0,230769231",2,0,0,0,0,1,0,0
36,3,3,0,10979,4143,34,8,4,10,2,2,4,2,30,3,0,3,8,"0,375",5,0,0,0,0,0,0,0
62,3,1,0,38620,4519,56,112,17,44,34,22,89,1,318,2,5,3,11,"0,181818182",3,0,0,0,0,0,0,0
55,1,1,1,40548,4732,31,110,0,5,2,0,3,2,120,2,1,4,9,"0,222222222",5,0,0,0,1,0,0,0
73,4,3,2,46610,4713,8,96,12,96,33,22,43,6,302,4,1,6,17,"0,235294118",6,0,0,0,0,0,0,1
79,3,2,0,68657,4599,4,482,34,471,119,68,22,1,1196,3,5,9,18,"0,166666667",7,0,0,0,0,0,0,0
74,3,0,2,49389,4409,55,40,0,19,2,1,3,1,65,2,0,3,6,"0,333333333",7,0,0,0,0,0,0,0
55,4,2,1,67353,4285,37,702,17,151,0,8,35,5,913,5,6,12,28,"0,178571429",2,0,0,0,0,0,0,0
49,2,2,1,23718,4405,76,6,3,14,15,7,36,3,81,3,1,2,9,"0,333333333",7,0,0,0,0,0,0,0
52,1,4,1,42429,4243,99,55,0,6,2,0,4,2,67,1,1,3,7,"0,142857143",5,0,0,0,0,0,0,0
82,4,3,0,48948,4618,53,437,8,206,160,49,42,2,902,7,10,5,24,"0,291666667",6,0,0,1,0,0,0,1
45,1,2,1,80011,4531,3,421,76,536,82,178,102,2,1395,8,6,5,21,"0,380952381",4,0,0,0,0,0,0,0
40,3,2,1,20559,4579,88,13,1,29,3,0,7,2,53,2,0,3,7,"0,285714286",8,0,0,0,0,0,0,0
68,1,1,1,21994,4657,4,9,0,6,3,1,3,1,22,0,0,3,4,0,5,0,0,0,0,0,0,0
50,3,2,1,7500,4375,19,3,1,10,3,2,12,3,31,2,0,3,8,"0,25",5,0,0,0,0,0,0,0
49,1,0,0,79941,4106,72,123,164,266,227,30,174,1,984,2,4,9,16,"0,125",1,0,0,0,0,0,0,0
29,2,2,0,7500,4702,24,3,18,14,15,22,50,3,122,3,1,3,10,"0,3",9,0,0,0,0,0,0,1
57,1,1,1,41728,4506,92,13,6,15,3,5,13,1,55,2,0,2,5,"0,4",10,0,0,0,0,0,0,0
71,4,2,2,72550,4703,39,826,50,317,50,38,38,9,1319,5,2,12,28,"0,178571429",8,0,0,0,0,0,0,0
68,1,4,1,65486,4153,29,245,19,125,37,67,14,1,507,4,2,10,17,"0,235294118",2,0,0,0,0,0,0,0
61,3,2,0,79143,4792,2,650,37,780,27,167,32,1,1693,6,9,13,29,"0,206896552",3,0,0,0,0,0,0,0
48,1,0,1,35790,4648,54,12,6,20,30,1,3,2,72,2,0,3,7,"0,285714286",7,0,0,0,0,0,0,0
48,1,3,0,82582,4127,54,510,120,550,156,40,241,1,1617,4,9,7,21,"0,19047619",1,1,0,1,0,0,0,1
47,1,2,2,66373,4487,57,328,9,124,12,24,109,7,606,4,2,10,23,"0,173913043",3,0,0,0,0,0,0,0
70,3,1,0,82384,4692,55,984,51,432,180,120,190,1,1957,3,10,13,27,"0,111111111",1,0,0,0,0,1,0,1
59,1,3,0,70287,4558,30,295,35,482,121,120,40,1,1093,5,5,10,21,"0,238095238",3,0,0,0,0,0,0,1
37,1,0,1,27938,4167,31,13,0,8,2,1,5,1,29,1,0,4,6,"0,166666667",3,0,0,0,0,0,0,0
57,4,2,1,55954,4223,63,447,0,28,0,0,43,3,518,8,2,6,19,"0,421052632",7,0,0,0,0,0,0,0
43,3,0,0,75777,4465,12,712,26,538,69,13,80,1,1438,3,6,11,21,"0,142857143",1,0,0,0,1,1,0,1
50,1,1,2,66653,4765,18,452,18,102,16,18,6,4,612,4,2,12,22,"0,181818182",3,0,0,0,0,0,0,0
73,1,0,1,61823,4601,26,523,7,134,37,14,169,4,884,8,2,10,24,"0,333333333",7,0,0,0,0,0,0,0
74,4,4,1,67680,4488,8,546,0,48,0,6,6,1,606,7,3,8,19,"0,368421053",5,0,0,0,0,0,0,0
77,1,1,0,70666,4310,29,398,40,367,119,122,30,1,1076,7,4,4,16,"0,4375",4,0,0,0,0,0,0,0
54,1,2,1,25721,4509,75,1,3,6,3,6,15,1,34,1,1,2,5,"0,2",7,0,0,0,0,0,0,1
58,1,1,2,32474,4154,0,10,0,1,0,0,0,1,11,1,0,2,4,"0,25",7,0,0,0,0,0,0,0
46,2,0,1,88194,4207,19,688,14,309,201,24,38,1,1274,11,10,10,32,"0,34375",5,1,0,1,0,0,0,1
67,1,1,1,69096,4380,4,247,49,159,7,82,109,1,653,5,2,10,18,"0,277777778",4,0,0,0,0,0,0,0
55,1,1,3,74854,4552,90,856,59,487,58,29,73,7,1562,2,5,5,19,"0,105263158",5,0,0,0,0,0,0,0
71,3,2,0,66991,4761,1,496,36,460,189,60,12,3,1253,4,8,6,21,"0,19047619",3,0,0,0,0,0,0,0
66,1,2,1,65031,4574,29,258,107,291,84,37,86,4,863,10,3,13,30,"0,333333333",7,0,0,0,0,0,0,0
50,4,2,2,60631,4555,88,565,6,65,0,6,19,5,661,9,2,8,24,"0,375",7,0,0,0,1,0,0,0
73,1,2,0,28332,4165,58,14,10,13,4,15,9,1,65,2,1,4,8,"0,25",2,0,0,0,0,0,0,0
48,1,3,1,40246,4662,68,2,1,6,2,1,1,1,13,1,0,2,4,"0,25",6,0,0,0,0,0,0,0
53,3,2,0,75251,4776,34,721,111,925,97,18,18,1,1890,7,6,5,19,"0,368421053",5,0,0,0,0,0,0,1
49,1,0,0,75825,4730,40,1032,105,779,137,105,51,0,2209,5,8,9,22,"0,227272727",4,0,0,1,0,0,0,1
49,2,1,0,26326,4403,12,1,0,5,0,3,9,1,18,0,0,3,4,0,3,0,0,0,0,0,1,0
60,1,1,0,56046,4648,9,577,0,64,0,0,51,2,692,10,1,8,21,"0,476190476",8,0,0,1,0,0,0,1
40,1,0,1,29760,4774,87,64,4,68,7,5,17,4,165,3,1,4,12,"0,25",8,0,0,0,0,0,0,0
56,1,2,1,26304,4476,5,4,1,5,2,0,4,1,16,1,0,2,4,"0,25",7,0,0,0,0,0,0,0
52,2,2,1,23559,4466,87,25,5,19,7,0,23,3,79,3,0,3,9,"0,333333333",7,0,0,0,0,0,0,0
62,3,1,0,38620,4519,56,112,17,44,34,22,89,1,318,2,5,3,11,"0,181818182",3,0,0,0,0,0,0,0
38,1,3,0,81361,4229,18,163,23,424,27,65,76,1,778,3,10,13,27,"0,111111111",1,0,0,0,0,0,0,0
65,1,2,2,29440,4427,95,17,8,14,10,4,3,2,56,1,0,4,7,"0,142857143",7,0,0,0,0,0,0,0
55,3,2,2,36138,4453,48,130,0,16,0,0,5,5,151,3,1,4,13,"0,230769231",7,0,0,0,1,0,0,0
68,1,0,1,50388,4137,3,292,6,37,0,3,34,4,372,6,1,6,17,"0,352941176",7,1,0,0,1,0,0,1
52,1,2,0,79593,4153,70,350,60,568,110,133,145,1,1366,5,6,7,19,"0,263157895",2,0,0,0,0,1,0,0
58,1,1,1,54178,4264,79,135,9,39,4,0,7,1,194,2,2,5,10,"0,2",2,0,0,0,0,0,0,0
53,3,0,1,42394,4203,69,15,2,10,0,1,4,1,32,1,0,3,5,"0,2",7,0,0,0,0,0,0,0
55,4,2,1,23626,4141,84,27,2,14,0,0,0,3,43,3,1,3,10,"0,3",5,0,0,0,0,0,0,0
42,1,2,1,30096,4143,30,5,3,11,12,5,9,1,45,2,0,3,6,"0,333333333",6,0,0,0,0,0,0,0
65,1,4,1,47916,4689,72,505,0,26,0,0,75,5,606,7,4,6,22,"0,318181818",6,0,0,0,1,0,0,0
53,1,3,2,51813,4549,37,51,2,7,0,1,2,2,63,2,0,3,7,"0,285714286",7,0,0,0,0,0,0,0
74,2,2,0,78497,4315,44,207,26,447,75,0,223,1,978,5,7,12,25,"0,2",2,1,0,0,0,0,0,0
42,4,2,0,50150,4479,32,135,46,92,65,61,11,2,410,5,2,7,16,"0,3125",5,0,0,0,0,0,0,0
65,2,0,1,47823,4446,0,53,1,5,2,1,10,2,72,2,0,3,7,"0,285714286",8,0,0,0,0,0,0,0
66,4,0,1,34554,4196,43,41,1,6,2,0,5,2,55,2,0,3,7,"0,285714286",6,0,0,0,0,0,0,0
46,1,1,1,85693,4540,59,386,172,183,185,132,111,2,1169,9,5,11,27,"0,333333333",5,0,0,0,0,0,0,0
80,4,2,0,65846,4513,68,562,81,276,80,40,81,1,1120,6,3,6,16,"0,375",4,0,0,0,0,0,0,0
66,1,2,0,87195,4157,35,217,76,690,50,26,38,1,1097,3,11,5,20,"0,15",1,0,0,0,0,0,0,1
46,0,1,1,24594,4306,94,1,3,6,10,0,9,1,29,1,0,3,5,"0,2",5,0,0,0,0,0,0,0
61,1,2,2,49096,4383,15,144,1,32,2,1,7,4,187,4,1,4,13,"0,307692308",7,0,0,0,0,0,0,0
56,1,2,2,52413,4617,56,295,106,271,75,98,65,4,910,6,4,12,26,"0,230769231",6,0,0,0,0,0,0,0
47,1,0,1,38557,4662,17,76,3,31,4,4,27,2,145,3,1,3,9,"0,333333333",7,0,0,0,0,0,0,0
65,3,2,0,89058,4674,18,454,194,106,31,22,43,1,850,5,4,4,14,"0,357142857",2,0,0,0,0,0,0,0
46,1,1,1,77298,4344,46,425,115,292,23,35,79,1,969,6,6,11,24,"0,25",3,0,0,0,0,0,0,0
34,4,0,0,68126,4701,40,1332,17,311,23,51,86,1,1820,7,4,5,17,"0,411764706",9,0,0,0,1,0,0,1
62,3,1,1,57288,4109,27,527,0,21,0,0,60,3,608,8,1,8,20,"0,4",6,0,0,0,1,0,0,0
34,1,0,0,86037,4648,95,490,44,125,29,20,22,1,730,6,7,11,25,"0,24",3,0,0,0,1,1,0,1
45,4,2,1,43974,4669,19,378,0,101,0,0,72,5,551,6,4,6,21,"0,285714286",7,0,0,0,0,0,0,0
63,1,0,2,50785,4397,27,64,1,21,0,1,27,2,114,2,1,3,8,"0,25",6,0,0,0,0,0,0,0
55,1,2,0,90765,4261,25,547,99,812,151,82,33,0,1724,4,6,5,15,"0,266666667",1,1,0,0,0,1,0,0
47,2,2,1,36550,4600,74,47,90,94,123,103,120,5,577,9,1,5,20,"0,45",9,0,0,0,0,0,0,0
58,2,1,2,30753,4458,85,12,5,25,0,9,30,2,81,1,1,3,7,"0,142857143",5,0,0,0,0,0,0,0
56,1,1,1,21918,4332,37,1,6,7,11,5,3,2,33,2,0,3,7,"0,285714286",6,0,0,0,0,0,0,0
72,3,1,1,56129,4479,65,320,48,133,39,72,48,4,660,6,2,10,22,"0,272727273",4,0,0,0,0,0,0,0
58,3,0,1,32557,4230,13,34,3,29,0,4,10,3,80,2,1,3,9,"0,222222222",5,0,0,0,0,0,0,1
40,3,2,2,19510,4403,63,9,0,7,3,4,7,2,30,1,0,3,6,"0,166666667",7,0,0,0,0,0,0,0
49,1,3,1,30992,4538,83,17,0,14,7,3,2,1,43,1,0,3,5,"0,2",7,0,0,0,0,0,0,0
42,1,0,0,101970,4579,69,722,27,102,44,72,168,0,1135,6,8,13,27,"0,222222222",2,1,0,0,1,1,0,1
60,2,1,0,71488,4601,87,162,33,124,40,28,172,2,559,3,4,7,16,"0,1875",1,0,0,0,0,0,0,0
41,1,0,0,79607,4539,37,450,133,951,173,0,216,1,1923,3,6,6,16,"0,1875",1,0,0,0,0,0,0,1
72,3,2,2,54348,4126,51,70,0,16,0,0,4,2,90,2,0,4,8,"0,25",6,0,0,0,0,0,0,0
69,4,1,2,77376,4155,72,492,19,110,16,12,12,4,661,6,3,10,23,"0,260869565",4,0,0,0,0,0,0,0
73,1,2,1,62998,4377,10,120,58,73,65,89,58,5,463,5,4,5,19,"0,263157895",5,0,0,0,0,0,0,0
67,3,5,2,61331,4581,42,534,5,47,0,5,41,5,632,11,1,6,23,"0,47826087",8,0,0,0,0,0,0,0
56,1,2,0,73448,4244,10,236,106,189,23,41,130,1,725,7,2,9,19,"0,368421053",4,0,0,0,0,0,0,0
61,4,2,2,41551,4424,51,220,0,33,3,0,23,5,279,5,1,5,16,"0,3125",8,0,0,0,0,0,0,0
58,4,1,0,62981,4574,21,796,14,590,38,44,0,1,1482,4,5,13,23,"0,173913043",3,0,0,0,1,0,0,0
49,0,3,1,9548,4795,31,0,1,3,10,6,9,2,29,1,0,3,6,"0,166666667",8,0,0,0,0,0,0,0
66,4,2,3,33762,4462,61,53,1,34,2,0,16,3,106,2,2,2,9,"0,222222222",8,0,0,0,0,0,0,0
52,4,5,2,35860,4146,37,15,0,8,4,2,20,2,49,1,1,2,6,"0,166666667",5,0,0,1,0,0,0,1
60,4,3,2,36921,4441,74,17,1,12,3,1,4,2,38,2,0,3,7,"0,285714286",7,0,0,0,0,0,0,0
33,3,0,0,92859,4723,46,962,61,921,52,61,20,1,2077,5,4,12,22,"0,227272727",2,0,0,0,0,0,0,0
49,3,1,1,65104,4332,4,738,0,232,13,20,50,2,1053,3,5,7,17,"0,176470588",7,0,0,0,0,0,0,1
63,1,2,0,86111,4541,73,399,28,756,36,40,126,1,1385,5,7,10,23,"0,217391304",2,0,0,0,0,0,0,0
51,4,0,1,68352,4410,47,614,16,132,43,33,33,3,871,8,5,9,25,"0,32",6,0,0,0,0,0,0,0
37,1,1,1,41883,4572,13,32,34,41,73,16,116,3,312,4,2,3,12,"0,333333333",7,0,0,0,0,0,0,0
49,1,2,2,59809,4724,36,598,16,141,32,41,49,3,877,3,3,6,15,"0,2",8,0,0,0,0,0,0,0
50,1,2,1,23957,4714,47,2,1,18,20,11,16,1,68,2,0,3,6,"0,333333333",6,0,0,0,0,0,0,1
44,1,1,1,38547,4410,49,6,1,10,0,1,4,1,22,1,0,2,4,"0,25",8,0,0,0,0,0,1,0
52,2,2,3,35688,4781,94,73,3,90,12,1,32,7,211,4,1,4,16,"0,25",8,0,0,0,0,0,0,0
59,3,2,0,49605,4113,65,42,16,29,12,20,8,1,127,2,1,4,8,"0,25",3,0,0,0,0,0,0,0
72,3,2,2,59354,4171,59,295,21,78,39,13,13,1,459,4,4,7,16,"0,25",3,0,0,0,0,0,0,0
56,1,2,1,65747,4219,96,346,17,48,23,13,13,4,460,8,1,6,19,"0,421052632",6,0,0,0,1,0,0,0
53,2,1,1,46344,4667,28,233,20,57,8,20,91,4,429,7,1,5,17,"0,411764706",7,0,0,0,0,0,0,0
37,1,5,1,34176,4153,12,5,7,24,19,14,20,4,89,3,0,4,11,"0,272727273",6,0,0,0,0,0,0,0
73,4,1,1,61010,4733,57,888,0,57,0,0,76,2,1021,8,5,11,26,"0,307692308",5,0,0,0,0,0,0,0
76,1,1,0,69372,4600,10,997,26,269,34,13,42,1,1381,10,4,6,21,"0,476190476",4,0,0,0,1,1,0,1
67,1,0,1,49967,4461,4,212,6,69,4,12,3,3,306,6,1,5,15,"0,4",7,0,0,0,0,0,0,0
47,1,0,3,60199,4395,49,8,1,7,2,0,0,1,18,0,0,3,4,0,4,0,0,0,0,0,0,0
48,1,1,1,55375,4360,3,42,11,57,10,28,14,1,162,1,1,6,9,"0,111111111",2,0,0,0,0,0,0,0
70,1,0,0,80317,4418,64,536,11,387,149,91,57,1,1231,3,4,10,18,"0,166666667",1,0,0,0,0,0,0,0
67,3,0,3,30523,4468,0,5,0,3,0,0,5,1,13,1,0,2,4,"0,25",7,0,0,0,0,0,0,0
80,4,2,0,70356,4706,20,1349,16,249,43,16,33,2,1706,10,6,9,27,"0,37037037",6,0,0,0,0,0,0,0
41,1,2,1,23228,4280,91,53,3,49,7,4,5,4,121,3,0,4,11,"0,272727273",8,0,0,0,0,0,0,0
50,4,3,0,74165,4529,9,1001,12,240,16,12,12,1,1293,5,4,10,20,"0,25",2,0,0,0,0,0,0,0
52,4,2,1,157243,4225,98,20,2,1582,1,2,1,15,1608,0,22,0,37,0,0,0,0,0,0,0,0,0
59,1,1,3,43482,4333,83,18,1,32,6,3,28,3,88,2,0,4,9,"0,222222222",6,0,0,0,0,0,0,0
72,1,3,0,62551,4328,27,125,16,98,134,21,27,1,421,6,7,4,18,"0,333333333",3,0,0,1,0,0,0,0
66,1,3,0,52332,4410,63,212,5,33,7,0,2,1,259,3,2,6,12,"0,25",4,0,0,0,1,0,0,0
37,1,0,0,66951,4344,46,277,162,305,173,76,124,1,1117,3,4,7,15,"0,2",1,0,0,0,0,0,0,0
68,1,1,2,26091,4229,84,15,10,19,8,17,20,3,89,2,1,3,9,"0,222222222",5,0,0,0,0,0,0,0
60,1,1,2,33456,4174,58,7,3,10,8,1,7,2,36,1,0,3,6,"0,166666667",7,0,0,0,0,0,0,0
43,1,2,1,28718,4456,78,12,4,6,11,8,16,2,57,2,0,3,7,"0,285714286",8,0,0,0,0,0,0,0
55,1,2,2,50447,4174,4,85,7,24,2,3,27,1,148,3,1,3,8,"0,375",6,0,0,0,0,0,0,0
66,4,1,2,53537,4255,17,81,0,6,0,0,6,2,93,2,1,3,8,"0,25",5,0,0,0,0,0,0,0
58,1,0,1,52074,4191,77,59,0,12,0,0,48,1,119,2,2,2,7,"0,285714286",4,0,0,1,0,0,0,0
50,4,2,1,80427,4760,56,1149,71,449,69,71,26,1,1835,11,8,8,28,"0,392857143",5,0,0,0,0,0,0,0
77,4,2,0,83837,4665,79,847,66,119,86,89,111,1,1318,9,10,5,25,"0,36",4,1,0,0,1,0,0,1
55,4,2,2,38853,4142,90,29,0,14,0,0,2,2,45,2,0,3,7,"0,285714286",7,0,0,0,0,0,0,0
66,1,1,3,38285,4110,96,2,0,5,2,0,1,1,10,0,0,3,4,0,2,0,0,0,0,0,0,0
74,2,2,0,78497,4315,44,207,26,447,75,0,223,1,978,5,7,12,25,"0,2",2,1,0,0,0,0,0,0
49,4,2,1,51650,4154,81,152,3,22,2,5,7,1,191,4,1,4,10,"0,4",5,0,0,0,0,0,0,0
37,2,2,1,16248,4155,77,12,11,10,3,12,9,3,57,2,1,3,9,"0,222222222",6,0,0,0,0,0,0,0
79,3,2,0,66835,4379,21,620,26,195,34,17,141,1,1033,6,4,13,24,"0,25",2,0,0,0,0,0,0,0
41,3,2,1,30477,4263,16,47,1,6,0,0,12,1,66,1,1,3,6,"0,166666667",6,0,0,0,0,0,0,0
64,0,2,0,28249,4119,80,1,9,7,2,14,10,1,43,2,0,3,6,"0,333333333",6,0,0,0,0,0,0,0
42,1,2,1,25271,4676,45,10,1,18,10,4,7,1,50,1,1,2,5,"0,2",9,0,0,0,0,0,0,0
55,4,0,1,32303,4218,63,35,0,2,0,0,2,2,39,1,0,4,7,"0,142857143",5,0,0,0,0,0,0,0
59,1,2,1,61286,4436,34,356,0,107,19,9,117,2,608,7,1,8,18,"0,388888889",5,0,0,0,0,0,0,0
49,1,2,0,74068,4572,14,783,30,537,140,76,15,1,1581,4,10,9,24,"0,166666667",2,0,0,0,0,0,0,0
61,4,2,2,45759,4596,13,42,1,18,3,0,4,2,68,2,0,3,7,"0,285714286",7,0,0,0,0,0,0,0
47,0,1,1,24882,4763,52,1,4,10,29,0,36,1,80,1,1,2,5,"0,2",6,0,0,1,0,0,0,0
36,4,1,0,66973,4513,98,466,22,432,147,113,102,1,1282,8,7,12,28,"0,285714286",3,0,0,0,0,0,0,0
125,2,3,1,36640,4381,99,15,6,8,7,4,25,1,65,2,1,2,6,"0,333333333",5,0,0,0,0,0,1,0
37,1,2,1,38872,4500,93,23,3,21,3,19,22,2,91,3,0,3,8,"0,375",8,0,0,0,0,0,0,0
52,1,2,2,51148,4601,38,235,6,45,8,9,12,4,315,5,1,6,16,"0,3125",6,0,0,0,0,0,0,0
48,1,2,2,31353,4287,24,10,0,10,3,1,7,2,31,1,1,2,6,"0,166666667",8,0,0,0,0,0,0,0
45,3,2,0,69661,4152,80,656,16,106,32,16,8,1,834,7,3,12,23,"0,304347826",3,0,0,0,0,0,0,0
71,1,2,0,80067,4388,82,519,17,813,27,173,51,1,1600,4,6,6,17,"0,235294118",2,0,0,0,0,1,0,0
71,1,2,0,86718,4633,20,344,189,482,50,33,172,1,1270,5,6,5,17,"0,294117647",2,0,0,0,0,0,0,0
52,4,0,2,46854,4195,81,96,1,79,7,1,79,6,263,5,1,3,15,"0,333333333",8,0,0,1,0,0,0,1
73,1,3,1,69142,4105,50,448,4,34,6,4,39,3,535,8,1,7,19,"0,421052632",5,0,0,0,1,0,0,0
57,1,0,0,75922,4307,60,265,138,553,224,23,92,1,1295,4,4,9,18,"0,222222222",1,0,0,0,0,0,0,0
47,1,3,1,63693,4363,63,587,43,337,42,87,54,3,1150,11,6,9,29,"0,379310345",6,0,0,0,0,0,0,0
48,4,1,0,102160,4709,54,763,29,138,76,176,58,0,1240,7,9,10,26,"0,269230769",4,1,0,0,1,1,0,1
60,4,0,2,40637,4452,72,22,0,13,0,0,3,2,38,1,0,3,6,"0,166666667",7,0,0,0,0,0,0,0
41,3,0,0,18890,4701,5,6,4,1,7,2,15,1,35,0,1,2,4,0,6,0,0,1,0,0,0,1
37,1,1,1,29604,4308,88,7,6,13,7,6,14,1,53,1,0,3,5,"0,2",9,0,0,1,0,0,0,0
62,3,3,2,48721,4517,50,81,18,113,47,13,21,6,293,4,2,5,17,"0,235294118",6,0,0,0,0,0,0,0
59,1,2,1,44794,4126,99,54,0,7,0,0,4,1,65,2,0,3,6,"0,333333333",6,0,0,0,0,0,0,0
71,1,3,1,64497,4762,17,1170,48,320,42,32,192,5,1804,11,4,9,29,"0,379310345",8,0,0,1,0,0,0,1
69,1,1,1,46097,4560,11,72,24,68,65,4,8,5,241,3,1,6,15,"0,2",4,0,0,0,0,0,0,0
71,1,1,0,77972,4208,18,613,22,319,33,102,12,1,1101,4,6,9,20,"0,2",1,0,0,0,0,0,0,0
57,4,2,2,44377,4737,70,224,0,30,0,0,10,8,264,5,1,5,19,"0,263157895",8,0,0,0,0,0,0,0
51,3,1,2,46014,4629,21,410,0,59,19,9,44,10,541,7,1,8,26,"0,269230769",7,0,0,0,0,0,0,0
40,1,2,0,70951,4526,66,239,10,554,254,87,54,1,1198,3,4,9,17,"0,176470588",1,0,0,0,0,0,0,0
48,1,2,1,41443,4194,79,171,7,171,25,19,89,6,482,8,1,5,20,"0,4",8,0,0,0,0,0,0,0
47,2,0,3,52195,4153,2,12,0,4,0,0,1,1,17,1,0,2,4,"0,25",8,0,0,0,0,0,0,0
77,3,2,0,83790,4331,81,1076,16,417,42,48,16,1,1615,8,10,6,25,"0,32",3,0,0,0,1,1,0,0
71,3,4,1,44551,4407,24,182,4,33,0,0,66,2,285,4,1,5,12,"0,333333333",7,0,0,0,0,0,0,0
45,1,1,1,69508,4697,48,824,32,162,42,32,43,2,1135,11,4,11,28,"0,392857143",6,0,0,0,0,0,0,0
37,2,1,1,45204,4184,93,30,11,25,29,1,18,1,114,1,1,4,7,"0,142857143",3,0,0,0,0,0,0,0
56,1,2,0,72460,4332,56,377,10,540,80,30,10,1,1047,3,5,7,16,"0,1875",1,0,0,0,0,0,0,0
55,4,1,2,77622,4181,3,520,7,154,19,0,14,2,714,6,3,11,22,"0,272727273",3,0,0,0,0,0,0,0
45,4,2,1,30732,4645,44,155,1,25,0,1,3,4,185,4,1,4,13,"0,307692308",8,0,0,0,0,0,0,0
63,1,3,1,63887,4764,38,897,23,207,15,11,92,5,1245,9,6,12,32,"0,28125",6,0,0,0,0,0,0,0
47,1,1,1,42011,4565,46,131,0,16,2,1,39,4,189,3,1,4,12,"0,25",8,0,0,0,0,0,0,0
49,1,1,1,51369,4717,84,297,7,79,0,11,182,2,576,8,2,4,16,"0,5",8,0,0,0,0,0,0,0
73,1,3,1,51537,4672,27,787,20,204,0,0,92,3,1103,2,2,11,18,"0,111111111",8,0,0,0,0,0,0,0
53,4,2,0,79930,4795,72,792,86,740,67,51,17,1,1753,3,5,8,17,"0,176470588",2,0,0,0,0,0,0,0
39,4,1,1,34320,4238,66,4,1,9,3,0,0,1,17,1,0,2,4,"0,25",8,0,0,0,0,0,0,0
59,1,0,2,37070,4571,30,231,7,137,4,15,39,9,433,5,1,8,23,"0,217391304",7,0,0,0,0,0,0,1
63,2,3,1,81975,4645,2,983,76,184,180,138,27,1,1588,6,3,4,14,"0,428571429",7,0,0,0,0,1,0,0
54,1,1,1,38590,4515,65,3,1,8,4,3,3,1,22,1,0,2,4,"0,25",8,0,0,0,0,0,0,0
74,1,0,0,15033,4179,37,0,4,5,6,0,4,1,19,1,0,3,5,"0,2",3,0,0,0,0,0,0,0
60,4,2,1,62745,4568,89,562,21,464,28,10,32,3,1117,7,8,11,29,"0,24137931",5,0,0,0,0,0,0,0
50,2,2,1,22212,4307,49,5,9,20,6,8,21,2,69,2,0,4,8,"0,25",6,0,0,0,0,0,0,0
43,3,1,1,23661,4312,46,18,0,4,0,0,1,1,23,1,0,3,5,"0,2",7,0,0,0,0,0,0,0
67,4,0,1,79761,4373,32,415,5,124,15,35,11,1,605,5,2,11,19,"0,263157895",3,0,0,0,0,0,0,0
52,1,0,1,7500,4290,54,5,3,10,12,7,20,4,57,3,1,3,11,"0,272727273",7,0,0,0,0,0,0,0
132,2,0,1,60182,4148,23,8,0,5,7,0,2,1,22,1,0,2,4,"0,25",4,0,0,0,0,0,0,0
57,1,4,0,73455,4349,98,901,61,757,186,163,20,1,2088,6,5,10,22,"0,272727273",3,0,0,0,1,0,0,0
67,1,1,1,64961,4658,97,382,114,276,75,124,38,2,1009,6,4,4,16,"0,375",3,0,0,0,0,0,0,0
54,1,0,1,22804,4438,75,14,1,7,2,1,1,1,26,2,0,2,5,"0,4",9,0,0,0,0,0,0,0
35,1,2,0,73687,4318,8,559,153,503,218,13,181,1,1627,3,9,9,22,"0,136363636",2,1,0,0,0,0,0,1
67,1,2,1,61074,4786,37,789,0,133,0,28,152,7,1102,11,5,8,31,"0,35483871",7,0,0,0,0,0,0,0
61,4,2,2,31686,4129,31,11,0,5,0,0,1,2,17,1,0,3,6,"0,166666667",6,0,0,0,0,0,0,0
53,1,2,1,80134,4510,40,1218,16,272,104,0,80,2,1690,5,3,6,16,"0,3125",6,1,0,0,1,1,0,1
72,1,2,1,75027,4641,74,925,64,179,133,12,77,2,1390,9,4,6,21,"0,428571429",5,0,0,0,0,0,0,0
37,4,2,0,67546,4772,90,864,134,768,150,38,172,1,2126,4,10,5,20,"0,2",3,0,0,0,0,0,0,0
56,3,1,1,65176,4713,57,960,28,183,220,70,70,4,1531,9,6,6,25,"0,36",6,0,0,0,0,0,0,0
50,3,0,1,31160,4391,59,16,3,25,6,1,13,2,64,2,0,3,7,"0,285714286",8,0,0,0,0,0,0,0
40,1,0,1,29938,4350,52,3,3,7,0,2,11,2,26,1,0,3,6,"0,166666667",6,0,0,0,0,0,0,0
51,1,3,0,102692,4555,5,168,148,444,32,172,148,1,1112,6,9,13,29,"0,206896552",2,1,1,0,1,1,0,1
67,2,1,0,26490,4750,92,45,47,52,21,20,25,2,210,3,1,5,11,"0,272727273",6,0,0,0,0,0,0,0
58,1,1,2,75702,4774,77,650,28,353,45,42,30,5,1148,4,6,11,26,"0,153846154",8,0,0,0,0,0,0,0
51,4,0,1,30899,4729,35,24,0,8,0,0,1,2,33,1,0,3,6,"0,166666667",6,0,0,0,0,0,0,0
64,4,1,1,63342,4726,48,918,21,118,13,10,21,3,1101,8,3,5,19,"0,421052632",6,0,0,0,1,0,0,0
61,1,0,1,45989,4720,97,138,33,87,28,24,12,4,322,3,2,7,16,"0,1875",3,0,0,0,0,0,0,0
61,1,0,2,18701,4495,95,12,4,2,10,6,10,4,44,2,0,4,10,"0,2",5,0,0,0,0,0,0,0
68,4,0,3,40737,4308,24,11,0,4,0,0,2,1,17,1,0,2,4,"0,25",8,0,0,0,0,0,0,0
46,1,3,1,15287,4732,60,1,2,8,4,3,13,2,31,1,1,2,6,"0,166666667",7,0,0,1,0,0,0,1
57,4,3,2,69674,4508,46,554,41,215,11,0,24,3,845,10,2,10,25,"0,4",5,0,0,0,0,0,0,0
55,3,2,1,44159,4117,85,167,2,62,24,13,7,4,275,4,1,6,15,"0,266666667",5,0,0,0,0,0,0,0
47,4,2,1,37717,4688,31,9,0,6,4,1,5,1,25,1,0,2,4,"0,25",9,0,0,0,0,0,0,0
73,3,1,2,43776,4616,9,177,2,71,3,2,20,6,275,5,2,4,17,"0,294117647",8,0,0,0,0,0,0,1
59,3,2,2,38179,4577,30,38,4,22,4,2,20,4,90,3,1,3,11,"0,272727273",7,0,0,0,0,0,0,0
62,1,2,0,80124,4108,47,483,84,398,205,84,241,1,1495,3,7,8,19,"0,157894737",1,0,0,1,0,0,0,0
55,4,2,2,38097,4727,70,77,2,35,0,1,69,4,184,3,2,2,11,"0,272727273",7,0,0,1,0,0,0,1
55,1,2,0,72940,4480,13,182,74,298,162,149,116,1,981,3,3,6,13,"0,230769231",1,0,0,0,0,0,0,0
55,1,1,1,22070,4373,11,10,7,19,8,2,21,2,67,2,2,2,8,"0,25",6,0,0,0,0,0,0,0
72,1,0,0,69267,4750,31,778,44,499,95,73,146,2,1635,3,4,5,14,"0,214285714",7,0,0,0,0,0,0,1
42,3,0,1,31788,4206,15,16,7,23,0,8,6,3,60,3,0,4,10,"0,3",5,0,0,0,0,0,1,0
50,4,1,1,61905,4250,2,167,0,43,6,2,13,2,231,4,2,4,12,"0,333333333",5,0,0,0,0,0,0,0
65,1,2,2,29315,4189,55,13,2,14,8,7,4,4,48,2,0,4,10,"0,2",6,0,0,0,0,0,0,0
62,1,3,2,33378,4613,38,33,6,40,3,7,10,3,99,2,0,4,9,"0,222222222",7,0,0,0,0,0,0,0
62,4,1,1,66313,4391,86,625,7,99,10,22,7,2,770,6,3,12,23,"0,260869565",4,0,0,0,0,0,0,0
69,1,0,0,60714,4633,56,216,162,224,101,92,162,2,957,7,4,10,23,"0,304347826",5,0,0,0,0,0,0,1
44,3,1,0,77882,4165,29,68,129,396,188,22,15,1,818,3,3,5,12,"0,25",1,0,0,0,0,0,0,0
39,4,0,0,69867,4558,30,196,0,512,33,130,54,1,925,3,5,8,17,"0,176470588",1,1,0,0,0,0,0,1
57,3,3,1,63841,4539,64,635,15,100,20,7,131,1,908,9,3,9,22,"0,409090909",6,0,0,0,0,0,0,0
44,0,2,1,24480,4608,46,4,19,9,28,25,17,3,102,3,0,4,10,"0,3",7,0,0,0,0,0,0,0
49,1,1,1,51369,4717,84,297,7,79,0,11,182,2,576,8,2,4,16,"0,5",8,0,0,0,0,0,0,0
79,1,1,0,37760,4772,20,84,5,38,150,12,28,2,317,4,1,6,13,"0,307692308",7,0,0,0,0,0,0,0
51,4,1,1,65640,4225,74,204,7,149,20,15,66,1,461,5,1,8,15,"0,333333333",2,0,0,0,0,0,0,0
50,3,2,2,44319,4178,18,26,0,8,0,0,3,2,37,2,0,3,7,"0,285714286",5,0,0,0,0,0,0,0
51,1,2,1,30631,4457,75,15,6,20,4,5,20,1,70,3,1,2,7,"0,428571429",7,0,0,0,0,0,0,0
73,1,1,0,75278,4621,17,304,98,230,150,74,74,1,930,6,3,13,23,"0,260869565",3,0,0,0,0,0,0,0
69,3,1,2,50898,4642,88,285,28,242,55,114,135,13,859,6,2,12,33,"0,181818182",5,0,0,0,0,0,0,0
59,1,4,0,79946,4153,19,395,183,565,166,141,28,1,1478,5,11,5,22,"0,227272727",3,0,0,0,0,0,0,0
76,3,3,0,35416,4486,62,248,3,81,4,3,51,3,390,7,1,5,16,"0,4375",8,0,0,0,0,0,0,0
41,2,1,0,32414,4465,11,20,6,5,0,9,12,1,52,1,0,3,5,"0,2",7,0,0,1,0,0,0,0
56,1,1,1,38361,4289,74,39,0,56,20,8,14,3,137,3,1,3,10,"0,3",7,0,0,0,0,0,0,0
45,1,2,0,82497,4711,32,777,129,573,216,21,203,1,1919,2,7,9,19,"0,105263158",4,0,0,0,0,1,0,0
54,1,1,2,16626,4270,76,8,3,22,21,1,13,3,68,3,0,3,9,"0,333333333",9,0,0,0,0,0,0,0
60,1,1,2,29672,4579,6,9,1,3,0,4,8,1,25,0,0,3,4,0,6,0,0,0,0,0,0,0
73,3,1,1,55951,4780,62,1241,0,80,0,13,40,3,1374,3,6,11,23,"0,130434783",8,0,1,0,1,0,0,0
37,2,3,1,35388,4584,20,6,4,7,4,3,8,1,32,1,0,3,5,"0,2",7,0,0,0,0,0,0,0
39,3,1,1,42386,4637,43,65,4,16,0,4,11,1,100,3,0,3,7,"0,428571429",8,0,0,0,0,0,0,0
43,1,0,0,68627,4638,45,395,15,263,60,54,38,1,825,2,3,6,12,"0,166666667",1,0,0,0,0,0,0,0
60,4,3,1,57912,4209,34,801,0,80,0,0,35,5,916,8,3,12,28,"0,285714286",5,0,0,0,1,0,0,0
67,1,3,2,35246,4179,53,36,0,12,2,2,10,4,62,3,1,3,11,"0,272727273",5,0,0,0,0,0,0,0
69,2,1,1,58821,4365,44,513,14,154,19,0,28,1,728,9,2,9,21,"0,428571429",6,0,0,0,0,0,0,0
47,4,2,1,46377,4225,89,37,0,46,4,3,0,1,90,2,1,3,7,"0,285714286",4,0,0,0,0,0,0,0
37,1,0,1,39747,4182,43,80,15,93,20,13,52,3,273,5,1,4,13,"0,384615385",8,0,0,0,0,0,0,0
41,1,1,1,23976,4289,68,14,1,21,2,3,25,3,66,3,1,3,10,"0,3",7,0,0,0,0,0,0,0
64,3,2,0,80950,4563,44,525,147,112,219,147,63,1,1213,6,7,9,23,"0,260869565",2,1,0,0,0,0,0,0
59,1,4,0,27038,4754,64,1,26,25,17,23,15,1,107,3,0,3,7,"0,428571429",9,0,0,0,0,0,0,1
78,1,0,0,77457,4221,85,675,11,400,15,45,11,1,1157,2,5,10,18,"0,111111111",1,0,0,0,0,1,0,0
61,3,2,1,64100,4397,93,509,0,27,0,0,10,1,546,8,3,6,18,"0,444444444",7,0,0,0,1,0,0,0
33,3,1,0,42670,4533,12,154,2,46,20,4,15,1,241,4,2,4,11,"0,363636364",4,0,0,0,0,0,0,0
49,1,3,1,12571,4267,86,3,5,14,2,12,17,4,53,3,1,3,11,"0,272727273",6,0,0,0,0,0,0,0
58,1,2,3,22574,4349,28,25,0,8,2,0,2,2,37,2,0,3,7,"0,285714286",7,0,0,0,0,0,0,0
49,3,0,0,70893,4613,42,768,44,561,77,44,14,1,1508,6,6,10,23,"0,260869565",3,0,0,0,0,0,0,0
59,1,2,2,54198,4299,13,185,0,28,3,2,17,6,235,3,1,6,16,"0,1875",4,0,0,0,0,0,0,0
69,3,1,2,28839,4215,86,24,0,7,0,0,1,2,32,2,0,3,7,"0,285714286",5,0,0,0,0,0,0,0
53,1,2,2,40321,4440,59,44,4,21,6,0,27,2,102,3,0,3,8,"0,375",7,0,0,0,0,0,0,0
40,1,0,1,66503,4789,30,91,64,128,65,3,50,2,401,4,3,6,15,"0,266666667",3,0,0,0,0,0,0,0
74,1,2,2,30833,4453,33,11,0,7,3,1,6,2,28,1,0,3,6,"0,166666667",5,0,0,0,0,0,0,0
54,1,2,1,64795,4633,23,412,5,119,38,29,77,3,680,3,3,12,21,"0,142857143",2,0,0,0,0,0,0,0
51,1,2,1,34421,4468,81,3,3,7,6,2,9,1,30,1,0,2,4,"0,25",7,0,0,0,0,0,0,0
60,4,3,2,47025,4245,6,16,0,3,0,0,1,1,20,1,0,2,4,"0,25",7,0,0,0,0,0,0,0
64,4,3,1,64325,4612,41,731,60,353,78,12,73,5,1307,10,3,5,23,"0,434782609",7,0,0,0,0,0,0,0
72,1,0,1,40464,4639,78,424,17,118,7,23,41,6,630,8,2,8,24,"0,333333333",8,0,0,0,0,0,0,0
68,1,2,0,62187,4464,49,792,0,275,45,45,126,1,1283,4,8,5,18,"0,222222222",3,0,0,0,0,0,0,0
49,4,3,1,14849,4467,39,21,2,28,3,2,9,3,65,2,0,4,9,"0,222222222",8,0,0,0,0,0,0,0
41,1,2,1,27255,4339,3,22,1,11,0,1,2,1,37,1,0,3,5,"0,2",7,0,0,0,0,0,0,0
75,4,2,3,54432,4521,37,33,0,5,0,0,0,1,38,1,0,3,5,"0,2",4,0,0,0,0,0,0,0
39,4,0,1,29999,4606,22,68,7,59,10,5,11,4,160,3,1,4,12,"0,25",8,0,0,0,0,0,0,0
42,1,0,1,24072,4544,79,9,1,6,3,0,4,1,23,1,0,2,4,"0,25",8,0,0,0,0,0,0,0
36,4,0,0,33996,4396,46,40,2,15,8,0,6,1,71,1,1,3,6,"0,166666667",4,0,0,0,0,0,0,0
69,4,2,1,66334,4557,82,909,11,218,0,0,23,2,1161,9,3,5,19,"0,473684211",5,0,0,0,0,0,0,1
54,3,2,1,35178,4640,10,23,1,13,2,2,18,1,59,1,1,2,5,"0,2",7,0,0,1,0,0,0,1
42,1,1,1,22010,4469,51,11,2,9,3,0,8,2,33,2,0,3,7,"0,285714286",8,0,0,0,0,0,0,0
65,1,3,2,62204,4760,38,317,46,247,151,46,139,1,946,4,5,12,22,"0,181818182",3,0,0,0,0,0,0,0
57,1,3,0,75693,4675,10,797,153,293,72,97,30,1,1442,11,4,6,22,"0,5",4,1,0,0,1,1,0,1
53,1,2,1,30675,4699,14,10,2,16,11,2,21,1,62,1,0,3,5,"0,2",8,0,0,0,0,0,0,0
60,1,1,0,83003,4588,18,856,61,570,40,25,122,1,1674,7,6,8,22,"0,318181818",3,0,0,0,0,1,0,1
126,4,1,0,83532,4381,36,755,144,562,104,64,224,1,1853,4,6,4,15,"0,266666667",1,0,0,0,0,1,0,0
37,1,0,0,68655,4793,95,456,19,832,75,118,38,1,1538,4,5,11,21,"0,19047619",3,0,0,0,0,0,0,0
39,1,3,0,41411,4309,11,37,32,38,11,3,18,1,139,2,1,4,8,"0,25",6,0,0,0,0,0,0,0
56,4,2,1,55212,4688,65,1103,0,45,0,0,34,3,1182,4,2,11,20,"0,2",8,0,1,0,1,0,0,0
75,4,1,1,59292,4486,71,378,14,68,19,14,14,2,507,3,5,8,18,"0,166666667",3,0,0,0,0,0,0,0
52,0,1,1,27190,4423,13,1,6,7,0,1,3,1,18,1,0,2,4,"0,25",8,0,0,1,0,0,0,1
73,1,3,0,82623,4336,58,204,34,204,172,153,173,1,940,2,9,4,16,"0,125",1,0,0,0,0,0,0,0
60,1,2,2,44300,4476,65,30,0,9,0,0,3,2,42,1,0,3,6,"0,166666667",6,0,0,0,0,0,0,0
55,1,3,0,84835,4118,0,189,104,379,111,189,218,1,1190,4,4,6,15,"0,266666667",1,0,0,0,0,0,0,1
54,1,4,2,30372,4656,33,15,0,12,7,3,7,3,44,2,0,3,8,"0,25",7,0,0,0,0,0,0,0
49,3,2,1,33181,4282,90,9,0,3,0,0,4,1,16,1,0,2,4,"0,25",6,0,0,1,0,0,0,0
68,1,2,1,71113,4299,95,495,33,255,11,33,8,4,835,6,7,9,26,"0,230769231",4,0,0,0,0,0,0,0
39,1,2,1,71952,4640,93,656,80,455,52,107,93,2,1443,8,4,8,22,"0,363636364",4,0,0,1,0,1,0,0
59,4,0,0,69759,4349,38,452,20,514,13,30,0,3,1029,4,6,5,18,"0,222222222",3,0,0,0,0,0,0,1
51,1,2,0,72099,4715,18,546,91,410,119,0,22,1,1188,3,4,10,18,"0,166666667",1,0,0,0,0,0,0,0
49,4,0,1,60000,4659,57,1048,0,217,0,0,12,5,1277,11,3,5,24,"0,458333333",6,0,0,0,0,0,0,0
47,1,0,2,38643,4317,45,22,2,14,0,1,10,2,49,2,0,3,7,"0,285714286",7,0,0,0,0,0,1,0
70,1,2,1,50737,4519,61,78,0,11,0,0,10,1,99,2,0,4,7,"0,285714286",6,0,0,0,1,0,0,0
56,4,2,0,68462,4669,6,561,64,785,84,128,48,1,1670,3,3,8,15,"0,2",1,0,0,0,0,0,0,0
82,3,2,0,65073,4418,65,629,17,177,69,0,8,1,900,5,3,5,14,"0,357142857",2,0,0,0,0,0,1,0
77,4,1,2,46681,4369,52,269,15,69,15,19,38,2,425,4,6,4,16,"0,25",5,0,0,0,0,0,0,0
68,1,2,0,78618,4744,87,736,163,818,212,163,61,1,2153,4,7,10,22,"0,181818182",2,0,0,0,1,0,0,0
56,4,4,1,62187,4204,38,512,0,83,0,0,41,3,636,6,2,10,21,"0,285714286",4,0,0,0,0,0,0,0
47,1,2,2,28442,4230,53,19,3,10,11,8,6,3,57,2,1,4,10,"0,2",4,0,0,0,0,0,0,0
47,4,2,1,37717,4688,31,9,0,6,4,1,5,1,25,1,0,2,4,"0,25",9,0,0,0,0,0,0,0
58,1,2,2,51479,4653,67,247,8,160,6,8,65,7,494,6,3,6,22,"0,272727273",7,0,0,0,0,0,0,0
56,1,0,1,54803,4782,65,404,0,92,28,27,142,2,693,6,2,9,19,"0,315789474",4,0,0,0,0,0,0,0
65,1,2,0,79530,4513,64,333,0,815,129,42,29,1,1348,4,10,11,26,"0,153846154",2,0,0,0,0,0,0,0
49,1,3,1,31615,4575,82,2,3,20,6,11,9,2,51,2,0,3,7,"0,285714286",7,0,0,0,0,0,0,0
63,1,1,0,72025,4694,27,833,33,549,151,133,233,1,1932,4,3,8,16,"0,25",3,0,0,0,0,0,0,0
50,4,0,1,52614,4680,63,789,0,142,12,9,38,2,990,2,4,8,16,"0,125",8,0,0,0,0,0,0,0
41,2,2,1,35684,4173,66,10,4,7,0,6,3,1,30,1,0,3,5,"0,2",6,0,0,0,0,0,0,0
50,1,2,2,48178,4714,69,159,4,45,6,2,38,6,254,5,1,4,16,"0,3125",8,0,0,0,0,0,0,0
55,3,0,1,29548,4409,52,7,1,6,3,1,11,1,29,1,1,2,5,"0,2",4,0,0,1,0,0,0,0
59,1,0,1,63810,4700,45,977,12,253,16,12,101,4,1371,4,3,12,23,"0,173913043",8,0,0,0,1,0,0,0
53,4,0,2,38578,4477,2,38,4,22,3,3,3,3,73,3,0,3,9,"0,333333333",8,0,0,0,0,0,0,1
50,3,0,2,46098,4785,86,57,0,27,0,0,36,4,120,3,2,2,11,"0,272727273",8,0,0,0,0,0,0,0
55,1,0,0,22585,4573,23,3,9,15,13,2,39,1,81,1,1,2,5,"0,2",9,0,0,1,0,0,0,1
36,1,0,1,30279,4651,13,10,4,14,4,4,1,1,37,1,0,3,5,"0,2",8,0,0,0,0,0,0,0
64,4,1,1,66426,4375,14,1043,24,97,32,24,157,2,1377,3,5,10,20,"0,15",6,0,0,0,0,0,0,0
56,1,0,1,30822,4485,92,3,9,13,2,12,12,1,51,1,0,3,5,"0,2",7,0,0,0,0,0,0,0
56,4,2,2,33581,4642,38,11,0,5,0,0,1,1,17,1,0,2,4,"0,25",8,0,0,0,0,0,0,0
40,1,2,1,19986,4332,74,3,6,5,0,2,6,1,22,0,0,3,4,0,7,0,0,0,0,0,0,0
71,1,4,0,27421,4669,14,43,12,96,78,40,55,3,324,4,1,6,14,"0,285714286",7,0,0,0,0,0,0,0
52,2,2,3,35688,4781,94,73,3,90,12,1,32,7,211,4,1,4,16,"0,25",8,0,0,0,0,0,0,0
44,3,0,1,36143,4196,33,12,0,1,0,0,6,1,19,0,1,2,4,0,3,0,0,0,0,0,0,0
54,1,0,1,10245,4515,32,4,7,7,6,4,13,3,41,1,2,2,8,"0,125",5,0,0,0,0,0,0,0
57,3,1,1,43795,4361,11,314,11,53,4,3,107,3,492,7,3,4,17,"0,411764706",7,0,0,0,1,0,0,1
65,1,1,1,63381,4737,78,571,50,142,33,50,159,4,1005,4,5,13,26,"0,153846154",2,0,0,0,0,0,0,0
76,1,1,1,38823,4773,56,70,0,11,2,8,23,1,114,2,1,3,7,"0,285714286",6,0,0,0,0,0,0,0
57,4,3,2,83664,4522,57,866,21,151,28,21,86,3,1173,2,2,12,19,"0,105263158",5,0,0,0,0,0,0,0
46,1,1,0,90300,4282,7,594,134,786,33,134,57,0,1738,5,6,8,19,"0,263157895",1,0,0,0,0,1,0,0
46,3,1,1,62499,4307,0,140,4,61,0,13,4,2,222,3,1,6,12,"0,25",4,0,0,0,0,0,0,0
32,1,0,0,74293,4161,66,375,152,335,93,91,81,1,1127,5,4,6,16,"0,3125",2,0,0,0,0,0,0,0
79,4,2,0,51012,4542,86,102,9,63,2,9,24,1,209,4,1,4,10,"0,4",6,0,0,0,0,0,0,0
57,3,2,1,70777,4229,80,554,35,113,0,7,78,3,787,5,3,12,23,"0,217391304",3,0,0,0,0,0,0,0
34,4,1,0,68682,4371,56,919,0,505,99,30,45,1,1598,4,9,10,24,"0,166666667",2,0,0,0,0,0,0,0
54,1,2,2,43824,4757,18,96,1,42,12,3,32,4,186,3,1,4,12,"0,25",8,0,0,0,0,0,0,0
41,1,1,1,15345,4772,51,5,2,16,3,2,19,2,47,1,1,2,6,"0,166666667",8,0,0,0,0,0,0,1
38,1,0,1,23442,4657,71,2,0,6,8,6,5,1,27,1,0,3,5,"0,2",7,0,0,0,0,0,0,0
45,2,1,1,14515,4702,71,6,4,9,6,36,35,4,96,2,2,3,11,"0,181818182",7,0,0,0,0,0,0,1
69,2,3,2,31395,4568,80,23,1,25,0,8,7,4,64,2,1,3,10,"0,2",6,0,0,0,0,0,0,0
60,1,1,0,75276,4745,2,610,105,125,137,42,21,1,1040,9,4,9,23,"0,391304348",5,0,0,0,0,0,0,0
51,1,0,2,42373,4423,83,67,5,61,3,8,19,5,163,2,1,5,13,"0,153846154",5,0,0,0,0,0,0,0
65,1,1,0,30507,4580,29,65,36,74,38,20,110,1,343,5,1,4,11,"0,454545455",7,0,0,0,0,0,0,0
70,4,0,3,55521,4355,11,416,0,26,0,0,4,9,446,6,3,6,24,"0,25",7,0,0,0,1,0,0,1
60,1,2,2,48006,4125,55,23,0,11,3,2,2,1,41,1,0,3,5,"0,2",6,0,0,0,0,0,0,0
53,4,0,1,27213,4773,19,19,3,26,10,9,3,3,70,2,0,4,9,"0,222222222",8,0,0,0,0,0,0,1
54,4,3,2,65808,4135,1,155,7,80,13,7,10,3,272,5,1,5,14,"0,357142857",6,0,0,0,0,0,0,0
51,4,1,1,30351,4493,19,14,0,24,3,3,2,1,46,3,0,2,6,"0,5",9,0,0,0,0,0,0,0
62,1,2,2,50437,4725,28,370,9,92,6,9,4,3,490,7,1,8,19,"0,368421053",7,0,0,0,0,0,0,0
43,2,0,1,23616,4694,76,4,22,11,3,7,32,2,79,3,0,3,8,"0,375",8,0,0,0,0,0,0,1
49,1,2,1,53858,4702,50,407,53,221,58,150,26,4,915,4,3,6,17,"0,235294118",4,0,0,0,0,0,0,0
70,4,2,1,66465,4561,1,1200,0,204,38,29,14,3,1485,11,9,12,35,"0,314285714",6,1,0,0,0,0,0,0
38,1,0,1,46923,4781,90,85,44,54,102,78,6,3,369,5,1,7,16,"0,3125",7,0,0,0,0,0,0,0
63,1,1,1,75072,4627,83,583,34,309,0,22,125,2,1073,5,4,8,19,"0,263157895",3,0,0,0,0,0,0,0
82,4,2,0,75865,4195,73,483,0,591,156,0,12,1,1242,3,5,10,19,"0,157894737",1,0,0,0,0,0,0,0
50,2,1,1,19789,4326,24,2,5,9,28,6,28,3,78,2,1,3,9,"0,222222222",5,0,0,1,0,0,0,0
31,1,1,0,80134,4240,11,966,26,282,52,26,26,1,1378,2,7,11,21,"0,095238095",5,1,1,0,1,1,0,0
44,1,0,0,91065,4597,33,822,114,108,179,137,114,1,1474,7,9,9,26,"0,269230769",3,1,0,0,0,1,0,1
54,3,2,2,49505,4586,4,604,0,100,19,0,28,9,751,10,2,8,29,"0,344827586",8,0,0,0,0,0,0,0
52,4,2,1,37401,4159,14,19,3,19,3,1,3,2,48,2,0,3,7,"0,285714286",7,0,0,0,0,0,0,0
42,1,2,1,30096,4143,30,5,3,11,12,5,9,1,45,2,0,3,6,"0,333333333",6,0,0,0,0,0,0,0
43,3,1,1,18492,4129,75,2,2,2,2,1,1,1,10,1,0,2,4,"0,25",8,0,0,0,0,0,0,0
51,3,2,0,82584,4495,26,1076,68,103,29,91,68,1,1435,3,4,8,16,"0,1875",1,0,0,0,1,1,0,1
84,4,2,0,93027,4547,77,1285,42,716,55,0,21,0,2119,7,10,5,22,"0,318181818",2,0,0,0,0,1,0,0
72,1,2,3,48686,4312,8,10,0,7,2,0,1,1,20,1,0,2,4,"0,25",8,0,0,0,0,0,0,0
39,1,2,0,92910,4171,42,551,137,792,179,103,33,1,1795,6,7,13,27,"0,222222222",1,1,0,0,1,1,0,0
36,1,2,1,75433,4190,28,800,0,297,0,34,57,2,1188,2,5,10,19,"0,105263158",6,1,0,0,1,0,0,0
36,2,1,1,10404,4161,52,2,2,11,10,6,12,2,43,1,0,4,7,"0,142857143",5,0,0,0,0,0,0,0
57,1,2,1,61314,4535,1,378,0,189,97,172,172,2,1008,5,5,12,24,"0,208333333",3,0,0,0,0,0,0,0
64,4,0,0,84865,4521,1,1248,16,349,43,16,16,1,1688,2,4,9,16,"0,125",4,1,1,0,1,1,0,1
36,1,2,1,42387,4713,42,235,0,235,19,4,191,5,684,8,1,7,21,"0,380952381",8,0,0,0,0,0,0,0
58,2,1,2,67309,4627,76,515,47,181,149,95,95,15,1082,9,6,9,39,"0,230769231",7,0,0,0,0,0,0,0
61,1,2,1,75236,4321,27,438,66,400,12,38,114,1,1068,8,3,13,25,"0,32",4,0,0,0,0,0,0,0
55,1,0,1,30015,4252,28,25,0,22,2,3,5,2,57,1,0,4,7,"0,142857143",5,0,0,0,0,0,0,0
69,3,1,1,50943,4478,49,31,0,7,2,0,6,1,46,1,0,3,5,"0,2",5,0,0,0,0,0,0,0
59,1,3,1,67272,4295,12,357,35,271,28,28,14,3,733,6,2,12,23,"0,260869565",5,0,0,0,0,0,0,0
76,3,4,1,51529,4400,14,400,4,35,6,0,22,2,467,9,1,5,17,"0,529411765",8,0,0,0,0,0,0,0
54,4,2,1,32011,4416,89,99,0,15,2,1,5,3,122,2,1,4,10,"0,2",7,0,0,0,0,0,0,0
39,2,2,1,7500,4612,96,1,11,5,4,6,9,2,36,2,0,3,7,"0,285714286",8,0,0,0,0,0,0,0
36,1,2,1,28691,4465,56,5,4,13,8,0,4,1,34,1,0,3,5,"0,2",8,0,0,0,0,0,0,0
77,4,2,1,56223,4296,72,77,28,31,16,0,4,2,156,2,1,5,10,"0,2",4,0,0,0,0,0,0,0
79,1,2,0,18100,4432,14,3,1,2,4,3,1,1,14,0,0,3,4,0,5,0,0,0,0,0,0,0
36,1,0,1,30279,4651,13,10,4,14,4,4,1,1,37,1,0,3,5,"0,2",8,0,0,0,0,0,0,0
51,2,2,0,20130,4209,99,0,6,3,7,6,12,1,34,1,0,3,5,"0,2",8,0,0,0,0,0,0,0
66,1,3,0,23295,4456,72,0,0,1,2,12,5,1,20,1,0,2,4,"0,25",8,0,0,0,0,0,0,0
53,3,3,1,42618,4368,92,76,14,74,13,5,10,2,192,5,0,4,11,"0,454545455",8,0,0,0,0,0,0,0
61,1,0,0,81246,4287,87,398,190,537,61,156,37,1,1379,4,5,7,17,"0,235294118",1,1,0,1,0,0,0,0
49,1,2,1,24027,4490,7,14,7,11,11,0,5,2,48,2,0,3,7,"0,285714286",8,0,0,0,0,0,0,0
72,4,2,1,55707,4294,91,208,7,82,30,66,35,2,428,3,2,9,16,"0,1875",3,0,0,0,0,0,0,0
70,1,0,1,57959,4528,71,430,16,322,43,24,33,5,868,4,7,11,27,"0,148148148",3,0,0,0,0,0,0,0
56,1,2,1,56796,4603,24,656,38,161,62,47,37,3,1001,8,9,7,27,"0,296296296",7,0,0,0,0,0,0,0
54,3,0,1,36230,4360,17,14,2,30,8,2,3,1,59,2,0,4,7,"0,285714286",5,0,0,0,0,0,0,0
45,2,2,2,70829,4315,87,141,70,106,72,19,23,2,431,4,2,8,16,"0,25",3,0,0,0,0,0,0,0
49,1,2,1,65991,4765,21,507,19,364,25,47,9,3,971,9,5,10,27,"0,333333333",7,0,0,0,0,0,0,0
53,1,2,3,38988,4783,90,164,24,103,12,3,42,7,348,5,1,6,19,"0,263157895",8,0,0,0,0,0,0,0
59,2,0,0,89572,4757,44,606,24,974,197,194,64,1,2059,7,7,9,24,"0,291666667",4,1,0,0,1,0,0,1
41,3,2,1,42207,4559,71,116,11,72,3,17,46,4,265,4,1,5,14,"0,285714286",6,0,0,1,0,0,0,1
73,1,2,1,50300,4140,52,143,15,60,24,23,5,2,270,2,1,8,13,"0,153846154",2,0,0,0,0,0,0,0
43,2,1,0,66664,4747,78,398,96,447,220,96,32,1,1289,5,7,6,19,"0,263157895",3,0,0,0,0,0,0,0
61,1,2,1,60597,4284,2,522,0,257,32,16,66,4,893,2,2,8,16,"0,125",7,1,0,0,0,0,0,1
76,1,4,0,70165,4385,60,161,0,253,199,191,122,1,926,3,7,11,22,"0,136363636",1,0,0,0,0,0,0,0
67,4,4,1,50520,4257,25,112,0,6,2,1,14,2,135,3,1,3,9,"0,333333333",6,0,0,0,0,0,0,0
62,1,2,0,80124,4108,47,483,84,398,205,84,241,1,1495,3,7,8,19,"0,157894737",1,0,0,1,0,0,0,0
50,1,2,1,33183,4230,46,7,5,39,17,15,37,2,120,4,0,3,9,"0,444444444",7,0,0,0,0,0,0,0
56,4,0,0,66582,4223,83,789,25,420,16,38,0,1,1288,2,8,9,20,"0,1",1,0,0,0,0,0,0,0
70,4,1,0,75261,4537,17,1239,17,413,23,34,17,1,1743,5,6,5,17,"0,294117647",2,0,0,0,1,1,0,1
55,1,4,1,31880,4711,13,4,1,5,2,0,3,1,15,1,0,2,4,"0,25",8,0,0,0,0,0,0,0
74,1,2,2,53790,4220,86,335,42,127,28,5,5,3,542,7,2,8,20,"0,35",6,0,0,0,0,0,0,0
54,4,1,1,49269,4788,92,639,8,166,11,8,58,3,890,7,3,12,25,"0,28",7,0,0,0,0,0,0,0
50,1,2,1,61456,4564,47,563,76,384,84,192,89,4,1388,6,10,13,33,"0,181818182",4,0,0,0,0,0,0,0
45,1,2,1,37406,4367,18,2,0,8,2,2,3,1,17,1,0,2,4,"0,25",8,0,0,0,0,0,0,1
44,4,1,1,56937,4799,81,746,8,125,11,8,8,7,906,8,6,9,30,"0,266666667",6,0,0,0,1,0,0,1
47,1,2,2,38415,4648,91,22,1,13,4,0,4,2,44,1,0,3,6,"0,166666667",7,0,0,0,0,0,0,0
37,1,0,1,20518,4147,58,4,1,6,4,1,9,1,25,1,1,2,5,"0,2",5,0,0,0,0,0,0,0
69,1,2,1,62503,4601,40,478,0,193,110,75,117,4,973,8,3,11,26,"0,307692308",5,0,0,0,0,0,0,0
53,4,0,2,41644,4156,67,20,3,4,2,0,2,2,31,1,0,3,6,"0,166666667",3,0,0,0,0,0,0,0
48,3,2,1,55842,4142,19,451,0,39,0,4,24,1,518,7,1,8,17,"0,411764706",5,0,0,0,0,0,0,0
53,4,2,1,62010,4719,93,371,22,39,6,0,92,4,530,6,2,7,19,"0,315789474",5,0,0,0,0,0,0,0
48,1,2,1,41124,4711,41,281,7,84,15,0,119,7,506,7,3,4,21,"0,333333333",8,0,0,0,0,0,0,0
52,3,2,1,38961,4286,60,19,7,19,0,1,24,1,70,2,1,2,6,"0,333333333",7,0,0,0,0,0,0,0
53,3,3,1,37760,4427,54,26,3,13,2,10,0,1,54,2,0,3,6,"0,333333333",6,0,0,0,0,0,0,0
51,1,0,1,32233,4784,26,138,15,35,25,11,72,2,296,6,2,2,12,"0,5",9,0,0,1,0,0,0,1
50,1,2,1,43057,4347,30,213,2,44,0,2,5,4,266,4,2,5,15,"0,266666667",5,0,0,0,0,0,0,0
65,3,1,0,83151,4732,93,407,28,100,120,74,18,1,747,5,9,4,19,"0,263157895",3,0,0,0,0,0,0,0
61,4,3,0,78825,4758,35,483,74,114,169,37,18,1,895,5,10,13,29,"0,172413793",3,0,0,0,0,0,0,1
49,3,1,1,65104,4332,4,738,0,232,13,20,50,2,1053,3,5,7,17,"0,176470588",7,0,0,0,0,0,0,0
51,1,2,1,60093,4473,92,502,12,109,16,6,90,2,735,7,2,10,21,"0,333333333",6,0,0,0,0,0,0,0
56,1,2,1,14045,4259,24,11,0,5,2,1,1,1,20,1,0,3,5,"0,2",7,0,0,0,0,0,0,0
73,2,4,0,28457,4714,96,24,1,108,29,29,14,1,205,4,1,4,10,"0,4",8,0,0,0,0,0,0,0
67,4,1,1,78952,4748,11,1170,19,594,99,76,134,2,2092,2,5,12,21,"0,095238095",6,0,0,0,0,0,0,0
49,1,3,1,46310,4678,99,185,2,88,15,5,14,2,309,6,1,5,14,"0,428571429",8,0,0,0,0,0,0,0
70,1,1,0,76005,4597,72,983,20,389,240,50,40,1,1722,3,5,13,22,"0,136363636",6,1,0,0,0,0,0,0
61,3,0,1,58308,4638,77,691,0,69,10,0,130,4,900,2,6,3,15,"0,133333333",8,0,0,0,0,0,0,0
81,4,3,0,55614,4319,85,504,13,131,8,0,26,1,682,9,4,6,20,"0,45",7,0,0,0,1,0,0,0
63,3,3,1,59432,4547,88,317,25,265,25,19,12,3,663,5,3,11,22,"0,227272727",5,0,0,0,0,0,0,0
47,1,3,1,55563,4190,22,29,1,9,2,0,2,1,43,2,0,3,6,"0,333333333",3,0,0,0,0,0,0,0
54,4,1,1,78642,4539,83,1396,0,322,46,35,17,1,1816,4,9,4,18,"0,222222222",6,0,0,0,0,0,0,0
76,4,1,1,67911,4143,63,529,0,356,63,28,0,3,976,6,7,11,27,"0,222222222",3,0,0,0,0,0,0,0
81,1,2,0,65275,4557,9,388,14,218,91,14,21,1,746,4,3,13,21,"0,19047619",2,0,0,0,0,0,0,0
75,1,1,2,27203,4797,92,13,2,21,4,0,24,2,64,1,1,2,6,"0,166666667",8,0,0,0,0,0,0,0
64,3,1,1,48330,4331,2,28,0,4,0,0,0,1,32,1,0,3,5,"0,2",5,0,0,0,0,0,0,0
35,0,2,0,24279,4652,6,16,36,21,20,62,108,1,263,4,1,3,9,"0,444444444",8,0,0,0,0,0,0,0
40,4,2,1,64355,4779,66,1047,0,140,67,38,153,2,1445,4,3,12,21,"0,19047619",8,0,0,0,0,0,0,0
69,3,1,1,50943,4478,49,31,0,7,2,0,6,1,46,1,0,3,5,"0,2",5,0,0,0,0,0,0,0
72,1,4,0,53653,4704,29,815,10,239,28,10,108,2,1210,10,4,12,28,"0,357142857",6,0,0,0,0,0,0,0
49,1,2,1,65665,4314,77,225,162,387,106,36,29,1,945,5,10,8,24,"0,208333333",3,0,0,0,0,0,0,0
36,1,0,0,81217,4450,77,493,70,324,146,40,84,1,1157,3,7,11,22,"0,136363636",1,0,0,0,0,0,0,0
33,1,2,0,34935,4478,71,34,4,66,3,10,20,1,137,2,1,4,8,"0,25",7,0,0,0,0,0,0,0
66,1,3,1,61250,4665,49,382,138,65,60,26,59,6,730,5,2,12,25,"0,2",5,0,0,0,0,0,0,0
44,4,1,1,39665,4505,97,127,1,56,0,1,31,3,216,4,2,3,12,"0,333333333",7,0,0,1,0,0,0,0
46,1,0,1,60152,4563,6,325,83,300,86,58,91,1,943,6,4,12,23,"0,260869565",3,0,0,0,0,0,0,0
61,1,2,2,48920,4357,93,238,17,68,8,10,6,3,347,6,2,5,16,"0,375",7,0,0,0,1,0,0,0
66,3,1,0,89120,4209,78,1168,92,408,72,129,55,1,1924,5,6,7,19,"0,263157895",1,0,0,0,0,1,0,0
79,4,1,1,44124,4519,62,284,0,55,0,6,52,4,397,6,2,5,17,"0,352941176",8,0,0,0,0,0,0,0
50,3,0,0,81169,4546,47,1288,20,613,80,61,27,1,2089,5,7,9,22,"0,227272727",2,0,0,0,0,0,0,0
64,1,2,2,36443,4616,9,65,0,46,4,3,20,4,138,3,1,3,11,"0,272727273",8,0,0,0,0,0,0,0
35,1,0,1,26095,4469,77,11,7,9,3,1,11,1,42,1,0,3,5,"0,2",7,0,0,0,0,0,0,0
66,1,1,0,71367,4415,24,227,23,389,42,21,75,1,777,4,5,7,17,"0,235294118",2,0,0,0,0,0,0,0
81,3,2,0,80184,4225,19,1035,134,670,25,38,0,1,1902,6,3,10,20,"0,3",3,1,0,0,0,1,0,0
60,1,3,2,30630,4258,67,27,1,12,2,0,10,2,52,2,0,3,7,"0,285714286",7,0,0,0,0,0,0,0
38,3,0,0,73454,4225,95,982,73,351,56,14,175,1,1651,2,4,6,13,"0,153846154",5,0,0,1,0,0,0,0
34,1,2,0,42691,4422,48,179,2,64,38,17,58,1,358,5,1,6,13,"0,384615385",5,0,0,0,0,0,0,0
72,1,2,0,70503,4742,73,1379,33,216,0,33,66,1,1727,2,4,9,16,"0,125",6,0,0,0,1,1,0,0
38,1,2,1,25545,4764,35,32,1,64,16,12,85,3,210,2,2,3,10,"0,2",6,0,0,0,0,0,0,1
39,1,2,1,32880,4677,76,8,4,15,7,6,2,1,42,1,0,3,5,"0,2",8,0,0,0,0,0,0,0
67,4,1,0,77863,4319,20,881,38,319,16,25,12,1,1291,4,5,10,20,"0,2",2,0,0,0,0,0,0,0
48,3,2,0,50353,4126,72,141,15,153,67,31,35,1,442,4,4,6,15,"0,266666667",3,0,0,0,0,0,0,0
61,1,0,0,61839,4791,20,1000,155,379,224,17,120,1,1895,4,8,4,17,"0,235294118",8,0,0,0,0,0,0,0
65,4,2,2,49154,4343,69,206,10,67,30,27,71,6,411,4,1,8,19,"0,210526316",6,0,0,0,0,0,0,0
50,2,4,1,47682,4604,80,162,61,83,97,57,61,4,521,4,3,8,19,"0,210526316",5,0,0,0,0,0,0,0
56,1,0,1,72679,4389,65,619,54,260,127,54,54,1,1168,4,7,5,17,"0,235294118",1,0,0,0,0,0,0,0
48,3,1,2,57954,4116,52,456,4,24,0,0,9,7,493,8,2,6,23,"0,347826087",7,0,0,0,1,0,0,0
63,1,2,2,65316,4536,65,112,6,92,3,9,38,2,260,3,2,5,12,"0,25",4,0,0,0,0,0,0,0
43,1,0,1,28567,4482,57,11,3,22,2,2,6,2,46,2,0,3,7,"0,285714286",6,0,0,0,0,0,0,0
74,3,1,1,47352,4549,70,172,12,112,8,0,15,4,319,6,1,5,16,"0,375",7,0,0,0,0,0,0,0
58,1,1,1,44931,4267,0,78,0,11,0,0,7,1,96,2,1,3,7,"0,285714286",5,0,0,0,0,0,0,0
58,1,3,0,76982,4239,19,464,151,292,65,60,30,1,1062,8,3,4,16,"0,5",4,0,0,0,0,1,0,1
73,2,1,1,57247,4430,50,99,4,32,37,54,6,2,232,2,1,7,12,"0,166666667",2,0,0,0,0,0,0,0
44,3,0,1,22944,4293,67,19,3,19,4,5,26,3,76,3,0,3,9,"0,333333333",7,0,0,0,0,0,0,0
48,2,1,1,25315,4339,46,1,9,8,11,3,22,3,54,3,0,3,9,"0,333333333",8,0,0,0,0,0,0,0
56,1,4,1,43638,4797,37,63,10,83,7,19,19,2,201,4,1,4,11,"0,363636364",7,0,0,0,0,0,0,0
41,4,0,1,42710,4683,38,252,3,42,4,3,102,2,406,4,5,3,14,"0,285714286",6,0,0,0,0,0,0,0
43,4,2,0,84169,4431,9,1478,19,403,0,19,0,1,1919,7,6,6,20,"0,35",3,0,0,0,1,1,0,1
49,1,1,1,54058,4495,56,198,18,252,32,108,54,2,662,4,6,8,20,"0,2",3,0,0,0,0,0,0,0
35,2,2,1,24683,4218,98,8,4,10,6,7,6,2,41,2,0,4,8,"0,25",5,0,0,0,0,0,0,0
61,1,4,0,85620,4278,68,416,46,925,60,107,46,1,1600,3,6,4,14,"0,214285714",1,0,0,0,0,0,0,1
45,1,2,1,47850,4313,72,42,7,43,20,12,10,1,134,3,0,4,8,"0,375",6,0,0,0,0,0,0,0
57,1,2,2,19514,4259,47,14,3,21,2,1,28,4,69,3,1,2,10,"0,3",8,0,0,1,0,0,0,1
52,3,2,2,27159,4197,33,17,0,3,0,0,1,2,21,1,0,3,6,"0,166666667",6,0,0,0,0,0,0,0
62,2,0,2,39548,4195,87,15,4,10,3,4,18,2,54,1,1,3,7,"0,142857143",3,0,0,0,0,0,0,0
36,1,0,1,21474,4187,0,6,16,24,11,0,34,2,91,3,1,2,8,"0,375",7,0,0,1,0,0,0,1
54,4,0,1,60504,4247,73,458,0,24,6,4,34,2,526,6,2,8,18,"0,333333333",6,0,0,0,0,0,0,0
62,1,2,0,22419,4542,74,30,3,47,19,21,42,1,162,3,2,2,8,"0,375",8,0,0,0,0,0,0,0
76,3,2,0,81698,4340,4,179,28,520,111,123,47,1,1008,3,8,13,25,"0,12",1,0,0,0,0,0,0,1
73,1,1,2,43462,4760,50,90,17,97,15,6,15,6,240,4,1,5,16,"0,25",8,0,0,0,0,0,0,0
47,4,0,1,54880,4590,57,308,85,137,102,45,118,2,795,6,2,11,21,"0,285714286",5,0,0,0,0,0,0,0
43,1,2,0,79908,4555,30,557,129,761,29,185,111,1,1772,5,6,7,19,"0,263157895",2,0,0,0,0,1,0,0
55,2,2,0,15315,4435,27,7,4,13,15,8,17,2,64,2,0,4,8,"0,25",5,0,0,0,0,0,0,0
66,1,1,1,87771,4508,61,1492,38,287,50,57,33,1,1957,5,10,4,20,"0,25",6,1,1,0,1,1,0,1
47,1,2,1,33039,4398,4,30,8,12,8,8,12,1,78,2,0,4,7,"0,285714286",5,0,0,0,0,0,0,0
45,1,0,0,81741,4483,75,249,153,940,58,134,38,0,1572,6,6,7,19,"0,315789474",2,0,0,0,0,0,0,0
54,3,1,1,71499,4474,12,465,25,132,136,0,37,2,795,8,3,13,26,"0,307692308",4,0,0,0,0,0,0,0
55,2,2,1,62466,4270,13,129,129,259,168,121,83,5,889,6,3,12,26,"0,230769231",4,0,0,0,0,0,0,0
62,4,3,1,48799,4341,9,174,18,81,28,6,24,3,331,3,2,7,15,"0,2",3,0,0,0,0,0,0,0
75,4,1,1,52157,4127,48,189,2,29,3,2,40,2,265,3,2,5,12,"0,25",4,0,0,0,0,0,0,0
63,1,0,1,66565,4676,80,747,10,161,65,40,42,4,1065,4,2,9,19,"0,210526316",8,0,0,0,0,0,0,0
74,3,1,2,29298,4400,60,6,0,2,2,0,1,1,11,1,0,2,4,"0,25",5,0,0,0,0,0,0,0
46,1,0,1,47691,4464,43,14,0,3,0,0,4,1,21,1,0,2,4,"0,25",6,0,0,0,0,0,0,0
55,1,1,2,38200,4674,19,12,0,4,0,0,1,1,17,1,0,2,4,"0,25",7,0,0,0,0,0,0,0
51,1,2,1,44989,4760,26,98,0,106,49,10,106,5,369,5,1,5,16,"0,3125",6,0,0,0,0,0,0,0
57,4,2,2,38443,4258,58,32,0,5,0,0,1,2,38,1,0,3,6,"0,166666667",7,0,0,0,0,0,0,0
47,2,0,1,38593,4394,42,51,12,49,17,24,24,3,177,4,1,3,11,"0,363636364",8,0,0,0,0,0,0,0
55,4,1,1,64413,4437,27,200,5,44,0,10,20,1,279,5,1,5,12,"0,416666667",5,0,0,0,0,0,0,0
44,3,2,1,36959,4375,56,25,6,25,6,0,0,2,62,2,0,3,7,"0,285714286",8,0,0,0,0,0,0,0
48,4,2,1,61996,4619,27,1050,12,144,0,0,24,3,1230,6,4,8,21,"0,285714286",5,1,1,0,1,0,0,1
57,1,2,2,51287,4194,10,117,0,22,13,0,30,3,182,4,1,3,11,"0,363636364",7,0,0,0,0,0,0,0
55,1,2,2,13260,4415,48,9,4,17,10,2,7,4,49,3,0,3,10,"0,3",8,0,0,0,0,0,0,0
59,4,1,2,47472,4391,39,56,0,11,0,0,8,2,75,2,0,4,8,"0,25",5,0,0,0,0,0,0,0
69,3,1,2,54603,4460,85,145,13,46,17,2,4,6,227,4,2,4,16,"0,25",7,0,0,0,0,0,0,0
51,4,2,2,45207,4701,64,203,0,10,0,0,2,5,215,3,1,6,15,"0,2",6,0,0,0,1,0,0,0
74,1,1,1,40689,4573,69,270,3,27,39,6,99,7,444,7,1,5,20,"0,35",8,0,0,0,0,0,0,0
58,2,1,2,47821,4357,54,9,0,16,6,6,10,1,47,1,0,3,5,"0,2",8,0,0,0,0,0,0,0
74,3,2,0,27450,4545,57,37,12,23,8,11,52,1,143,2,1,3,7,"0,285714286",7,0,0,0,0,0,0,0
42,1,1,1,39453,4192,64,46,0,7,0,0,2,2,55,2,0,3,7,"0,285714286",6,0,0,0,0,0,0,0
54,2,1,2,26850,4177,10,31,1,13,7,2,9,4,63,2,1,4,11,"0,181818182",4,0,0,0,0,0,0,0
70,1,4,0,79800,4749,65,1060,21,530,32,0,224,1,1867,5,11,5,22,"0,227272727",3,1,0,1,0,1,0,1
64,3,2,1,61794,4393,74,264,47,188,54,47,11,2,611,4,4,10,20,"0,2",2,0,0,0,0,0,0,0
70,1,1,1,53863,4148,4,399,4,30,6,4,30,3,473,7,1,7,18,"0,388888889",7,0,0,0,1,0,0,0
66,1,1,0,24221,4418,94,8,9,9,2,5,22,1,55,1,1,3,6,"0,166666667",4,0,0,0,0,0,0,0
41,4,0,1,39684,4730,41,19,0,35,6,4,17,2,81,2,1,2,7,"0,285714286",7,0,0,0,0,0,1,1
50,3,2,0,92163,4669,25,817,183,797,106,163,20,0,2086,5,11,5,21,"0,238095238",2,1,0,0,0,1,0,1
60,3,0,0,69882,4336,94,292,127,635,132,127,165,1,1478,3,7,9,20,"0,15",1,0,0,0,0,0,0,0
48,1,1,1,33178,4255,9,12,6,2,11,2,16,1,49,1,0,3,5,"0,2",4,0,0,0,0,0,0,0
53,4,2,0,59973,4396,47,130,30,168,20,34,0,1,382,3,4,7,15,"0,2",1,0,0,0,0,0,0,0
50,3,1,1,17459,4388,12,6,4,16,3,10,30,3,69,3,1,2,9,"0,333333333",7,0,0,0,0,0,0,1
56,1,3,1,23910,4716,80,16,12,18,7,1,13,1,67,2,0,3,6,"0,333333333",7,0,0,0,0,0,0,0
56,3,2,2,42169,4358,20,19,0,9,0,0,2,2,30,1,0,3,6,"0,166666667",8,0,0,0,0,0,0,0
47,2,2,1,26224,4495,39,4,7,15,13,9,15,3,63,2,1,3,9,"0,222222222",6,0,0,0,0,0,0,0
44,1,1,1,31089,4786,57,31,3,31,2,8,4,3,79,3,0,4,10,"0,3",8,0,0,0,0,0,0,0
64,1,0,1,30081,4598,27,36,0,2,0,0,4,1,42,1,0,3,5,"0,2",7,0,0,0,0,0,0,0
65,1,1,1,62807,4772,83,526,28,135,10,21,99,3,819,5,3,12,23,"0,217391304",5,0,0,0,0,0,0,0
70,1,0,0,72906,4390,79,400,32,519,71,75,54,1,1151,3,4,9,17,"0,176470588",1,0,0,0,0,0,0,0
77,4,2,2,61467,4672,69,410,16,114,0,5,49,3,594,5,2,10,20,"0,25",5,0,0,0,0,0,0,0
59,3,1,2,49618,4624,77,80,3,26,4,2,14,4,129,3,1,3,11,"0,272727273",7,0,0,0,0,0,0,0
39,3,0,1,21888,4652,15,88,10,46,2,3,64,4,213,5,1,2,12,"0,416666667",10,0,0,0,0,0,0,1
52,1,4,1,42429,4243,99,55,0,6,2,0,4,2,67,1,1,3,7,"0,142857143",5,0,0,0,0,0,0,0
69,1,3,3,26150,4580,61,5,1,13,3,5,1,1,28,1,0,3,5,"0,2",7,0,0,0,0,0,0,0
50,0,2,1,30801,4716,23,8,4,5,15,2,11,2,45,1,0,3,6,"0,166666667",7,0,0,0,0,0,0,0
60,1,2,0,81168,4158,84,410,0,592,147,22,22,1,1193,6,4,7,18,"0,333333333",3,1,0,0,0,0,0,0
56,3,0,0,26877,4419,74,101,13,76,20,18,40,2,268,3,1,6,12,"0,25",6,0,0,0,0,0,0,0
81,3,4,0,45006,4451,90,162,25,53,16,0,10,1,266,3,1,7,12,"0,25",3,0,0,0,0,0,0,0
52,0,2,1,18978,4670,41,2,8,1,4,7,15,1,37,1,0,3,5,"0,2",8,0,0,0,0,0,0,0
58,1,2,3,22574,4349,28,25,0,8,2,0,2,2,37,2,0,3,7,"0,285714286",7,0,0,0,0,0,0,0
56,4,0,0,48240,4702,73,389,91,248,64,49,41,3,882,6,3,13,25,"0,24",5,0,0,0,0,0,0,1
51,1,2,2,45837,4443,88,215,13,87,17,17,24,5,373,6,2,5,18,"0,333333333",7,0,0,0,0,0,0,0
60,3,0,3,35791,4524,94,27,0,5,0,0,3,2,35,1,0,3,6,"0,166666667",8,0,0,0,0,0,0,0
49,4,1,2,162397,4496,31,85,1,16,2,1,2,0,107,0,0,1,1,0,1,0,0,0,0,0,0,0
47,1,4,2,54162,4573,31,5,6,10,6,5,10,1,42,1,0,3,5,"0,2",4,0,0,0,0,0,0,0
65,3,2,1,30522,4786,6,179,8,83,19,11,26,5,326,1,2,9,17,"0,058823529",2,0,0,0,0,0,0,0
64,4,2,1,54456,4458,23,352,0,27,10,0,15,3,404,6,1,7,17,"0,352941176",6,0,0,0,0,0,0,0
54,1,0,0,31632,4455,92,17,8,12,11,15,32,1,95,2,1,2,6,"0,333333333",7,0,0,0,0,0,0,0
76,1,4,0,72298,4216,52,625,35,169,58,17,35,1,939,4,3,6,14,"0,285714286",1,0,0,0,1,1,0,0
47,2,0,1,36975,4288,50,10,6,11,0,4,2,1,33,1,0,3,5,"0,2",7,0,0,0,0,0,0,0
70,2,2,0,72635,4496,54,390,22,323,104,35,107,1,981,6,8,6,21,"0,285714286",3,1,0,0,0,0,0,0
49,1,2,1,13624,4630,93,10,2,15,2,1,6,2,36,2,0,3,7,"0,285714286",6,0,0,0,0,0,0,0
50,1,0,1,84196,4496,56,215,63,507,231,31,190,1,1237,8,4,7,20,"0,4",3,0,0,0,0,0,0,0
65,1,1,1,70971,4751,28,1001,17,572,93,125,17,7,1825,11,11,5,34,"0,323529412",7,0,0,0,0,0,0,1
48,4,3,2,34487,4766,94,19,18,33,24,1,8,3,103,3,0,3,9,"0,333333333",9,0,0,0,0,0,0,0
48,1,0,1,28769,4663,76,41,5,129,10,3,3,3,191,4,1,4,12,"0,333333333",9,0,0,0,0,0,0,0
55,4,2,1,69084,4327,43,1181,107,199,39,30,30,2,1586,7,3,13,25,"0,28",8,0,0,0,0,0,0,0
67,4,1,0,65488,4121,46,603,45,207,36,18,54,1,963,3,4,6,14,"0,214285714",1,0,0,0,0,0,0,0
55,2,2,1,62466,4270,13,129,129,259,168,121,83,5,889,6,3,12,26,"0,230769231",4,0,0,0,0,0,0,0
65,2,0,0,32218,4239,27,10,24,15,13,1,30,1,93,2,1,3,7,"0,285714286",7,0,0,1,0,0,0,1
52,1,0,0,83917,4542,12,514,22,732,42,198,79,1,1587,6,7,7,21,"0,285714286",3,0,0,0,0,0,0,1
63,1,3,3,46102,4216,3,14,0,1,0,0,1,1,16,1,0,2,4,"0,25",7,0,0,0,0,0,0,0
73,1,0,0,84574,4495,72,387,20,713,38,54,163,1,1375,9,11,11,32,"0,28125",5,0,0,0,0,0,0,0
63,1,2,1,56181,4642,6,121,103,69,8,44,48,1,393,4,2,7,14,"0,285714286",4,0,0,0,0,0,0,0
75,3,3,1,63120,4744,53,965,69,279,54,41,69,5,1477,8,4,9,26,"0,307692308",7,0,0,0,0,0,0,1
54,1,2,1,73691,4340,58,707,21,250,85,43,73,2,1179,6,2,8,18,"0,333333333",2,0,0,1,0,0,0,0
65,1,1,1,63381,4737,78,571,50,142,33,50,159,4,1005,4,5,13,26,"0,153846154",2,0,0,0,0,0,0,0
77,4,1,0,76140,4152,57,586,66,653,17,0,26,1,1348,5,9,6,21,"0,238095238",2,0,0,0,0,0,0,0
66,4,3,1,62859,4651,37,1063,89,102,16,12,25,4,1307,9,4,6,23,"0,391304348",6,0,0,0,0,0,0,0
61,1,0,1,45906,4523,20,305,3,27,4,3,144,2,486,5,4,4,15,"0,333333333",5,0,0,1,0,0,0,0
78,3,1,0,77632,4581,73,1200,105,758,0,42,147,1,2252,4,2,6,13,"0,307692308",2,0,0,0,1,1,0,1
54,4,2,2,46463,4420,56,163,2,40,8,11,11,7,235,3,1,6,17,"0,176470588",6,0,0,0,0,0,0,0
55,1,1,0,105471,4629,36,1009,181,104,202,21,207,0,1724,9,8,13,30,"0,3",3,1,0,0,0,1,0,1
55,3,3,1,55282,4303,9,125,6,73,8,4,19,1,235,3,1,6,11,"0,272727273",4,0,0,0,0,0,0,0
48,3,2,1,78710,4142,42,721,0,152,119,50,50,3,1092,7,6,12,28,"0,25",4,0,0,0,0,0,0,0
67,1,1,1,66886,4391,28,315,4,62,41,31,146,2,599,7,1,7,17,"0,411764706",5,0,0,0,0,0,0,0
65,3,0,0,98777,4237,23,1000,19,711,125,115,38,0,2008,4,6,9,19,"0,210526316",1,0,0,0,1,0,0,0
40,1,1,1,29103,4776,38,16,0,17,6,3,6,2,48,1,0,3,6,"0,166666667",9,0,0,0,0,0,0,0
51,1,2,1,67445,4791,63,757,80,217,29,80,11,5,1174,9,6,12,32,"0,28125",6,0,0,0,0,0,0,0
75,4,1,1,50616,4182,71,30,2,25,0,1,9,1,67,1,1,4,7,"0,142857143",2,0,0,0,0,0,0,0
70,1,3,1,49431,4800,9,219,3,100,26,0,17,2,365,7,1,5,15,"0,466666667",8,0,0,0,0,0,0,0
50,1,3,0,153924,4247,81,1,1,1,1,1,1,0,6,0,0,0,0,0,0,0,0,0,0,0,0,0
72,1,1,1,61278,4281,87,111,3,28,2,6,15,2,165,3,1,4,10,"0,3",6,0,0,0,0,0,0,0
67,2,1,0,26490,4750,92,45,47,52,21,20,25,2,210,3,1,5,11,"0,272727273",6,0,0,0,0,0,0,0
78,4,1,1,73059,4407,36,410,112,420,0,82,71,1,1095,9,3,13,26,"0,346153846",4,0,0,0,0,0,0,0
59,4,0,3,46734,4356,86,100,1,39,6,1,76,4,223,3,2,3,12,"0,25",6,0,0,1,0,0,0,0
62,1,1,1,56253,4674,83,509,0,65,7,11,5,4,597,7,2,9,22,"0,318181818",6,0,0,0,0,0,0,0
40,1,2,1,19986,4332,74,3,6,5,0,2,6,1,22,0,0,3,4,0,7,0,0,0,0,0,0,0
50,1,4,1,58330,4291,87,445,53,213,104,98,151,1,1064,6,4,13,24,"0,25",4,0,0,0,0,0,0,0
45,0,2,0,25965,4765,29,2,2,11,41,7,11,1,74,2,0,3,6,"0,333333333",8,0,0,0,0,0,0,0
69,3,1,0,14661,4649,88,4,1,11,6,2,2,1,26,1,0,3,5,"0,2",6,0,0,0,0,0,0,0
66,1,2,0,18690,4653,77,6,1,7,23,4,19,1,60,1,1,2,5,"0,2",8,0,0,0,0,0,0,0
51,4,1,1,45068,4514,25,14,0,3,0,0,3,1,20,1,0,2,4,"0,25",7,0,0,0,0,0,0,0
38,0,0,1,21063,4382,34,1,10,11,19,3,15,2,59,2,0,3,7,"0,285714286",6,0,0,0,0,0,0,0
57,4,2,1,29187,4521,43,26,0,6,0,0,2,1,34,1,0,3,5,"0,2",8,0,0,0,0,0,0,0
54,2,2,2,54690,4339,76,111,16,37,7,9,18,3,198,3,1,5,12,"0,25",3,0,0,0,0,0,0,0
61,4,2,1,59304,4440,81,418,61,428,80,51,10,3,1048,7,8,10,28,"0,25",5,0,0,0,0,0,0,0
63,3,0,2,59247,4338,87,327,9,122,19,14,83,5,574,5,2,9,21,"0,238095238",6,0,0,0,0,0,0,0
55,1,4,1,66731,4760,33,371,159,194,58,106,141,4,1029,4,3,6,17,"0,235294118",3,0,0,0,0,0,0,0
45,1,2,1,77353,4300,38,275,59,107,69,101,59,2,670,6,4,8,20,"0,3",4,0,0,0,0,0,0,0
50,4,0,1,52614,4680,63,789,0,142,12,9,38,2,990,2,4,8,16,"0,125",8,0,0,0,0,0,0,0
51,1,2,2,26751,4143,26,1,1,5,0,3,1,1,11,1,0,2,4,"0,25",8,0,0,0,0,0,0,0
62,4,2,1,81300,4712,17,1004,12,145,32,12,36,3,1241,10,3,5,21,"0,476190476",5,1,0,0,0,0,0,1
46,1,0,0,70337,4283,75,187,81,149,25,43,91,1,576,2,2,12,17,"0,117647059",1,0,0,0,0,0,0,0
40,2,2,1,36145,4483,13,56,4,76,17,1,18,4,172,4,1,3,12,"0,333333333",9,0,0,1,0,0,0,1
45,4,0,0,65295,4293,19,365,32,117,34,110,6,1,664,3,3,13,20,"0,15",2,0,0,0,0,0,0,0
62,1,3,1,68118,4359,51,595,23,123,10,23,154,2,928,8,9,4,23,"0,347826087",6,0,0,0,0,0,0,0
58,1,3,0,68743,4773,81,1132,134,384,175,134,115,1,2074,11,5,13,30,"0,366666667",7,0,0,0,0,0,0,0
43,2,1,0,41039,4444,32,34,11,137,179,61,45,1,467,8,1,5,15,"0,533333333",8,0,0,0,0,0,0,0
70,1,1,1,38946,4353,84,116,6,82,6,6,41,2,257,3,1,6,12,"0,25",5,0,0,0,0,0,0,0
58,1,1,0,65777,4297,87,565,32,435,28,32,54,1,1146,2,8,6,17,"0,117647059",1,0,0,0,0,0,0,0
49,4,3,1,66476,4584,99,372,18,126,47,48,78,2,689,5,2,11,20,"0,25",4,0,0,0,0,0,0,0
53,4,0,0,86857,4760,96,899,102,838,133,102,40,1,2114,5,6,10,22,"0,227272727",2,0,0,0,0,0,0,1
43,4,2,0,160803,4799,21,55,16,1622,17,3,4,15,1717,0,28,1,44,0,0,0,0,0,0,0,0,0
36,4,1,0,77845,4149,40,760,40,480,0,40,26,1,1346,3,5,12,21,"0,142857143",1,1,0,0,0,1,0,0
56,4,1,0,69476,4377,3,260,86,559,63,9,67,1,1044,4,6,4,15,"0,266666667",2,0,0,0,0,0,0,0
65,4,3,1,50611,4738,98,459,0,24,6,0,4,6,493,4,5,7,22,"0,181818182",6,0,0,0,1,0,0,1
55,1,0,0,61209,4413,73,466,0,224,119,49,99,1,957,5,3,4,13,"0,384615385",2,0,0,0,0,0,0,0
67,3,1,1,42315,4457,90,67,15,80,17,11,80,3,270,1,4,4,12,"0,083333333",3,0,0,0,0,0,0,0
73,0,1,0,13084,4344,29,2,0,7,3,7,10,1,29,1,0,3,5,"0,2",6,0,0,0,0,0,0,0
76,3,4,2,47570,4501,3,67,1,20,0,2,31,3,121,2,2,2,9,"0,222222222",7,0,0,0,0,0,0,1
64,3,2,2,61923,4443,94,92,4,18,3,3,6,1,126,2,1,4,8,"0,25",3,0,0,0,0,0,0,0
30,1,0,0,34824,4200,65,4,2,11,2,0,4,1,23,1,0,2,4,"0,25",6,0,0,0,0,0,0,0
76,4,0,2,26518,4552,33,20,1,28,3,3,2,3,57,2,0,3,8,"0,25",8,0,0,0,0,0,0,1
64,1,0,0,45938,4343,46,273,11,178,62,83,29,2,636,8,4,6,20,"0,4",6,0,0,0,0,0,0,0
65,1,1,0,78468,4186,29,434,22,388,104,22,34,1,1004,10,7,10,28,"0,357142857",4,1,0,0,0,0,0,0
52,1,3,1,78901,4390,99,321,11,309,33,26,34,3,734,9,3,5,20,"0,45",4,0,0,0,0,0,0,0
47,1,2,2,71427,4214,26,212,123,177,15,64,23,2,614,8,2,8,20,"0,4",4,0,0,0,0,0,0,0
47,1,3,1,71022,4243,30,909,12,278,0,12,242,3,1453,5,2,11,21,"0,238095238",8,0,0,1,0,0,0,0
37,3,0,0,90247,4166,27,1184,32,352,21,16,16,1,1621,3,4,7,15,"0,2",1,1,0,0,1,1,0,1
57,3,3,1,41335,4290,24,112,19,21,16,14,5,3,187,4,1,4,12,"0,333333333",7,0,0,0,0,0,0,0
39,1,2,1,71952,4640,93,656,80,455,52,107,93,2,1443,8,4,8,22,"0,363636364",4,0,0,1,0,1,0,0
55,4,3,1,35682,4107,34,23,0,8,6,2,18,1,57,1,1,3,6,"0,166666667",2,0,0,0,0,0,0,0
74,1,3,1,43185,4550,88,537,6,42,16,6,30,2,637,9,3,6,20,"0,45",8,0,0,0,0,0,0,0
77,4,1,1,66375,4325,96,712,0,45,0,0,191,3,948,2,4,5,14,"0,142857143",7,0,0,1,0,0,0,0
54,3,2,1,35178,4640,10,23,1,13,2,2,18,1,59,1,1,2,5,"0,2",7,0,0,1,0,0,0,1
39,1,2,1,25252,4457,26,1,3,4,2,2,6,1,18,1,0,2,4,"0,25",8,0,0,0,0,0,0,0
60,3,0,1,55250,4721,49,664,58,83,32,0,66,4,903,7,5,10,26,"0,269230769",5,0,0,0,0,0,0,0
50,1,0,1,33249,4599,11,6,10,21,19,14,42,2,112,2,1,3,8,"0,25",6,0,0,0,0,0,0,0
72,1,1,0,58398,4516,44,299,5,201,21,21,49,3,596,5,4,8,20,"0,25",4,0,0,0,0,0,0,0
43,1,1,1,50272,4431,75,99,13,66,43,8,4,3,233,4,1,5,13,"0,307692308",7,0,0,0,0,0,0,0
50,4,2,0,76618,4674,64,749,40,294,121,160,147,1,1511,3,2,5,11,"0,272727273",1,0,0,0,0,0,0,0
65,2,3,0,87305,4749,19,345,25,501,63,138,80,1,1152,5,3,8,17,"0,294117647",2,0,0,0,0,1,0,1
47,1,1,1,25851,4608,45,9,4,18,7,5,5,2,48,2,0,3,7,"0,285714286",7,0,0,0,0,0,0,0
55,1,3,1,58710,4560,77,440,81,368,0,122,174,6,1185,11,5,9,31,"0,35483871",6,0,0,0,0,0,0,0
67,1,0,2,45160,4197,9,8,2,5,3,0,3,1,21,1,0,2,4,"0,25",7,0,0,0,0,0,0,0
60,3,2,1,74806,4662,1,670,9,249,0,28,9,2,965,5,4,5,16,"0,3125",4,0,0,0,0,0,0,0
71,1,2,0,59111,4528,90,524,0,134,28,28,155,1,869,11,1,8,21,"0,523809524",7,0,0,0,0,0,0,0
41,4,2,1,18988,4142,43,6,0,6,2,1,1,2,16,1,0,3,6,"0,166666667",7,0,0,0,0,0,0,0
60,1,2,0,72190,4606,79,597,166,597,172,166,249,1,1947,5,6,4,16,"0,3125",3,0,0,0,0,0,0,0
49,1,2,1,7500,4802,19,7,0,12,13,7,32,5,71,4,1,2,12,"0,333333333",9,0,0,1,0,0,0,1
59,1,2,1,44794,4126,99,54,0,7,0,0,4,1,65,2,0,3,6,"0,333333333",6,0,0,0,0,0,0,0
70,1,2,0,80395,4323,62,445,25,706,80,76,48,1,1380,6,5,12,24,"0,25",2,1,0,0,0,0,0,0
49,3,3,0,75012,4260,41,294,142,218,164,58,151,1,1027,3,8,11,23,"0,130434783",1,0,0,0,0,0,0,0
60,3,2,3,56962,4366,60,292,3,77,10,3,26,7,411,6,3,5,21,"0,285714286",7,0,0,0,0,0,0,0
34,1,1,0,89891,4545,17,412,22,132,59,28,183,1,836,11,6,8,26,"0,423076923",4,0,0,0,0,1,0,0
76,4,3,2,35946,4380,24,8,0,3,0,0,0,1,11,0,0,3,4,0,5,0,0,0,0,0,0,0
72,4,1,2,53593,4796,60,349,4,78,6,0,43,8,480,7,2,6,23,"0,304347826",8,0,0,0,0,0,0,0
47,1,2,2,66373,4487,57,328,9,124,12,24,109,7,606,4,2,10,23,"0,173913043",3,0,0,0,0,0,0,0
77,4,3,3,45072,4361,74,144,2,99,7,2,30,5,284,6,1,4,16,"0,375",8,0,0,0,0,0,0,0
52,1,3,2,89694,4368,22,1126,28,211,37,28,42,3,1472,4,3,4,14,"0,285714286",5,1,0,0,1,1,0,0
76,1,2,0,72025,4166,46,967,0,617,43,50,0,1,1677,4,8,13,26,"0,153846154",2,1,0,0,1,1,0,1
52,1,2,1,67432,4562,69,432,79,341,177,136,170,2,1335,8,5,4,19,"0,421052632",4,0,0,0,0,0,0,0
73,3,1,1,70545,4131,29,138,39,63,55,18,21,1,334,4,1,7,13,"0,307692308",2,0,0,0,0,0,0,0
36,0,2,1,17487,4573,37,0,0,1,7,4,6,1,18,1,0,2,4,"0,25",7,0,0,0,0,0,0,0
56,1,1,1,62882,4794,26,509,133,497,78,24,97,2,1338,7,5,6,20,"0,35",4,0,0,0,0,0,0,0
72,4,0,1,64108,4568,8,948,10,86,13,21,21,4,1099,6,9,11,30,"0,2",5,0,0,0,0,0,0,0
69,3,1,2,34941,4585,26,39,2,25,4,3,24,2,97,3,0,3,8,"0,375",8,0,0,0,0,0,0,0
75,4,0,3,48767,4284,79,28,1,21,3,0,10,3,63,2,1,3,9,"0,222222222",5,0,0,0,0,0,0,0
47,2,1,1,38702,4437,71,13,11,24,13,8,40,2,109,3,0,4,9,"0,333333333",6,0,0,0,0,0,0,0
61,1,2,0,82224,4260,83,307,26,360,138,31,40,1,902,6,9,5,21,"0,285714286",3,1,0,0,0,0,0,0
73,1,1,0,83844,4518,57,901,31,345,75,31,191,1,1574,4,4,11,20,"0,2",1,0,0,0,0,1,0,0
50,2,2,1,17003,4307,37,2,5,12,4,8,7,3,38,2,0,4,9,"0,222222222",5,0,0,0,0,0,0,0
30,1,0,0,71163,4217,30,283,17,372,138,106,44,1,960,3,8,12,24,"0,125",1,0,0,0,0,0,0,0
55,1,0,1,33697,4392,34,4,3,7,0,3,11,1,28,1,0,2,4,"0,25",7,0,0,1,0,0,0,0
71,2,2,0,63564,4256,0,769,80,252,15,34,65,1,1215,10,10,7,28,"0,357142857",6,0,0,1,0,0,0,1
53,4,1,0,83443,4285,89,518,42,742,55,56,84,1,1497,6,10,5,22,"0,272727273",2,0,0,0,0,0,0,0
67,4,1,1,51518,4374,92,350,8,66,17,4,4,2,449,3,2,10,17,"0,176470588",3,0,0,0,0,0,0,0
50,1,4,1,58330,4291,87,445,53,213,104,98,151,1,1064,6,4,13,24,"0,25",4,0,0,0,0,0,0,0
56,1,2,0,80952,4591,20,778,178,689,41,27,44,1,1757,8,5,11,25,"0,32",8,1,0,0,1,1,0,1
46,1,1,0,75507,4163,56,709,93,374,104,80,80,1,1440,8,6,6,21,"0,380952381",3,0,0,0,0,0,0,0
47,2,1,0,63855,4610,28,359,35,314,93,116,89,1,1006,7,3,13,24,"0,291666667",4,0,0,0,0,0,0,0
53,4,1,1,62220,4792,55,799,12,375,16,12,12,5,1226,7,6,5,23,"0,304347826",6,0,0,0,0,0,0,1
61,1,2,1,58512,4388,25,895,10,101,13,0,152,5,1171,3,4,8,20,"0,15",8,0,0,0,0,0,0,0
46,3,2,1,40662,4576,0,40,2,23,0,4,23,2,92,2,1,3,8,"0,25",4,0,0,0,0,0,0,0
66,4,2,1,38829,4189,86,76,0,7,0,0,16,1,99,3,2,2,8,"0,375",5,0,0,0,0,0,0,0
44,2,2,1,35523,4374,8,11,5,22,12,5,11,2,66,3,0,3,8,"0,375",7,0,0,0,0,0,0,0
58,1,0,2,79146,4171,33,245,16,223,21,43,16,2,564,8,1,8,19,"0,421052632",6,0,0,0,0,0,0,0
37,3,2,0,78285,4349,13,647,107,391,175,67,40,1,1427,6,4,10,21,"0,285714286",3,0,0,0,0,0,0,0
47,4,0,1,31626,4520,12,39,1,9,2,1,34,1,86,2,1,2,6,"0,333333333",7,0,0,1,0,0,0,1
73,1,0,0,75127,4143,92,203,35,305,46,17,227,1,833,2,11,5,19,"0,105263158",1,0,0,0,0,0,0,0
70,1,2,1,48726,4533,90,138,3,38,4,0,59,3,242,3,2,4,12,"0,25",6,0,0,0,0,0,0,0
48,1,2,0,74985,4761,8,587,51,898,247,0,86,1,1869,3,6,7,17,"0,176470588",2,0,0,0,0,0,0,0
38,1,1,0,67430,4767,6,595,97,291,127,133,121,1,1364,11,5,12,29,"0,379310345",6,0,0,0,0,0,0,0
60,2,2,1,46891,4406,91,43,12,23,29,15,61,1,183,2,1,4,8,"0,25",4,0,0,0,0,0,0,0
69,3,2,1,62058,4504,52,301,7,74,10,0,58,4,450,6,1,7,18,"0,333333333",6,0,0,0,0,0,0,0
46,1,2,1,72063,4466,3,180,32,348,76,32,90,2,758,5,2,12,21,"0,238095238",2,0,0,0,0,0,0,0
74,4,2,0,78939,4304,57,794,115,243,150,0,205,1,1507,8,5,6,20,"0,4",3,0,0,0,0,0,0,0
60,1,0,2,42720,4536,9,392,5,91,28,26,112,8,654,7,3,7,25,"0,28",8,0,0,0,0,0,0,1
53,1,2,2,33622,4547,22,39,1,22,3,4,12,3,81,2,0,4,9,"0,222222222",7,0,0,0,0,0,0,0
68,4,1,1,6835,4673,76,107,2,12,2,2,12,0,137,0,0,1,1,0,20,0,0,0,0,0,0,0
72,1,1,2,41452,4585,86,13,0,3,0,0,0,1,16,1,0,2,4,"0,25",7,0,0,0,0,0,0,0
60,4,0,1,40760,4408,64,70,0,17,0,0,6,2,93,2,1,3,8,"0,25",6,0,0,0,0,0,0,0
67,4,1,0,74250,4259,90,680,11,392,75,0,0,1,1158,2,11,4,18,"0,111111111",1,0,0,0,0,0,0,0
70,3,0,2,51124,4298,79,26,1,11,0,1,4,2,43,1,0,3,6,"0,166666667",3,0,0,0,0,0,0,0
54,1,0,1,72258,4395,28,522,0,522,227,120,134,2,1525,6,9,5,22,"0,272727273",2,0,0,0,0,0,0,0
51,4,0,0,71466,4190,86,412,12,546,78,182,0,1,1230,4,4,10,19,"0,210526316",1,0,0,0,0,0,0,0
49,1,1,2,36283,4181,42,6,5,5,8,0,5,2,29,1,0,3,6,"0,166666667",4,0,0,0,0,0,0,0
55,1,0,1,20587,4154,39,2,3,6,4,1,9,1,25,1,1,2,5,"0,2",7,0,0,0,0,0,0,0
53,1,2,1,30467,4207,8,1,3,8,2,5,5,1,24,1,0,2,4,"0,25",7,0,0,0,0,0,0,0
53,1,1,1,31590,4481,40,6,2,15,6,6,3,1,38,1,0,3,5,"0,2",8,0,0,0,0,0,0,0
39,0,2,1,20425,4713,5,4,12,5,3,16,17,2,57,2,0,3,7,"0,285714286",7,0,0,0,0,0,0,0
65,3,1,2,17144,4239,96,18,2,19,0,2,6,5,47,3,0,4,12,"0,25",7,0,0,0,0,0,0,0
57,4,3,1,42564,4648,28,324,48,186,39,18,198,6,813,6,8,4,24,"0,25",7,0,0,1,0,0,0,1
47,3,2,1,43783,4136,22,327,9,125,25,4,139,6,629,7,1,8,22,"0,318181818",7,0,0,1,0,0,0,0
49,1,3,1,40780,4764,30,229,27,71,13,3,34,4,377,7,1,5,17,"0,411764706",9,0,0,0,0,0,0,0
80,3,1,0,62847,4635,45,521,168,706,80,76,61,1,1612,3,6,4,14,"0,214285714",2,0,0,0,0,0,0,0
68,4,2,0,82017,4704,58,184,23,446,30,23,23,1,729,5,4,7,17,"0,294117647",2,1,0,0,1,1,0,1
75,1,0,0,16813,4450,49,4,8,11,12,2,13,1,50,2,0,3,6,"0,333333333",7,0,0,1,0,0,0,0
47,1,2,2,51267,4348,37,183,2,64,7,2,12,4,270,3,3,5,15,"0,2",4,0,0,0,0,0,0,0
64,1,0,1,46524,4555,70,31,19,35,26,14,52,2,177,1,1,5,9,"0,111111111",3,0,0,0,0,0,0,0
63,3,0,0,45183,4630,33,219,3,60,12,9,12,1,315,4,1,7,13,"0,307692308",7,0,0,0,1,0,0,0
71,4,2,1,70421,4106,98,479,28,136,75,14,35,3,767,10,3,7,23,"0,434782609",6,0,0,0,0,0,0,0
60,2,3,1,60161,4719,17,584,44,212,46,8,177,3,1071,11,4,8,26,"0,423076923",8,0,0,0,0,0,0,0
52,1,1,0,73926,4589,54,627,91,597,159,91,15,1,1580,6,5,12,24,"0,25",3,0,0,0,0,0,0,0
57,1,2,1,19329,4302,39,24,1,16,12,2,5,3,60,4,0,3,10,"0,4",8,0,0,0,0,0,0,0
55,3,2,1,61872,4303,81,330,5,159,36,27,16,4,573,4,4,9,21,"0,19047619",4,0,0,0,0,0,0,0
69,1,4,2,46984,4565,71,19,1,10,2,1,8,1,41,1,0,3,5,"0,2",5,0,0,0,0,0,0,0
74,1,2,2,34838,4631,62,28,23,29,29,14,47,3,170,2,1,4,10,"0,2",6,0,0,0,0,0,0,0
81,4,0,0,82716,4341,8,606,148,228,15,148,22,1,1167,6,8,13,28,"0,214285714",2,0,0,0,0,0,0,0
67,1,2,0,48192,4554,76,1039,43,204,153,58,29,3,1526,2,8,12,25,"0,08",8,1,1,0,1,0,0,1
49,3,2,2,49681,4342,66,411,0,26,0,0,21,6,458,7,1,7,21,"0,333333333",7,0,0,0,0,0,0,0
54,3,2,1,56850,4203,83,34,1,19,2,7,0,1,63,1,1,3,6,"0,166666667",2,0,0,0,0,0,0,0
68,1,2,1,55267,4356,28,161,28,136,32,3,45,4,405,3,4,6,17,"0,176470588",3,0,0,0,0,0,0,0
53,1,2,2,59666,4569,87,623,53,178,23,17,133,7,1027,3,2,8,20,"0,15",8,0,0,0,1,0,0,0
53,1,0,1,72504,4554,43,604,26,470,123,161,94,2,1478,5,9,6,22,"0,227272727",2,0,0,0,0,0,0,0
44,1,2,0,26872,4361,0,3,10,8,3,16,32,1,72,1,1,2,5,"0,2",6,0,0,0,0,0,0,0
53,1,0,1,21359,4540,1,12,2,17,6,1,10,2,48,2,0,3,7,"0,285714286",8,0,0,0,0,0,0,1
50,1,0,0,73170,4134,1,184,174,256,50,30,32,1,726,5,4,6,16,"0,3125",2,0,0,0,0,0,0,0
70,3,2,1,52750,4615,72,393,0,239,90,69,69,6,860,5,7,9,27,"0,185185185",4,0,0,0,0,0,0,0
39,4,1,0,91820,4323,72,410,73,747,76,161,30,0,1497,5,5,12,22,"0,227272727",1,0,0,0,0,0,0,0
55,4,1,1,65968,4153,12,376,9,83,19,4,4,2,495,5,4,7,18,"0,277777778",3,0,0,0,0,0,0,0
49,1,2,2,30772,4214,89,7,2,4,2,1,4,1,20,1,0,2,4,"0,25",6,0,0,0,0,0,0,0
71,1,0,0,22507,4687,67,68,0,226,51,157,68,3,570,10,2,4,19,"0,526315789",9,0,0,0,0,0,0,0
53,1,2,1,65685,4197,54,642,14,49,0,7,57,1,769,9,2,9,21,"0,428571429",5,0,0,0,0,0,0,0
47,2,2,1,25804,4406,34,8,7,9,13,6,12,2,55,2,0,3,7,"0,285714286",8,0,0,0,0,0,0,0
45,4,0,0,76412,4525,15,840,53,804,23,71,17,1,1808,5,4,8,18,"0,277777778",3,1,0,0,0,1,0,1
53,1,2,1,22063,4430,43,7,10,13,3,11,11,2,55,2,0,3,7,"0,285714286",7,0,0,0,0,0,0,0
64,1,0,0,57091,4119,0,464,5,64,7,0,37,1,577,7,3,7,18,"0,388888889",5,0,1,0,0,0,0,1
62,1,2,0,22419,4542,74,30,3,47,19,21,42,1,162,3,2,2,8,"0,375",8,0,0,0,0,0,0,0
66,1,1,1,87771,4508,61,1492,38,287,50,57,33,1,1957,5,10,4,20,"0,25",6,1,1,0,1,1,0,1
66,2,3,1,78353,4544,51,752,122,476,39,153,34,1,1576,10,2,11,24,"0,416666667",8,0,0,0,0,0,0,0
71,1,2,3,93404,4523,97,1279,15,287,20,0,15,3,1616,3,4,7,17,"0,176470588",5,0,0,0,1,1,0,0
63,1,3,3,37859,4638,75,22,1,8,2,1,2,2,36,1,0,3,6,"0,166666667",8,0,0,0,0,0,0,0
67,4,4,1,80995,4519,83,860,28,409,73,56,56,1,1482,8,9,4,22,"0,363636364",4,0,0,0,0,0,0,0
41,1,1,1,16529,4225,23,3,0,5,13,0,1,1,22,1,0,3,5,"0,2",6,0,0,0,0,0,0,0
49,4,3,2,55412,4324,65,10,5,28,11,1,8,1,63,2,0,3,6,"0,333333333",5,0,0,0,0,0,0,0
33,1,0,0,48789,4762,94,351,16,156,7,5,145,1,680,6,4,7,18,"0,333333333",6,0,0,0,0,0,0,0
58,4,1,2,56575,4525,42,421,5,90,0,16,10,3,542,7,3,7,20,"0,35",5,0,0,0,0,0,0,0
45,2,1,1,25130,4375,10,2,5,7,0,18,18,2,50,2,0,3,7,"0,285714286",7,0,0,0,0,0,0,0
58,1,2,2,35441,4605,94,25,1,9,2,1,1,2,39,1,0,3,6,"0,166666667",8,0,0,0,0,0,0,0
69,1,2,1,71391,4562,50,336,123,274,46,123,141,5,1043,6,5,12,28,"0,214285714",3,0,0,0,0,0,0,0
53,3,0,1,49494,4535,46,191,9,97,0,6,82,2,385,6,1,5,14,"0,428571429",7,0,0,0,0,0,0,0
45,1,3,0,81702,4749,98,563,50,774,28,31,187,1,1633,7,7,12,27,"0,259259259",3,0,0,0,0,0,0,0
45,2,0,1,45889,4467,42,31,0,6,0,1,8,1,46,1,0,3,5,"0,2",6,0,0,0,0,0,0,0
48,1,0,1,56628,4205,30,479,5,82,7,17,171,2,761,7,6,5,20,"0,35",5,0,0,1,0,0,0,0
75,1,1,2,34026,4433,11,18,6,15,12,8,17,3,76,2,1,3,9,"0,222222222",5,0,0,0,0,0,0,0
51,1,2,1,40049,4682,61,91,65,52,10,44,28,3,290,3,2,6,14,"0,214285714",5,0,0,0,0,0,0,0
37,1,0,1,34176,4153,12,5,7,24,19,14,20,4,89,3,0,4,11,"0,272727273",6,0,0,0,0,0,0,0
44,1,2,1,19419,4701,76,2,14,28,16,3,7,4,70,4,0,3,11,"0,363636364",9,0,0,0,0,0,0,0
65,2,2,0,82504,4442,2,362,50,431,134,35,54,1,1066,3,6,7,17,"0,176470588",1,0,0,0,0,0,0,0
55,1,1,0,81205,4272,43,724,74,929,97,55,130,1,2009,5,6,7,19,"0,263157895",2,0,1,1,0,1,0,1
34,2,0,0,61618,4743,27,605,91,399,0,45,205,2,1345,3,6,8,19,"0,157894737",3,0,0,0,0,0,0,0
69,3,0,1,55284,4657,60,547,7,140,0,7,63,3,764,7,5,8,23,"0,304347826",5,0,0,0,0,0,0,0
62,1,0,1,49980,4354,79,104,1,54,13,9,14,2,195,3,1,5,11,"0,272727273",5,0,0,0,0,0,0,0
45,1,2,2,15072,4520,96,8,2,15,0,10,18,4,53,3,1,3,11,"0,272727273",5,0,0,0,0,0,0,0
51,1,0,1,49166,4486,17,224,2,25,7,0,110,2,368,5,3,3,13,"0,384615385",6,0,0,0,0,0,0,0
71,4,2,1,65324,4274,0,384,0,102,21,32,5,3,544,6,2,9,20,"0,3",4,0,0,0,0,0,0,0
68,2,2,0,82347,4705,38,556,54,845,202,133,63,1,1853,7,7,10,25,"0,28",3,1,0,1,0,0,0,0
59,4,1,2,30843,4139,43,24,0,2,0,0,9,2,35,1,1,2,6,"0,166666667",5,0,0,1,0,0,0,0
51,4,2,1,46374,4209,1,408,0,21,0,0,17,3,446,7,1,7,18,"0,388888889",8,1,0,0,1,0,0,1
46,1,0,1,60474,4559,25,265,199,303,234,9,170,7,1180,10,2,12,31,"0,322580645",7,0,0,0,0,0,0,0
52,3,2,1,38576,4222,2,34,0,7,0,0,0,1,41,1,0,3,5,"0,2",7,0,0,0,0,0,0,0
40,1,2,2,55357,4600,66,374,64,116,84,25,64,3,727,6,2,11,22,"0,272727273",5,0,0,0,0,0,0,0
59,1,1,2,37758,4738,49,27,2,10,0,0,1,2,40,1,0,3,6,"0,166666667",8,0,0,0,0,0,0,0
36,2,2,0,85710,4525,5,600,20,350,29,30,33,1,1062,6,9,10,26,"0,230769231",2,0,0,0,0,1,0,0
56,1,1,1,23228,4259,71,13,2,18,6,1,0,2,40,2,0,3,7,"0,285714286",8,0,0,0,0,0,0,0
56,3,1,2,44602,4239,35,167,2,89,0,0,34,6,292,6,1,4,17,"0,352941176",8,0,0,0,0,0,0,0
38,1,2,0,7500,4641,94,0,2,3,4,1,5,1,15,0,0,3,4,0,6,0,0,0,0,0,0,0
36,2,1,1,38683,4738,80,46,35,69,84,41,66,6,341,4,1,6,17,"0,235294118",7,0,0,0,0,0,0,0
50,2,0,1,49514,4299,61,88,39,78,58,13,93,2,369,6,1,4,13,"0,461538462",7,0,0,0,0,0,0,0
52,4,1,1,57906,4488,29,243,11,119,10,3,15,3,401,4,2,8,17,"0,235294118",4,0,0,0,0,0,0,0
59,3,0,1,43456,4565,0,275,11,68,25,7,7,3,393,5,1,8,17,"0,294117647",5,0,0,0,0,0,0,0
39,3,0,2,19485,4383,80,6,0,4,0,0,0,1,10,1,0,2,4,"0,25",7,0,0,0,0,0,0,0
47,1,1,1,53172,4524,54,121,62,90,68,20,125,3,486,2,3,8,16,"0,125",3,0,0,0,0,0,0,0
46,1,1,1,30545,4725,71,4,12,15,19,7,12,2,69,2,0,3,7,"0,285714286",7,0,0,0,0,0,0,0
42,4,1,0,70123,4379,27,1308,0,396,23,0,0,1,1727,5,7,4,17,"0,294117647",3,0,1,0,1,0,0,0
66,1,0,1,62450,4279,61,515,47,267,62,66,38,2,995,5,5,4,16,"0,3125",3,0,0,0,1,0,0,0
49,1,1,1,21675,4123,55,4,0,16,17,4,4,3,45,4,0,3,10,"0,4",7,0,0,0,0,0,0,0
44,2,0,2,42395,4191,35,48,13,57,24,15,25,4,182,3,1,4,12,"0,25",7,0,0,0,0,0,0,0
47,3,1,1,61346,4371,34,562,58,168,43,16,142,1,989,5,7,10,23,"0,217391304",3,0,0,0,0,0,0,0
72,1,1,0,80812,4390,95,769,22,500,210,143,33,1,1677,4,8,5,18,"0,222222222",2,1,0,1,0,1,0,0
54,3,3,2,42835,4469,64,379,4,93,12,9,98,7,595,6,6,4,23,"0,260869565",6,0,0,0,0,0,0,0
42,1,2,1,39922,4605,30,29,12,59,19,1,36,2,156,3,0,4,9,"0,333333333",8,0,0,0,0,0,0,0
69,3,0,0,86424,4190,12,387,68,569,89,45,68,1,1226,6,9,12,28,"0,214285714",1,0,0,0,0,0,0,0
47,2,1,1,17117,4633,96,12,23,38,30,18,7,4,128,3,1,3,11,"0,272727273",9,0,0,0,0,0,0,0
53,1,0,1,24762,4244,16,6,10,12,3,15,40,3,86,3,1,2,9,"0,333333333",8,0,0,1,0,0,0,1
50,1,2,1,35797,4726,16,27,1,14,4,1,21,2,68,2,0,3,7,"0,285714286",8,0,0,0,0,0,0,0
50,1,3,2,36627,4446,78,9,1,5,0,0,1,1,16,0,0,3,4,0,5,0,0,0,0,0,0,0
44,2,2,2,51111,4115,83,22,0,19,6,5,3,2,55,2,0,3,7,"0,285714286",6,0,0,0,0,0,0,0
53,4,0,0,86857,4760,96,899,102,838,133,102,40,1,2114,5,6,10,22,"0,227272727",2,0,0,0,0,0,0,1
55,4,1,0,82072,4467,67,889,55,685,168,92,129,1,2018,3,2,13,19,"0,157894737",1,0,0,0,0,0,0,0
72,4,0,3,46231,4685,87,189,2,55,0,5,12,4,263,6,1,4,15,"0,4",9,0,0,0,0,0,0,0
66,1,2,2,42243,4305,34,48,0,2,0,0,5,2,55,2,0,3,7,"0,285714286",7,0,0,0,0,0,0,0
63,1,1,2,51195,4559,46,230,14,156,82,24,58,8,564,9,2,5,24,"0,375",8,0,0,0,0,0,0,0
47,3,0,0,68092,4300,7,852,60,207,78,36,48,2,1281,2,6,10,20,"0,1",5,0,0,0,0,0,0,0
52,1,2,1,31814,4610,73,35,3,20,4,1,20,2,83,2,0,3,7,"0,285714286",9,0,0,1,0,0,0,0
60,3,4,2,51390,4764,54,205,20,47,23,2,56,6,353,5,2,5,18,"0,277777778",5,0,0,0,0,0,0,0
42,1,2,0,76630,4271,93,255,31,446,40,56,175,1,1003,3,10,11,25,"0,12",1,0,0,0,0,0,0,0
34,0,0,1,26868,4165,52,0,0,1,8,3,2,1,14,1,0,2,4,"0,25",7,0,0,0,0,0,0,0
82,4,3,0,48948,4618,53,437,8,206,160,49,42,2,902,7,10,5,24,"0,291666667",6,0,0,1,0,0,0,1
53,4,0,1,55260,4669,81,825,8,53,11,0,242,2,1139,8,10,5,25,"0,32",6,0,0,0,0,0,0,0
69,1,1,1,64090,4431,8,316,58,161,76,51,135,1,797,6,9,4,20,"0,3",5,0,0,0,0,0,0,1
67,1,3,1,78331,4262,97,756,138,354,160,169,61,2,1638,10,6,7,25,"0,4",4,0,0,0,0,0,0,0
51,4,2,1,37087,4427,50,194,55,134,15,0,3,3,401,4,2,8,17,"0,235294118",6,0,0,0,0,0,0,0
39,1,3,1,21846,4355,38,7,17,18,6,10,26,4,84,4,0,3,11,"0,363636364",8,0,0,0,0,0,0,0
67,1,2,0,81320,4613,61,183,33,493,59,103,57,1,928,4,3,10,18,"0,222222222",2,0,0,0,0,0,0,0
55,1,3,1,54137,4422,46,171,0,11,0,1,20,2,203,4,1,4,11,"0,363636364",6,0,0,0,0,0,0,0
58,1,1,0,66825,4455,73,243,101,405,29,40,40,1,858,4,5,6,16,"0,25",2,0,0,0,0,0,0,0
52,1,1,0,57100,4312,19,181,21,69,39,3,96,1,409,3,3,6,13,"0,230769231",3,0,0,0,0,0,0,0
56,1,1,3,58917,4567,10,151,7,89,0,7,28,5,282,4,1,6,16,"0,25",5,0,0,0,0,0,0,0
48,1,0,0,85072,4186,94,494,92,391,194,11,241,1,1423,3,4,10,18,"0,166666667",0,0,0,0,0,0,0,0
64,1,0,0,86429,4325,10,464,28,873,29,18,37,0,1449,7,4,7,18,"0,388888889",2,1,0,0,0,0,0,1
54,1,4,1,45684,4314,37,5,1,5,10,0,7,1,28,1,0,2,4,"0,25",7,0,0,0,0,0,0,0
51,1,1,1,47889,4281,94,29,0,29,0,5,4,1,67,2,0,3,6,"0,333333333",5,0,0,0,0,0,0,0
39,4,2,0,45921,4216,23,102,9,49,24,3,12,1,199,2,1,6,10,"0,2",4,0,0,0,0,0,0,0
59,4,0,0,78420,4470,75,604,28,674,91,28,28,1,1453,3,10,8,22,"0,136363636",1,0,0,0,0,0,0,0
33,1,1,0,75114,4339,40,571,12,523,63,60,24,1,1253,3,10,5,19,"0,157894737",2,0,0,0,0,0,0,0
62,4,4,1,52278,4625,24,953,0,71,0,0,174,6,1198,10,5,10,31,"0,322580645",8,0,0,0,0,0,0,1
53,3,2,1,35641,4455,11,63,3,67,8,9,28,2,178,3,1,4,10,"0,3",7,0,0,0,0,0,0,1
31,1,0,0,95529,4678,29,770,29,890,250,27,24,1,1990,7,3,7,18,"0,388888889",3,0,0,0,0,1,0,1
71,1,2,0,62820,4519,51,398,61,265,138,61,53,1,976,3,4,6,14,"0,214285714",1,0,0,0,0,0,0,0
65,3,1,0,73113,4290,86,741,19,154,50,9,28,1,1001,3,4,7,15,"0,2",2,0,0,0,0,0,0,0
43,4,2,0,84169,4431,9,1478,19,403,0,19,0,1,1919,7,6,6,20,"0,35",3,0,0,0,1,1,0,1
71,2,0,1,42607,4329,30,156,29,56,30,32,47,2,350,3,2,7,14,"0,214285714",3,0,0,0,0,0,0,0
71,4,0,0,74637,4512,73,960,64,464,146,0,16,1,1650,6,9,9,25,"0,24",3,1,0,0,0,0,0,0
70,4,1,2,46015,4182,25,38,0,2,0,0,6,1,46,1,0,3,5,"0,2",7,0,1,1,0,0,0,0
32,1,0,0,72354,4543,67,315,26,473,220,12,182,1,1228,2,10,6,19,"0,105263158",1,0,0,0,0,0,0,0
56,3,0,1,39858,4626,67,15,20,25,2,7,26,1,95,2,0,4,7,"0,285714286",6,0,0,0,0,0,0,1
77,4,2,2,34469,4161,58,19,6,20,0,5,12,3,62,1,1,4,9,"0,111111111",4,0,0,0,0,0,0,0
39,1,1,1,83033,4147,82,812,99,431,237,149,33,1,1761,11,4,10,26,"0,423076923",5,1,0,0,0,0,0,0
46,3,1,0,24401,4772,98,73,28,217,10,24,115,3,467,6,1,6,16,"0,375",8,0,0,0,0,0,0,0
47,1,2,0,77583,4244,93,372,23,384,250,12,108,1,1149,4,5,9,19,"0,210526316",2,1,0,0,0,0,0,0
43,2,0,0,74116,4286,53,871,111,704,145,55,166,1,2052,4,4,10,19,"0,210526316",2,0,0,0,1,0,0,0
32,1,0,0,74293,4161,66,375,152,335,93,91,81,1,1127,5,4,6,16,"0,3125",2,0,0,0,0,0,0,0
49,4,2,1,68397,4329,6,760,80,466,17,13,80,1,1416,6,9,5,21,"0,285714286",3,0,0,0,0,0,0,0
51,4,1,0,79632,4187,42,471,0,510,99,21,12,1,1113,6,4,9,20,"0,3",2,0,0,0,0,0,0,0
36,1,0,1,46107,4244,78,31,9,27,16,9,33,1,125,1,1,4,7,"0,142857143",3,0,0,0,0,0,0,0
74,4,0,1,64950,4791,29,819,0,72,12,0,63,2,966,11,2,10,25,"0,44",7,0,0,0,1,0,0,0
36,0,2,1,25443,4659,82,1,4,3,8,9,7,1,32,1,0,3,5,"0,2",8,0,0,0,0,0,0,0
73,1,0,0,75127,4143,92,203,35,305,46,17,227,1,833,2,11,5,19,"0,105263158",1,0,0,0,0,0,0,0
54,4,1,1,32892,4140,78,26,0,15,2,1,2,2,46,3,0,3,8,"0,375",8,0,0,0,0,0,0,0
54,1,1,0,71796,4353,54,354,21,311,167,75,32,1,960,9,3,4,17,"0,529411765",4,0,0,0,0,0,0,0
55,4,2,1,67536,4508,45,1253,0,447,23,71,35,3,1829,11,5,11,30,"0,366666667",8,1,0,0,0,0,0,0
54,1,0,1,55239,4455,59,371,17,238,23,24,106,3,779,7,5,11,26,"0,269230769",5,0,0,0,0,0,0,0
50,4,3,1,60554,4429,8,588,7,76,110,15,15,2,811,8,4,9,23,"0,347826087",6,0,0,0,0,0,0,0
73,2,0,2,64831,4489,51,480,86,249,75,86,144,8,1120,6,3,5,22,"0,272727273",6,0,0,0,0,0,0,0
63,4,1,1,56067,4449,51,517,12,54,16,6,120,2,725,7,4,7,20,"0,35",5,0,0,0,0,0,0,0
42,1,3,0,82025,4502,76,267,98,606,48,70,98,1,1187,3,2,6,12,"0,25",1,0,0,0,0,1,0,1
72,1,1,0,94384,4587,62,1111,24,790,160,45,172,0,2302,5,8,5,18,"0,277777778",2,1,0,0,1,1,0,1
39,0,0,0,14906,4659,86,7,7,14,7,16,15,3,66,2,1,3,9,"0,222222222",7,0,0,0,0,0,0,0
38,4,2,0,51563,4741,60,1166,0,48,0,0,36,1,1250,4,4,10,19,"0,210526316",8,0,0,0,1,1,0,0
43,2,2,1,57937,4238,56,261,42,144,55,48,133,3,683,4,4,9,20,"0,2",3,0,0,0,0,0,0,0
46,1,3,2,68274,4377,83,135,25,51,23,25,46,2,305,4,2,5,13,"0,307692308",3,0,0,0,0,0,0,0
48,1,1,1,39771,4310,92,6,2,18,2,8,14,1,50,2,0,3,6,"0,333333333",4,0,0,0,0,0,0,0
50,2,3,1,67893,4741,31,711,28,142,49,18,47,2,995,3,2,9,16,"0,1875",8,0,0,0,0,0,0,0
46,4,1,1,27922,4155,80,11,0,13,2,4,11,1,41,2,0,3,6,"0,333333333",4,0,0,0,0,0,0,0
49,4,1,2,52190,4157,39,42,0,17,0,0,18,3,77,2,1,3,9,"0,222222222",5,0,0,1,0,0,0,0
52,3,3,2,44051,4621,20,79,7,58,6,3,18,4,171,3,1,4,12,"0,25",6,0,0,0,0,0,0,1
54,4,0,2,42767,4519,53,20,6,43,19,5,38,1,131,3,1,2,7,"0,428571429",8,0,0,0,0,0,0,0
49,3,1,2,46106,4154,84,30,0,8,2,0,14,1,54,1,1,2,5,"0,2",6,0,0,0,0,0,0,0
49,4,2,2,16927,4609,50,20,2,23,3,1,4,5,53,3,0,4,12,"0,25",8,0,0,0,0,0,0,0
60,1,2,1,59754,4680,96,115,27,44,4,146,139,3,475,5,2,6,16,"0,3125",5,0,0,0,0,0,0,1
73,1,0,1,53700,4786,94,263,5,233,69,41,83,4,694,5,5,8,22,"0,227272727",5,0,0,0,0,0,0,0
52,1,2,2,59041,4158,25,69,2,15,2,2,6,2,96,2,0,4,8,"0,25",5,0,0,0,0,0,0,0
68,4,3,1,54237,4533,48,267,3,30,4,0,57,4,361,5,2,5,16,"0,3125",6,0,0,0,0,0,0,0
58,1,3,1,70647,4751,65,561,85,171,25,123,114,2,1079,4,7,13,26,"0,153846154",2,0,0,0,0,0,0,0
63,4,0,1,52597,4158,69,492,0,37,7,0,42,3,578,6,3,8,20,"0,3",5,0,0,0,0,0,0,0
56,3,1,1,41021,4651,12,14,7,9,6,16,12,2,64,2,0,3,7,"0,285714286",6,0,0,0,0,0,0,1
50,4,2,1,40233,4363,84,80,4,46,0,17,2,5,149,2,1,5,13,"0,153846154",6,0,0,0,0,0,0,0
45,1,2,2,50183,4109,47,97,12,84,13,10,15,7,231,3,1,6,17,"0,176470588",5,0,0,0,0,0,0,0
66,1,1,1,54753,4395,87,197,107,227,7,59,131,3,728,5,2,11,21,"0,238095238",4,0,0,0,0,0,0,0
52,1,2,0,92955,4419,35,693,21,925,31,24,84,1,1778,6,7,9,23,"0,260869565",2,1,0,0,0,1,0,1
52,1,2,1,33471,4730,47,43,2,27,0,9,12,3,93,3,0,4,10,"0,3",7,0,0,0,0,0,0,0
51,4,2,1,34596,4547,48,14,0,2,0,0,7,1,23,1,0,2,4,"0,25",8,0,0,0,0,0,0,1
45,1,1,1,44010,4729,46,186,36,234,86,72,48,6,662,10,2,6,24,"0,416666667",9,0,0,0,0,0,0,0
37,1,2,0,84219,4252,27,434,137,400,45,137,45,1,1198,3,4,10,18,"0,166666667",1,0,0,0,0,0,0,0
57,4,1,3,40706,4633,37,59,0,11,4,2,5,4,81,3,0,4,11,"0,272727273",7,0,0,0,0,0,0,0
37,2,2,1,15716,4699,8,16,5,30,8,7,26,3,92,3,0,4,10,"0,3",8,0,0,0,0,0,1,0
66,2,3,1,59052,4329,29,230,35,75,63,57,31,3,491,7,1,7,18,"0,388888889",5,0,0,0,0,0,0,0
54,3,1,0,80573,4728,85,829,138,430,60,92,15,1,1564,4,6,13,24,"0,166666667",2,0,0,0,0,0,0,0
63,1,2,0,83715,4251,2,318,8,407,150,35,8,1,926,2,8,13,24,"0,083333333",0,0,0,0,0,0,0,0
66,3,1,0,82576,4802,66,1206,55,445,168,18,18,1,1910,2,4,12,19,"0,105263158",1,0,0,0,0,1,0,0
60,3,2,3,56962,4366,60,292,3,77,10,3,26,7,411,6,3,5,21,"0,285714286",7,0,0,0,0,0,0,0
73,1,2,2,35704,4282,54,30,9,12,2,11,30,3,94,2,0,4,9,"0,222222222",4,0,0,0,0,0,0,0
71,1,1,1,53103,4395,70,729,17,133,11,0,195,5,1085,10,6,7,28,"0,357142857",7,0,0,1,0,0,0,0
65,2,4,2,46779,4457,55,12,1,3,0,0,7,1,23,0,1,2,4,0,4,0,0,0,0,0,0,0
60,1,3,0,4861,4112,20,2,1,1,1,0,1,0,6,0,0,0,0,0,14,0,0,0,0,0,0,0
46,3,3,1,33462,4431,78,22,3,18,0,0,11,1,54,2,0,3,6,"0,333333333",7,0,0,0,0,0,0,0
47,1,3,1,63693,4363,63,587,43,337,42,87,54,3,1150,11,6,9,29,"0,379310345",6,0,0,0,0,0,0,0
75,1,2,0,80763,4423,17,674,168,108,192,42,231,1,1415,5,11,6,23,"0,217391304",3,1,0,0,0,1,0,1
51,4,2,1,65352,4417,43,284,3,84,4,7,23,2,405,4,2,8,16,"0,25",4,0,0,0,0,0,0,0
47,4,2,0,82170,4321,13,1023,93,651,49,55,37,1,1908,5,6,7,19,"0,263157895",2,0,0,0,0,0,0,0
56,1,2,0,75759,4352,46,1394,22,708,89,91,182,1,2486,9,7,9,26,"0,346153846",5,1,0,1,0,1,0,1
49,2,0,0,79689,4518,65,311,26,640,180,37,121,1,1315,4,9,13,27,"0,148148148",2,0,0,0,0,0,0,0
69,4,4,2,35340,4105,1,27,0,12,0,1,5,2,45,2,0,3,7,"0,285714286",5,0,0,0,0,0,0,0
71,1,3,0,85683,4205,6,1296,17,311,45,69,51,1,1789,2,4,10,17,"0,117647059",1,1,1,0,1,1,0,1
53,2,2,1,24884,4682,32,3,6,7,0,0,3,1,19,0,0,3,4,0,7,0,0,0,0,0,0,0
44,3,1,1,42021,4772,34,393,5,136,7,5,27,5,573,10,1,6,22,"0,454545455",9,0,0,1,0,0,0,0
36,1,0,1,64449,4236,70,218,63,282,137,35,70,4,805,5,3,12,24,"0,208333333",4,0,0,0,0,0,0,0
71,1,3,2,64587,4112,49,66,0,16,0,6,20,2,108,1,1,4,8,"0,125",3,0,0,0,0,0,0,0
30,1,0,0,34824,4200,65,4,2,11,2,0,4,1,23,1,0,2,4,"0,25",6,0,0,0,0,0,0,0
47,1,1,0,75437,4337,25,795,0,545,95,58,0,1,1493,8,4,10,23,"0,347826087",6,1,0,0,0,0,0,0
68,1,1,2,26091,4229,84,15,10,19,8,17,20,3,89,2,1,3,9,"0,222222222",5,0,0,0,0,0,0,0
52,1,2,1,52845,4425,7,384,25,292,130,41,64,3,936,8,8,6,25,"0,32",6,0,0,1,0,0,0,0
69,1,3,1,46086,4343,34,244,8,32,7,2,50,4,343,3,1,8,16,"0,1875",4,0,0,0,0,0,0,0
69,4,4,1,78028,4762,38,158,19,288,25,0,38,1,528,6,4,9,20,"0,3",7,0,0,0,1,1,0,1
38,4,0,0,95169,4368,1,1285,21,449,106,20,20,1,1901,4,3,4,12,"0,333333333",1,1,0,0,0,1,0,1
44,2,2,2,56337,4564,25,349,16,144,28,5,182,5,724,8,5,4,22,"0,363636364",8,1,0,1,0,0,0,1
38,1,1,1,22434,4606,25,4,12,11,3,13,15,2,58,2,0,3,7,"0,285714286",8,0,0,0,0,0,0,0
71,4,2,1,36930,4513,50,223,2,31,0,2,39,5,297,5,2,4,16,"0,3125",8,0,0,0,0,0,0,0
71,1,0,1,36130,4617,46,157,43,127,68,56,37,6,488,3,8,4,21,"0,142857143",4,0,0,1,0,0,0,1
72,3,2,1,65569,4706,96,397,46,288,20,38,70,2,859,6,5,10,23,"0,260869565",3,0,0,0,0,0,0,0
73,1,1,0,83844,4518,57,901,31,345,75,31,191,1,1574,4,4,11,20,"0,2",1,0,0,0,0,1,0,0
57,1,2,2,19514,4259,47,14,3,21,2,1,28,4,69,3,1,2,10,"0,3",8,0,0,1,0,0,0,0
62,4,0,2,36736,4520,52,10,0,3,0,0,4,1,17,1,0,2,4,"0,25",6,0,0,0,0,0,0,0
46,1,1,1,77568,4778,30,1230,0,396,232,178,158,1,2194,10,2,8,21,"0,476190476",5,1,0,0,1,1,0,0
49,4,1,1,49187,4274,63,81,1,31,2,1,0,1,116,1,1,5,8,"0,125",2,0,0,0,0,0,0,0
47,1,0,1,30168,4584,51,154,20,66,0,12,27,7,279,6,1,4,18,"0,333333333",9,0,0,0,0,0,0,0
57,3,1,1,34053,4762,14,63,0,21,7,0,12,1,103,3,0,3,7,"0,428571429",8,0,0,0,0,0,0,0
54,3,2,2,38196,4177,20,30,0,11,0,0,3,3,44,2,0,4,9,"0,222222222",5,0,0,0,0,0,0,0
74,3,2,0,59412,4176,56,90,67,165,30,43,11,1,406,4,2,8,15,"0,266666667",3,0,0,0,0,0,0,0
60,2,2,0,70924,4188,41,635,114,254,132,152,76,1,1363,6,6,7,20,"0,3",3,0,0,0,0,1,0,0
56,1,1,0,54165,4502,72,127,4,73,15,6,11,1,236,2,1,7,11,"0,181818182",2,0,0,0,0,0,0,0
52,1,2,1,32300,4647,1,13,3,6,6,5,6,1,39,1,0,3,5,"0,2",8,0,0,0,0,0,0,0
49,1,0,0,20180,4599,27,18,42,24,15,20,18,1,137,2,1,4,8,"0,25",7,0,0,0,0,0,0,0
52,1,2,1,34961,4115,77,45,2,26,4,1,1,3,79,3,1,3,10,"0,3",7,0,0,0,0,0,0,0
51,4,1,1,28440,4462,87,38,1,24,0,0,0,1,63,2,0,3,6,"0,333333333",8,0,0,0,0,0,0,0
72,4,1,3,64504,4587,81,986,36,168,16,0,108,7,1314,11,3,4,25,"0,44",7,0,0,0,0,0,0,1
59,3,1,1,33564,4110,51,61,0,3,0,0,7,1,71,1,1,3,6,"0,166666667",5,0,0,0,0,0,0,0
47,1,2,1,17345,4708,79,4,9,16,17,0,12,2,58,2,1,2,7,"0,285714286",8,0,0,0,0,0,0,0
58,4,2,1,56320,4552,11,201,53,172,116,77,83,3,702,5,4,9,21,"0,238095238",4,0,0,0,0,0,0,0
47,1,0,1,28647,4417,54,19,8,29,0,12,26,1,94,2,2,2,7,"0,285714286",7,0,0,1,0,0,0,1
38,0,0,1,15038,4621,93,4,8,11,19,12,26,2,80,2,1,2,7,"0,285714286",9,0,0,0,0,0,0,0
67,4,3,1,32173,4437,0,18,0,2,0,0,2,1,22,1,0,3,5,"0,2",4,0,0,0,0,0,0,0
61,2,1,1,68316,4707,54,806,80,161,120,11,33,5,1211,10,7,10,32,"0,3125",6,0,0,0,0,0,0,0
54,1,1,0,74538,4470,21,380,98,733,110,112,28,1,1461,8,8,5,22,"0,363636364",3,0,0,0,0,1,0,1
54,1,0,0,91700,4633,58,576,172,961,125,115,19,1,1968,8,6,5,20,"0,4",3,0,0,0,0,0,0,1
56,1,1,0,68695,4109,3,458,81,356,106,50,40,1,1091,4,4,7,16,"0,25",2,0,0,0,0,0,0,0
48,2,2,1,31056,4628,99,5,10,13,3,8,16,1,55,1,0,3,5,"0,2",8,0,0,0,0,0,0,0
52,1,2,0,79593,4153,70,350,60,568,110,133,145,1,1366,5,6,7,19,"0,263157895",2,0,0,0,0,1,0,0
45,1,0,0,28071,4774,65,39,33,130,41,26,44,2,313,5,1,5,13,"0,384615385",8,0,0,0,0,0,0,0
67,4,1,2,37334,4228,44,26,1,16,2,2,15,4,62,3,0,4,11,"0,272727273",4,0,0,0,0,0,0,0
53,3,0,2,46423,4389,6,68,0,16,0,0,8,3,92,2,0,4,9,"0,222222222",7,0,0,0,0,0,0,0
54,4,2,1,37126,4196,9,45,3,9,4,4,7,1,72,1,2,2,6,"0,166666667",6,0,0,1,0,0,0,1
72,1,2,1,47703,4501,95,359,0,134,13,26,123,4,655,6,3,8,21,"0,285714286",5,0,0,0,0,0,0,0
66,1,2,1,61180,4172,70,403,24,29,6,24,218,2,704,5,5,6,18,"0,277777778",3,0,0,1,0,0,0,0
71,1,2,2,38998,4708,92,34,1,14,0,0,5,3,54,2,0,3,8,"0,25",8,0,0,0,0,0,1,0
34,1,0,0,8028,4754,62,73,18,66,7,12,2,15,178,0,1,0,16,0,19,0,0,0,0,0,0,0
63,1,1,0,76081,4142,85,292,30,415,63,33,200,1,1033,4,5,4,14,"0,285714286",2,1,0,0,0,0,0,0
39,1,1,1,34728,4439,2,14,0,16,0,0,6,1,36,1,1,2,5,"0,2",6,0,0,0,0,0,0,1
60,3,0,1,33168,4729,0,80,1,37,0,1,3,3,122,2,1,4,10,"0,2",7,0,0,0,0,0,0,0
59,3,2,1,33585,4382,91,30,11,33,13,6,29,1,122,2,0,4,7,"0,285714286",4,0,0,0,0,0,0,0
65,4,2,1,77037,4364,3,463,96,333,168,53,10,1,1123,7,7,12,27,"0,259259259",3,0,0,0,0,0,0,0
41,1,1,1,35196,4698,68,75,12,141,43,39,187,6,497,6,1,5,18,"0,333333333",8,0,0,0,0,0,0,1
59,1,2,1,44529,4464,98,538,13,91,17,6,26,6,691,6,2,11,25,"0,24",5,0,0,0,1,0,0,0
60,2,2,0,70924,4188,41,635,114,254,132,152,76,1,1363,6,6,7,20,"0,3",3,0,0,0,0,1,0,0
59,4,1,2,28764,4129,16,8,0,3,0,0,1,1,12,1,0,2,4,"0,25",8,0,0,1,0,0,0,0
76,4,2,0,69098,4603,82,1315,22,780,145,0,178,1,2440,7,8,9,25,"0,28",5,0,0,0,0,0,0,0
55,2,3,2,25959,4605,1,4,2,12,7,5,26,2,56,1,2,2,7,"0,142857143",6,0,0,0,0,0,0,1
42,3,2,1,27100,4555,64,12,0,13,2,0,10,1,37,1,0,3,5,"0,2",7,0,0,0,0,0,0,0
40,1,0,0,70596,4737,68,347,44,534,17,0,26,1,968,3,5,12,21,"0,142857143",2,0,0,0,0,0,0,0
51,1,2,1,42557,4774,98,192,5,53,0,5,15,4,270,6,1,4,15,"0,4",8,0,0,0,0,0,0,0
74,4,2,0,53312,4429,32,241,0,12,0,0,25,1,278,5,1,5,12,"0,416666667",7,0,0,0,0,0,0,0
73,1,0,0,72228,4684,87,631,28,491,30,14,56,1,1250,6,7,8,22,"0,272727273",3,0,0,0,0,0,0,0
38,1,1,0,67605,4560,84,336,28,282,184,54,54,1,938,2,8,6,17,"0,117647059",1,0,0,0,0,0,0,0
76,3,2,2,62845,4741,3,1099,0,45,0,0,34,11,1178,3,4,10,28,"0,107142857",8,0,0,0,1,0,0,0
67,1,1,2,65196,4444,34,743,19,181,12,0,200,2,1155,7,6,11,26,"0,269230769",5,0,0,1,0,0,0,0
38,4,0,0,42000,4640,23,124,83,267,85,59,35,2,653,5,2,11,20,"0,25",5,0,0,0,0,0,0,1
52,4,3,2,35860,4146,37,15,0,8,4,2,20,2,49,1,1,2,6,"0,166666667",5,0,0,1,0,0,0,0
61,4,2,1,65526,4184,22,397,19,69,12,0,9,1,506,4,4,8,17,"0,235294118",2,0,0,0,0,0,0,0
64,1,2,2,16860,4760,19,10,4,4,3,3,14,3,38,1,1,3,8,"0,125",7,0,0,0,0,0,0,0
33,1,0,0,83528,4164,7,530,117,678,134,44,147,1,1650,4,10,8,23,"0,173913043",1,1,0,1,0,0,0,1
60,2,3,1,64176,4800,52,1215,33,249,64,116,149,8,1826,8,9,8,33,"0,242424242",6,0,0,0,0,0,0,0
69,1,3,0,22304,4799,91,3,2,7,0,4,2,1,18,1,0,2,4,"0,25",8,0,0,0,0,0,0,0
47,1,2,0,67023,4222,93,444,44,382,11,8,17,1,906,3,7,13,24,"0,125",2,0,0,0,0,0,1,0
54,4,1,1,32892,4140,78,26,0,15,2,1,2,2,46,3,0,3,8,"0,375",8,0,0,0,0,0,0,0
59,1,1,1,70713,4678,23,736,114,279,82,76,190,6,1477,5,6,8,25,"0,2",3,0,0,0,0,0,0,0
70,1,1,1,59925,4681,83,473,21,176,19,21,56,3,766,9,2,9,23,"0,391304348",6,0,0,0,0,0,0,0
72,1,2,1,39722,4230,92,32,0,5,2,0,8,2,47,2,0,3,7,"0,285714286",5,0,0,0,0,0,0,0
67,1,1,0,46610,4451,4,288,10,30,4,10,125,1,467,6,1,6,14,"0,428571429",6,0,0,0,0,0,0,0
64,1,1,0,88347,4466,32,1050,178,555,77,138,118,1,2116,4,7,9,21,"0,19047619",1,1,0,0,0,0,0,0
44,4,2,0,87171,4529,27,1001,44,107,58,44,44,1,1298,6,7,11,25,"0,24",2,0,0,1,0,1,0,0
49,2,1,2,26907,4418,10,9,1,7,0,3,2,2,22,1,0,3,6,"0,166666667",7,0,0,0,0,0,0,0
57,3,0,1,50014,4263,9,234,14,77,19,10,42,2,396,4,1,8,15,"0,266666667",5,0,0,0,0,0,0,0
47,4,2,1,41014,4538,65,7,2,6,2,0,3,1,20,1,0,2,4,"0,25",7,0,0,0,0,0,0,0
60,1,0,0,66294,4209,68,251,108,334,65,92,117,1,967,4,3,5,13,"0,307692308",2,0,0,0,0,0,0,0
54,1,2,1,36715,4694,16,172,10,125,21,13,16,6,357,7,2,4,19,"0,368421053",9,0,0,0,0,0,0,1
69,1,2,0,79456,4781,12,565,42,548,64,83,99,1,1401,5,6,4,16,"0,3125",3,0,0,0,0,0,0,1
43,1,1,1,40479,4421,95,5,0,8,2,0,0,1,15,0,0,3,4,0,4,0,0,0,0,0,0,0
55,3,0,0,75345,4617,16,918,57,842,99,38,133,1,2087,5,8,6,20,"0,25",3,1,0,0,0,0,0,1
48,1,2,1,54233,4615,46,652,8,158,21,0,142,4,981,11,6,5,26,"0,423076923",8,0,0,0,0,0,0,0
55,1,0,2,24163,4365,3,4,1,7,2,1,2,2,17,1,0,3,6,"0,166666667",4,0,0,0,0,0,0,0
67,4,1,0,84460,4646,80,152,27,103,106,54,81,0,523,9,9,4,22,"0,409090909",5,1,1,0,1,1,0,1
42,1,1,1,43776,4162,77,8,0,9,2,1,3,1,23,1,0,2,4,"0,25",6,0,0,0,0,0,0,0
67,4,0,0,71691,4209,0,336,130,411,240,32,43,1,1192,4,7,5,17,"0,235294118",2,0,0,0,0,0,0,1
52,4,2,0,85844,4136,62,938,19,843,25,95,38,1,1958,6,6,7,20,"0,3",2,0,0,0,0,1,0,0
51,4,0,1,39190,4169,91,68,8,18,19,8,12,2,133,2,1,4,9,"0,222222222",5,0,0,0,0,0,0,0
66,1,1,0,71367,4415,24,227,23,389,42,21,75,1,777,4,5,7,17,"0,235294118",2,0,0,0,0,0,0,0
53,4,0,2,38578,4477,2,38,4,22,3,3,3,3,73,3,0,3,9,"0,333333333",8,0,0,0,0,0,0,0
60,4,2,2,57236,4214,22,105,0,9,2,1,4,3,121,2,1,4,10,"0,2",3,0,0,0,0,0,0,0
46,1,0,1,61825,4431,56,162,50,100,55,30,27,1,424,4,2,8,15,"0,266666667",4,0,0,0,0,0,0,0
67,1,3,1,79803,4132,54,574,8,216,21,16,33,1,868,4,3,5,13,"0,307692308",1,0,0,0,0,0,0,0
39,2,0,0,80910,4711,71,160,80,369,67,39,41,1,756,3,3,8,15,"0,2",1,0,0,0,0,0,0,0
43,3,1,1,27590,4537,38,6,0,5,0,0,1,1,12,1,0,2,4,"0,25",7,0,0,0,0,0,0,0
46,1,2,1,56775,4648,62,614,35,160,58,35,35,2,937,5,8,10,25,"0,2",5,0,0,0,0,0,0,0
50,1,3,0,83829,4369,78,897,161,430,186,161,27,0,1862,4,7,6,17,"0,235294118",1,1,0,1,0,1,0,1
46,2,2,1,54210,4510,18,70,54,109,80,9,45,2,367,4,1,7,14,"0,285714286",5,0,0,0,0,0,0,0
39,1,2,1,38508,4436,95,120,19,206,25,19,54,6,443,7,2,5,20,"0,35",8,0,0,0,0,0,0,0
55,1,1,1,53187,4351,66,211,2,30,7,7,10,2,267,4,1,6,13,"0,307692308",5,0,0,0,0,0,0,0
53,1,2,1,30023,4202,28,11,0,16,7,6,21,1,61,2,0,3,6,"0,333333333",8,0,0,0,0,0,0,0
65,4,0,0,76045,4331,78,760,53,400,17,93,0,1,1323,4,5,11,21,"0,19047619",2,1,0,0,0,0,0,0
73,4,2,1,50870,4115,13,53,0,8,0,0,2,1,63,2,0,3,6,"0,333333333",5,0,0,0,0,0,0,0
55,2,2,0,15315,4435,27,7,4,13,15,8,17,2,64,2,0,4,8,"0,25",5,0,0,0,0,0,0,0
51,2,2,1,65463,4255,17,391,32,70,21,32,16,2,562,6,2,9,19,"0,315789474",5,0,0,0,1,0,0,0
60,1,2,2,66480,4134,71,199,9,57,20,21,6,7,312,4,1,7,19,"0,210526316",4,0,0,0,0,0,0,0
71,1,3,0,76773,4594,79,516,56,449,86,33,16,1,1156,2,2,11,16,"0,125",1,0,0,0,0,0,0,0
42,2,0,0,81698,4590,1,709,45,115,30,160,45,1,1104,8,2,5,16,"0,5",5,1,0,0,0,0,0,1
52,4,0,2,54466,4245,78,12,0,4,0,0,0,1,16,1,0,2,4,"0,25",5,0,0,0,0,0,0,0
65,3,0,0,98777,4237,23,1000,19,711,125,115,38,0,2008,4,6,9,19,"0,210526316",1,0,0,0,1,0,0,0
41,4,0,1,16269,4408,75,19,3,18,3,1,0,3,44,3,0,3,9,"0,333333333",8,0,0,0,0,0,0,0
54,1,1,1,71819,4410,70,1224,28,140,0,14,168,3,1574,3,3,5,14,"0,214285714",6,0,0,0,1,1,0,0
42,4,2,1,33569,4361,10,16,2,18,3,0,24,1,63,1,1,2,5,"0,2",8,0,0,1,0,0,0,1
42,3,2,0,36262,4387,24,88,39,54,64,28,153,1,426,3,5,3,12,"0,25",6,0,0,1,0,0,0,1
59,0,1,0,22634,4634,47,2,23,11,8,6,46,1,96,2,1,2,6,"0,333333333",8,0,0,0,0,0,0,0
47,2,2,1,47025,4395,98,508,11,59,23,5,29,5,635,11,1,6,23,"0,47826087",9,0,0,0,0,0,0,0
57,1,0,1,70566,4371,4,381,28,215,84,28,21,2,757,6,5,9,22,"0,272727273",3,0,0,0,0,0,0,0
46,4,2,1,31605,4689,15,74,0,42,2,1,6,2,125,2,1,4,9,"0,222222222",7,0,0,0,0,0,0,0
52,3,3,2,52034,4513,67,146,0,93,7,13,73,5,332,4,2,5,16,"0,25",7,0,0,0,0,0,0,0
46,1,0,1,48526,4292,32,23,17,23,43,20,9,1,135,2,1,4,8,"0,25",3,0,0,0,0,0,0,0
71,1,2,1,46734,4693,40,110,5,137,26,23,29,2,330,6,1,5,14,"0,428571429",7,0,0,0,0,0,0,0
63,1,3,2,39552,4663,54,165,3,147,4,24,41,7,384,6,2,5,20,"0,3",8,0,0,0,0,0,0,1
59,1,0,2,86358,4795,78,957,47,494,82,47,95,4,1722,5,3,6,18,"0,277777778",8,0,0,0,0,0,0,0
48,1,1,3,46931,4171,94,41,0,17,3,1,16,2,78,1,1,3,7,"0,142857143",3,0,0,0,0,0,0,0
40,0,0,0,16581,4638,51,1,3,4,2,3,11,1,24,0,0,3,4,0,4,0,0,0,0,0,0,0
73,2,3,0,63998,4296,42,176,29,818,0,33,112,1,1168,7,6,11,25,"0,28",4,0,0,0,0,0,0,1
74,3,2,1,67381,4635,67,815,8,53,11,0,70,4,957,2,2,9,17,"0,117647059",7,0,0,0,1,0,0,0
58,1,0,2,25930,4367,87,6,1,2,2,0,4,1,15,1,0,2,4,"0,25",7,0,0,0,0,0,0,0
47,1,2,1,42693,4127,29,8,4,20,6,3,16,1,57,1,0,3,5,"0,2",5,0,0,0,0,0,0,0
49,1,1,1,85606,4699,89,717,42,864,219,30,84,2,1956,6,7,9,24,"0,25",3,1,0,0,0,0,0,0
40,1,0,0,72903,4348,74,1067,138,750,0,19,39,1,2013,7,5,8,21,"0,333333333",4,1,0,0,1,1,0,1
51,2,1,1,49669,4141,97,166,5,107,11,8,29,2,326,5,1,6,14,"0,357142857",6,0,0,0,0,0,0,0
57,4,2,2,36778,4798,63,29,4,34,2,4,4,3,77,3,0,3,9,"0,333333333",9,0,0,0,0,0,0,0
63,4,3,0,85696,4527,88,714,76,395,116,0,12,1,1313,4,6,9,20,"0,2",1,0,0,0,0,0,0,1
36,3,3,0,10979,4143,34,8,4,10,2,2,4,2,30,3,0,3,8,"0,375",5,0,0,0,0,0,0,0
64,1,2,1,49678,4617,81,229,5,56,3,2,20,2,315,6,2,4,14,"0,428571429",7,0,0,0,0,0,0,0
72,3,1,1,56129,4479,65,320,48,133,39,72,48,4,660,6,2,10,22,"0,272727273",4,0,0,0,0,0,0,0
36,1,2,1,37155,4619,51,23,0,26,7,15,3,1,74,2,0,4,7,"0,285714286",5,0,0,0,0,0,0,0
47,2,3,1,21282,4154,76,1,5,8,4,8,20,2,46,2,1,2,7,"0,285714286",6,0,0,0,0,0,0,0
63,4,0,1,33419,4421,76,56,0,12,0,0,18,2,86,2,0,4,8,"0,25",7,0,0,0,0,0,0,0
80,1,4,0,63285,4341,84,508,124,249,50,38,134,1,1103,6,5,13,25,"0,24",3,0,0,0,0,0,0,0
51,3,1,1,21255,4264,56,29,0,25,2,2,3,4,61,2,1,4,11,"0,181818182",4,0,0,0,0,0,0,0
44,1,1,1,42162,4327,31,46,7,59,2,4,27,2,145,3,1,3,9,"0,333333333",6,0,0,1,0,0,0,1
69,1,1,2,54450,4758,0,454,0,171,8,19,32,12,684,9,2,8,31,"0,290322581",8,0,0,0,0,0,0,0
71,4,2,1,57744,4334,91,350,3,39,0,0,19,2,411,9,1,4,16,"0,5625",8,0,0,0,0,0,0,0
39,1,0,1,26576,4729,40,10,0,8,0,0,9,1,27,1,0,2,4,"0,25",9,0,0,1,0,0,0,1
82,4,4,0,57513,4463,59,735,40,183,52,20,30,2,1060,9,3,13,27,"0,333333333",6,0,0,0,0,0,0,0
61,1,1,1,68142,4774,96,897,126,196,91,112,37,3,1459,10,4,7,24,"0,416666667",6,0,0,0,0,0,0,0
46,1,2,1,7500,4774,61,5,2,3,3,0,5,1,18,1,0,2,4,"0,25",8,0,0,0,0,0,0,0
51,1,1,0,83145,4750,14,777,35,731,39,137,114,1,1833,5,9,11,26,"0,192307692",2,0,0,0,0,1,0,1
65,3,2,1,54197,4192,16,162,6,37,6,13,13,2,237,1,3,6,12,"0,083333333",1,0,0,0,0,0,0,0
62,4,0,2,23091,4137,98,35,0,11,0,0,2,4,48,2,1,3,10,"0,2",7,0,0,0,0,0,0,0
49,1,2,2,46049,4448,11,342,9,112,19,14,19,10,515,5,2,9,26,"0,192307692",7,0,0,0,0,0,0,1
51,1,1,0,56715,4676,52,258,105,239,237,172,9,1,1020,7,3,4,15,"0,466666667",4,0,0,0,0,0,0,0
64,1,2,0,79410,4136,19,658,80,483,123,13,13,1,1370,3,2,5,11,"0,272727273",1,0,0,0,0,0,0,0
74,1,2,1,57304,4580,61,356,80,329,138,17,106,2,1026,7,6,10,25,"0,28",5,0,0,0,0,0,0,0
60,1,2,1,44375,4203,73,213,5,28,7,7,41,1,301,4,1,6,12,"0,333333333",5,0,0,0,0,0,0,0
69,1,1,2,54450,4758,0,454,0,171,8,19,32,12,684,9,2,8,31,"0,290322581",8,0,0,0,0,0,0,0
60,1,2,1,59594,4722,74,457,4,29,0,0,9,1,499,8,1,7,17,"0,470588235",7,0,0,0,1,0,0,0
31,1,1,0,80685,4781,55,241,45,604,34,26,54,1,1004,6,4,10,21,"0,285714286",2,0,0,0,0,0,0,0
51,4,2,1,40344,4364,48,210,0,6,0,0,2,2,218,4,1,5,12,"0,333333333",7,0,0,0,0,0,0,0
53,1,2,1,62710,4507,53,441,35,83,7,29,11,4,606,4,2,12,22,"0,181818182",4,0,0,0,0,0,0,0
57,2,2,1,48985,4464,13,19,13,18,10,7,8,1,75,1,1,3,6,"0,166666667",3,0,0,0,0,0,0,0
57,1,1,3,35322,4781,34,28,9,37,12,7,13,3,106,2,0,4,9,"0,222222222",8,0,0,0,0,0,0,0
77,1,2,0,77142,4501,54,476,75,162,29,151,97,1,990,4,4,8,17,"0,235294118",2,0,0,0,0,0,0,0
56,1,0,0,81657,4263,69,364,40,425,158,60,50,1,1097,3,4,8,16,"0,1875",1,0,0,0,0,0,0,0
29,0,2,0,14421,4237,81,0,0,2,3,3,8,1,16,1,0,2,4,"0,25",5,0,0,1,0,0,0,0
51,2,2,0,20130,4209,99,0,6,3,7,6,12,1,34,1,0,3,5,"0,2",8,0,0,0,0,0,0,0
35,4,2,0,74214,4777,3,863,83,547,86,99,33,1,1711,8,2,5,16,"0,5",5,0,0,0,0,0,0,0
68,3,2,2,66726,4273,61,349,7,35,0,0,47,3,438,8,2,4,17,"0,470588235",7,0,0,0,1,0,0,0
46,0,1,1,23724,4642,65,5,23,15,0,18,14,2,75,2,0,3,7,"0,285714286",8,0,0,0,0,0,0,0
65,3,2,1,47353,4333,93,184,2,19,8,8,4,3,225,2,2,6,13,"0,153846154",5,0,0,0,0,0,0,0
73,3,2,2,33444,4708,24,8,0,8,0,0,2,1,18,1,0,2,4,"0,25",8,0,0,0,0,0,0,0
44,1,2,1,54386,4513,8,277,21,64,62,21,25,2,470,3,2,10,17,"0,176470588",3,0,0,0,0,0,0,0
44,1,3,2,28510,4547,72,44,5,19,0,4,19,3,91,2,0,4,9,"0,222222222",5,0,0,0,0,0,0,0
34,3,0,0,90638,4241,29,1156,120,915,94,144,96,1,2525,3,4,10,18,"0,166666667",1,0,0,0,0,1,0,0
75,1,1,1,48070,4637,33,373,14,83,6,9,19,3,504,8,2,6,19,"0,421052632",7,0,0,0,0,0,1,0
68,1,2,1,43140,4645,68,134,8,76,6,0,11,1,235,4,1,5,11,"0,363636364",6,0,0,0,0,0,0,0
64,4,3,1,54959,4631,55,1148,0,60,0,0,24,3,1232,9,5,4,21,"0,428571429",7,0,0,0,1,0,0,1
67,0,0,2,15056,4527,76,6,12,3,21,6,40,5,88,2,2,3,12,"0,166666667",5,0,0,0,0,0,0,0
54,1,0,1,26954,4157,17,4,1,11,0,0,1,1,17,1,0,2,4,"0,25",7,0,0,0,0,0,0,0
40,1,0,1,22327,4436,94,5,4,8,2,0,5,1,24,1,0,3,5,"0,2",5,0,0,0,0,0,0,0
60,1,2,2,44393,4416,86,24,2,20,2,2,10,2,60,1,0,4,7,"0,142857143",4,0,0,0,0,0,0,0
73,4,0,1,62000,4413,25,899,0,101,0,0,20,1,1020,6,6,13,26,"0,230769231",4,1,0,0,0,0,0,0
63,4,1,1,31497,4675,22,108,1,28,13,1,4,2,155,3,1,4,10,"0,3",8,0,0,0,0,0,0,0
51,2,2,2,45894,4227,15,27,2,7,0,2,13,1,51,1,0,3,5,"0,2",5,0,0,0,0,0,0,0
55,3,3,0,78579,4659,35,816,66,549,216,66,99,1,1812,5,6,4,16,"0,3125",3,0,0,0,0,0,0,1
56,3,4,1,67369,4694,81,1298,0,70,37,14,42,4,1461,7,4,10,25,"0,28",4,0,0,0,1,1,0,1
65,1,3,1,58401,4175,55,10,0,11,17,29,29,1,96,1,2,2,6,"0,166666667",4,0,0,0,0,0,0,0
73,1,0,1,62307,4237,94,87,13,34,10,6,10,1,160,4,0,4,9,"0,444444444",5,0,0,0,0,0,0,0
56,3,2,2,43641,4538,50,57,2,51,4,2,23,3,139,2,1,4,10,"0,2",6,0,0,0,0,0,0,0
57,3,3,1,63841,4539,64,635,15,100,20,7,131,1,908,9,3,9,22,"0,409090909",6,0,0,0,0,0,0,0
60,2,2,1,46891,4406,91,43,12,23,29,15,61,1,183,2,1,4,8,"0,25",4,0,0,0,0,0,0,0
56,3,2,1,70091,4560,11,964,34,137,15,0,11,2,1161,5,2,10,19,"0,263157895",8,0,0,0,1,0,0,0
53,4,2,0,78075,4190,72,572,8,259,34,35,80,1,988,3,5,5,14,"0,214285714",1,0,0,0,0,0,0,0
64,2,4,1,59184,4763,6,341,142,113,259,151,66,3,1072,6,6,12,27,"0,222222222",5,0,0,0,0,0,0,0
48,1,2,2,54809,4396,0,63,6,57,13,13,22,4,174,2,1,5,12,"0,166666667",4,0,0,0,0,0,0,0
66,1,2,1,58113,4625,66,221,104,169,102,78,84,3,758,9,2,8,22,"0,409090909",7,0,0,0,0,0,1,0
67,3,2,1,51412,4285,42,140,3,29,4,5,14,2,195,3,2,4,11,"0,272727273",4,0,0,0,0,0,0,0
46,1,3,1,15287,4732,60,1,2,8,4,3,13,2,31,1,1,2,6,"0,166666667",7,0,0,1,0,0,0,1
68,3,1,0,66636,4421,64,291,10,689,84,10,0,1,1084,3,4,9,17,"0,176470588",1,0,0,0,0,0,0,0
69,3,2,1,50965,4599,87,544,13,85,8,6,29,3,685,10,4,5,22,"0,454545455",8,0,0,1,0,0,0,0
60,4,2,0,84618,4324,96,684,100,801,21,66,0,1,1672,6,9,10,26,"0,230769231",2,0,0,0,0,1,0,0
35,1,2,0,18351,4348,1,1,12,9,0,14,7,1,43,2,0,3,6,"0,333333333",7,0,0,0,0,0,0,0
68,4,1,2,40451,4238,54,35,0,4,0,0,10,1,49,1,1,2,5,"0,2",5,0,0,1,0,0,0,0
60,1,1,1,36317,4508,53,87,3,25,3,2,13,2,133,3,0,4,9,"0,333333333",7,0,0,0,0,0,0,0
68,1,1,1,42213,4365,96,309,3,24,4,3,20,2,363,5,1,7,15,"0,333333333",7,0,0,0,1,0,0,0
70,1,1,1,65748,4545,58,172,73,93,95,78,34,2,545,2,4,10,18,"0,111111111",1,0,0,0,0,0,1,0
53,1,1,1,77044,4350,12,625,38,242,50,34,76,2,1065,7,11,11,31,"0,225806452",4,0,0,1,0,0,0,0
56,1,1,0,74918,4579,78,972,59,913,25,19,59,1,2047,5,9,6,21,"0,238095238",3,0,0,0,0,1,0,0
53,1,2,2,56721,4711,64,157,6,39,6,13,75,5,296,4,1,5,15,"0,266666667",6,0,0,0,0,0,0,0
50,1,0,2,42160,4471,26,48,9,45,3,15,20,4,140,2,1,4,11,"0,181818182",6,0,0,0,0,0,0,1
60,1,0,1,61559,4452,8,279,83,88,32,14,34,1,530,4,2,10,17,"0,235294118",3,0,0,0,0,0,0,0
62,4,1,2,33629,4795,49,132,0,16,0,0,4,5,152,3,1,4,13,"0,230769231",9,0,0,0,0,0,0,0
34,4,1,0,68682,4371,56,919,0,505,99,30,45,1,1598,4,9,10,24,"0,166666667",2,0,0,0,0,0,0,0
62,1,0,1,34377,4631,55,62,0,22,3,1,26,2,114,2,2,2,8,"0,25",7,0,0,0,0,0,0,0
39,0,0,1,8940,4781,25,1,45,3,4,6,42,3,101,3,1,3,10,"0,3",8,0,0,0,0,0,0,0
52,1,2,1,26228,4385,50,2,6,4,3,1,9,1,25,1,0,2,4,"0,25",8,0,0,0,0,0,0,0
68,2,3,0,77297,4624,84,408,61,109,48,122,41,1,789,5,7,9,22,"0,227272727",4,1,0,0,0,0,0,0
44,1,2,2,40211,4439,30,51,1,7,2,1,25,2,87,2,1,2,7,"0,285714286",8,0,0,1,0,0,0,0
67,4,4,2,33438,4385,81,62,1,16,3,2,6,4,90,2,1,4,11,"0,181818182",5,0,0,0,0,0,0,0
66,4,2,1,75032,4532,74,952,12,180,47,12,12,2,1215,5,4,9,20,"0,25",3,0,0,0,0,0,0,0
70,4,0,0,61284,4365,76,618,15,106,20,7,45,1,811,11,2,8,22,"0,5",6,0,0,0,1,0,0,0
39,1,2,1,22518,4720,36,11,7,12,2,2,27,2,61,2,1,2,7,"0,285714286",5,0,0,1,0,0,0,1
50,3,2,1,54730,4423,64,318,3,17,4,7,56,5,405,4,1,8,18,"0,222222222",4,0,0,0,0,0,0,0
70,3,2,2,38452,4196,62,56,0,14,0,0,2,3,72,3,0,3,9,"0,333333333",7,0,0,0,0,0,0,0
54,1,3,2,44421,4604,53,110,5,59,7,1,7,5,189,5,0,4,14,"0,357142857",8,0,0,0,0,0,0,0
39,4,1,1,38197,4470,86,23,0,11,2,1,3,1,40,1,0,3,5,"0,2",5,0,0,0,0,0,0,0
47,1,3,1,41986,4245,15,27,5,8,8,3,12,3,63,3,0,4,10,"0,3",4,0,0,0,0,0,0,0
42,1,1,1,28427,4570,67,18,3,19,3,3,6,2,52,2,0,3,7,"0,285714286",8,0,0,0,0,0,0,0
49,4,1,1,37395,4163,47,18,0,9,0,1,11,1,39,1,0,3,5,"0,2",6,0,0,0,0,0,0,0
54,1,2,1,64722,4139,47,303,0,280,60,147,15,4,805,8,2,11,25,"0,32",6,0,0,0,0,0,0,0
69,3,1,1,55249,4178,81,97,1,19,2,0,11,1,130,2,1,4,8,"0,25",3,0,0,0,0,0,0,0
53,1,1,0,84906,4373,98,997,15,414,99,30,76,1,1631,5,6,12,24,"0,208333333",2,0,1,0,1,1,0,0
36,1,2,1,28691,4465,56,5,4,13,8,0,4,1,34,1,0,3,5,"0,2",8,0,0,0,0,0,0,0
73,1,0,2,44213,4317,48,95,11,35,0,4,7,4,152,2,1,5,12,"0,166666667",6,0,0,0,0,0,0,0
41,0,0,1,25707,4267,18,1,6,2,3,6,3,1,21,1,0,3,5,"0,2",7,0,0,0,0,0,0,0
58,4,2,3,59062,4374,74,46,1,12,3,0,9,2,71,2,0,3,7,"0,285714286",4,0,0,0,0,0,0,0
63,1,0,1,76624,4141,68,411,106,147,54,115,66,1,899,5,10,7,23,"0,217391304",1,0,0,1,0,0,0,0
78,3,1,0,66000,4175,36,244,51,270,101,0,45,1,711,1,3,5,10,"0,1",1,0,0,0,0,0,0,0
47,4,1,1,27683,4799,90,152,9,121,12,12,45,4,351,6,2,4,16,"0,375",8,0,0,0,0,0,0,0
54,1,3,0,1730,4147,65,1,1,3,1,1,1,15,8,0,0,0,15,0,20,0,0,0,0,0,0,0
33,0,0,1,7500,4678,63,10,17,18,8,26,40,4,119,3,2,2,11,"0,272727273",9,0,0,0,0,0,0,0
57,1,1,2,40521,4555,82,12,0,5,0,0,4,1,21,0,1,2,4,0,5,0,0,0,0,0,0,0
52,4,1,1,20427,4202,63,5,0,4,0,0,1,1,10,1,0,2,4,"0,25",8,0,0,0,0,0,0,0
50,1,2,1,65106,4141,55,790,19,133,12,0,19,3,973,8,3,13,27,"0,296296296",6,0,0,0,1,0,0,0
60,4,2,0,69969,4411,64,882,29,514,38,29,44,1,1536,4,2,6,13,"0,307692308",3,1,0,0,0,1,0,1
73,1,2,2,67433,4453,51,615,28,259,12,48,30,4,992,6,5,13,28,"0,214285714",4,0,0,0,1,0,0,0
58,4,2,1,77766,4597,97,1004,59,265,115,59,27,2,1529,11,10,11,34,"0,323529412",6,0,0,1,0,0,0,1
53,1,2,1,74716,4395,92,133,27,421,13,195,71,2,860,7,3,5,17,"0,411764706",4,0,0,0,0,0,0,0
62,1,3,1,68118,4359,51,595,23,123,10,23,154,2,928,8,9,4,23,"0,347826087",6,0,0,0,0,0,0,0
55,4,2,2,55158,4804,72,293,0,87,4,11,23,4,418,7,2,5,18,"0,388888889",7,0,0,0,0,0,0,1
70,2,2,1,62972,4800,39,313,15,47,20,0,192,2,587,7,4,3,16,"0,4375",6,0,0,0,0,0,0,1
50,1,2,1,74190,4153,49,151,81,86,168,91,64,2,641,4,2,11,19,"0,210526316",2,0,0,0,0,0,0,0
49,1,2,2,39356,4207,21,15,0,2,0,0,6,1,23,1,0,2,4,"0,25",6,0,0,1,0,0,0,0
56,1,1,0,76653,4422,91,736,63,946,219,189,126,1,2279,4,7,11,23,"0,173913043",2,1,0,0,0,1,0,0
52,4,3,2,35860,4146,37,15,0,8,4,2,20,2,49,1,1,2,6,"0,166666667",5,0,0,1,0,0,0,0
42,4,3,0,90687,4508,98,982,17,672,23,34,51,1,1779,6,2,8,17,"0,352941176",2,0,0,0,0,1,0,1
43,3,1,0,73450,4311,85,1142,51,415,90,69,37,1,1804,7,8,11,27,"0,259259259",3,1,0,1,0,0,0,0
65,1,2,2,31454,4463,40,28,0,11,0,0,9,3,48,2,0,3,8,"0,25",8,0,0,0,0,0,0,0
73,1,0,2,47139,4220,2,46,0,12,0,2,23,2,83,2,1,2,7,"0,285714286",7,0,0,0,0,0,0,1
50,1,3,0,83829,4369,78,897,161,430,186,161,27,0,1862,4,7,6,17,"0,235294118",1,1,0,1,0,1,0,1
62,4,2,2,53378,4748,41,489,6,152,8,6,132,10,793,9,4,6,29,"0,310344828",8,0,0,0,0,0,0,1
55,1,1,1,19656,4611,94,25,4,9,6,8,32,3,84,2,1,3,9,"0,222222222",7,0,0,0,0,0,0,0
77,4,2,1,45579,4418,10,145,1,33,2,1,1,1,183,4,1,4,10,"0,4",6,0,0,0,0,0,0,0
67,2,0,0,85485,4113,73,630,26,611,44,18,54,1,1383,6,6,6,19,"0,315789474",2,0,0,0,0,0,0,0
81,1,2,0,55956,4188,22,760,38,104,50,9,38,2,999,7,3,4,16,"0,4375",4,0,0,0,1,0,0,0
62,3,0,1,64191,4628,30,420,15,186,151,38,15,3,825,5,3,13,24,"0,208333333",3,0,0,0,0,0,0,0
53,1,0,1,38808,4777,21,125,17,52,3,19,30,4,246,5,1,4,14,"0,357142857",8,0,0,1,0,0,0,1
59,3,2,2,57183,4572,51,464,5,64,7,0,70,8,610,9,1,7,25,"0,36",8,0,0,0,0,0,0,0
57,3,3,1,23748,4690,97,6,6,29,12,15,8,3,76,2,1,3,9,"0,222222222",8,0,0,0,0,0,0,0
54,1,2,1,66303,4593,56,1090,12,96,16,12,60,4,1286,3,4,11,22,"0,136363636",8,0,0,0,1,0,0,0
50,3,2,1,37368,4300,4,3,2,11,2,2,10,1,30,1,0,2,4,"0,25",6,0,0,1,0,0,0,0
61,1,2,3,40800,4649,77,24,0,27,8,30,10,2,99,3,0,3,8,"0,375",7,0,0,0,0,0,1,0
47,1,3,0,71847,4751,95,737,21,106,55,63,210,0,1192,6,7,9,22,"0,272727273",3,1,0,0,0,0,0,0
50,1,2,1,46149,4317,36,254,6,71,4,0,27,5,362,5,1,7,18,"0,277777778",5,0,0,0,0,0,0,0
42,1,1,0,78687,4794,13,817,185,687,145,55,241,1,2130,4,6,8,19,"0,210526316",2,0,0,0,0,1,0,1
54,2,3,0,49118,4785,90,620,54,239,99,98,119,2,1229,9,7,10,28,"0,321428571",7,0,1,0,1,0,0,1
68,4,2,2,37633,4752,49,13,4,20,0,0,1,2,38,1,0,3,6,"0,166666667",9,0,0,0,0,0,0,0
74,3,1,0,39767,4448,18,113,61,204,34,26,47,2,485,7,1,7,17,"0,411764706",8,0,0,0,0,0,0,0
74,0,2,0,26997,4706,89,7,23,78,133,49,144,2,434,4,2,5,13,"0,307692308",7,0,0,0,0,0,0,0
55,1,3,1,33986,4577,43,16,2,18,2,1,5,1,44,1,0,3,5,"0,2",7,0,0,0,0,0,0,0
53,4,2,1,57091,4688,82,462,0,24,6,0,4,2,496,9,2,5,18,"0,5",7,0,0,0,1,0,0,1
56,2,2,2,46831,4491,84,22,2,10,6,4,34,2,78,1,2,2,7,"0,142857143",4,0,0,0,0,0,0,0
53,3,2,0,83151,4609,80,968,147,842,137,42,210,1,2346,5,7,10,23,"0,217391304",2,1,0,1,0,1,0,1
54,1,2,0,52531,4651,68,283,112,151,51,72,125,2,794,7,2,10,21,"0,333333333",6,0,0,0,0,0,0,0
69,1,2,0,15759,4402,12,1,2,5,6,0,3,1,17,1,0,2,4,"0,25",7,0,0,0,0,0,0,0
54,1,0,1,22804,4438,75,14,1,7,2,1,1,1,26,2,0,2,5,"0,4",9,0,0,0,0,0,0,0
52,2,2,1,43050,4208,10,30,5,24,6,3,8,2,76,2,0,4,8,"0,25",5,0,0,0,0,0,0,0
48,4,0,2,42997,4309,91,4,0,5,0,1,5,1,15,1,0,2,4,"0,25",7,0,0,0,0,0,0,0
62,4,0,2,48918,4183,21,52,0,9,0,0,1,2,62,1,0,4,7,"0,142857143",4,0,0,0,0,0,0,0
71,3,1,1,60033,4197,28,62,1,57,19,11,48,2,198,2,1,5,10,"0,2",2,0,0,0,0,0,0,0
47,4,1,1,34043,4352,97,20,2,14,3,0,10,1,49,2,0,2,5,"0,4",9,0,0,0,0,0,0,0
59,1,1,1,57811,4475,49,545,7,114,37,21,78,5,802,7,2,11,25,"0,28",5,0,0,0,1,0,0,0
79,1,2,0,78569,4235,14,558,79,622,207,175,95,1,1736,4,6,4,15,"0,266666667",1,0,0,0,0,1,0,1
47,1,0,2,7500,4654,5,6,5,4,13,4,25,4,57,2,1,3,10,"0,2",6,0,0,0,0,0,0,0
54,3,1,1,157733,4495,37,39,1,9,2,0,8,0,59,1,0,1,2,"0,5",1,0,0,0,0,0,0,0
72,1,1,0,94384,4587,62,1111,24,790,160,45,172,0,2302,5,8,5,18,"0,277777778",2,1,0,0,1,1,0,1
40,2,2,0,23148,4236,83,4,6,8,6,3,10,1,37,2,0,3,6,"0,333333333",7,0,0,0,0,0,0,0
55,1,3,2,44267,4594,48,183,5,65,3,5,49,5,310,5,2,4,16,"0,3125",9,0,0,0,0,0,0,0
46,1,2,0,71626,4710,94,546,72,376,94,145,72,1,1305,5,5,8,19,"0,263157895",3,0,0,0,1,0,0,0
59,1,1,1,60894,4471,61,606,7,155,10,0,54,5,832,10,3,8,26,"0,384615385",7,0,0,0,0,0,0,0
49,1,1,2,50200,4557,70,266,6,51,8,6,64,6,401,7,1,5,19,"0,368421053",8,0,0,0,0,0,0,0
60,4,2,0,81051,4142,43,1142,29,249,38,29,14,1,1501,5,5,12,23,"0,217391304",2,0,0,0,1,1,0,0
43,1,2,0,65169,4271,23,1074,0,69,0,0,46,1,1189,10,4,13,28,"0,357142857",6,1,1,1,0,1,0,1
53,1,1,1,59868,4447,37,771,51,154,54,10,154,7,1194,11,2,12,32,"0,34375",6,0,0,0,0,0,0,0
65,4,2,1,65695,4254,50,371,32,189,0,58,6,2,656,5,4,10,21,"0,238095238",4,0,0,0,0,0,0,0
69,3,0,0,64857,4688,78,556,14,717,210,0,43,1,1540,7,5,10,23,"0,304347826",4,0,0,0,0,0,0,0
60,3,1,1,45143,4412,74,202,5,74,11,5,14,3,311,6,1,5,15,"0,4",7,0,0,0,0,0,0,0
70,2,1,1,74805,4340,14,209,162,209,41,162,37,5,820,4,7,10,26,"0,153846154",2,0,0,0,0,0,0,0
36,2,2,1,59060,4274,77,35,40,111,36,40,12,3,274,3,1,7,14,"0,214285714",4,0,0,0,0,0,0,0
63,4,0,2,27238,4540,39,37,0,17,0,0,3,3,57,3,0,3,9,"0,333333333",9,0,0,0,0,0,0,0
60,1,1,1,47009,4376,89,171,45,73,59,10,90,4,448,3,2,8,17,"0,176470588",4,0,0,0,0,0,0,0
52,2,2,2,46094,4124,62,12,2,20,3,2,5,1,44,1,0,3,5,"0,2",7,0,0,0,0,0,0,0
53,1,2,2,40321,4440,59,44,4,21,6,0,27,2,102,3,0,3,8,"0,375",7,0,0,0,0,0,0,0
41,1,1,1,37235,4253,68,20,2,9,4,6,20,1,61,1,1,2,5,"0,2",4,0,0,0,0,0,0,0
65,3,2,0,81843,4538,13,779,86,537,34,69,138,1,1643,5,9,12,27,"0,185185185",3,0,0,0,0,0,0,0
67,3,1,1,46692,4493,37,170,6,97,24,12,88,3,397,6,1,5,15,"0,4",6,0,0,0,0,0,0,0
57,1,1,1,77382,4278,36,491,48,231,112,105,134,2,1121,5,7,12,26,"0,192307692",1,0,0,0,0,1,0,0
48,1,0,2,37774,4769,28,173,8,107,7,2,176,4,473,7,2,3,16,"0,4375",9,0,0,1,0,0,1,1
51,0,2,1,18393,4197,2,7,10,13,16,0,4,2,50,3,0,3,8,"0,375",8,0,0,0,0,0,0,0
63,3,2,1,72828,4605,17,1205,0,235,19,14,205,6,1678,6,3,13,28,"0,214285714",7,0,0,0,0,0,0,0
43,1,2,0,24711,4177,86,10,7,25,6,3,7,1,58,3,0,3,7,"0,428571429",7,0,0,0,0,0,0,0
50,4,2,1,45503,4382,54,97,4,44,6,1,18,1,170,3,1,4,9,"0,333333333",5,0,0,0,0,0,0,0
43,3,0,0,6560,4304,2,67,11,26,4,3,262,0,373,1,0,1,2,"0,5",17,0,0,0,0,0,0,0
80,4,1,0,71604,4329,3,345,53,528,98,75,97,1,1196,8,3,5,17,"0,470588235",4,0,0,1,0,0,0,1
46,1,2,1,27244,4219,84,6,5,17,3,24,46,2,101,2,2,2,8,"0,25",7,0,0,0,0,0,0,0
56,1,2,2,48752,4669,8,73,57,100,71,15,0,5,316,6,1,5,17,"0,352941176",9,0,0,0,0,0,0,1
63,1,2,1,71434,4389,4,711,36,217,172,96,168,3,1400,7,4,7,21,"0,333333333",4,1,0,0,1,0,0,0
77,1,0,0,90842,4440,57,774,70,118,182,187,93,1,1424,4,9,13,27,"0,148148148",1,0,0,0,0,0,0,0
47,3,2,1,88097,4785,24,163,0,480,0,126,75,1,844,6,5,8,20,"0,3",9,1,0,0,1,1,0,1
50,1,2,1,51948,4390,51,82,33,54,71,30,41,2,311,5,2,4,13,"0,384615385",5,0,0,0,0,0,0,0
43,1,1,0,71853,4522,29,358,108,413,141,97,32,1,1149,2,8,6,17,"0,117647059",1,0,0,0,0,0,0,0
42,3,2,0,35876,4175,13,66,2,40,4,3,14,1,129,3,1,3,8,"0,375",6,0,0,0,0,0,0,0
73,1,4,1,40049,4361,23,13,6,7,0,3,3,1,32,1,0,3,5,"0,2",6,0,0,0,0,0,0,0
43,1,0,1,39660,4795,36,139,13,78,20,13,36,3,299,7,1,3,14,"0,5",9,0,0,0,0,0,0,1
63,1,1,1,50127,4136,88,274,0,21,4,6,15,1,320,5,1,6,13,"0,384615385",6,0,0,0,1,0,0,0
48,3,2,1,43263,4690,2,262,6,61,0,10,102,3,441,5,2,6,16,"0,3125",5,0,0,0,0,0,0,0
76,3,2,2,62845,4741,3,1099,0,45,0,0,34,11,1178,3,4,10,28,"0,107142857",8,0,0,0,1,0,0,1
35,1,2,0,18929,4603,15,32,0,8,23,4,18,1,85,1,0,4,6,"0,166666667",6,0,0,0,0,0,0,0
43,0,0,1,24367,4571,58,2,4,2,0,11,5,1,24,1,0,2,4,"0,25",9,0,0,0,0,0,0,0
50,1,0,1,33249,4599,11,6,10,21,19,14,42,2,112,2,1,3,8,"0,25",6,0,0,0,0,0,0,0
66,2,2,1,26887,4609,27,6,7,4,3,4,6,1,30,1,0,3,5,"0,2",6,0,0,0,0,0,0,0
42,4,2,0,50150,4479,32,135,46,92,65,61,11,2,410,5,2,7,16,"0,3125",5,0,0,0,0,0,0,0
49,1,1,1,62061,4407,12,641,7,84,0,30,38,3,800,10,4,7,24,"0,416666667",6,0,0,0,1,0,0,0
63,4,3,0,85696,4527,88,714,76,395,116,0,12,1,1313,4,6,9,20,"0,2",1,0,0,0,0,0,0,1
69,4,1,0,76542,4561,91,794,73,573,0,29,14,1,1483,4,8,10,23,"0,173913043",2,0,0,0,0,0,0,0
32,1,0,0,70515,4356,12,420,0,452,182,64,140,1,1258,6,6,4,17,"0,352941176",2,0,0,0,0,0,0,1
38,1,1,1,18227,4703,21,1,2,7,4,3,11,1,28,0,1,2,4,0,8,0,0,0,0,0,0,0
60,1,2,1,69139,4258,23,86,12,75,33,15,6,1,227,4,1,5,11,"0,363636364",4,0,0,0,0,0,0,0
43,1,2,0,69109,4702,10,823,25,459,124,29,95,1,1555,6,6,7,20,"0,3",4,0,0,0,0,1,0,1
63,1,0,1,69627,4574,35,231,161,215,171,30,53,2,861,8,2,11,23,"0,347826087",5,0,0,0,0,0,0,0
47,1,2,1,38136,4538,69,8,15,27,0,20,33,2,103,3,1,2,8,"0,375",8,0,0,1,0,0,0,0
79,4,0,0,62159,4167,68,182,17,259,77,70,29,1,634,6,2,10,19,"0,315789474",4,0,0,0,0,0,0,0
62,1,0,0,80695,4287,85,557,129,984,193,37,18,1,1918,5,8,5,19,"0,263157895",2,0,0,0,0,0,0,0
54,3,0,2,33316,4373,34,79,1,31,4,4,12,3,131,2,1,4,10,"0,2",6,0,0,0,0,0,0,0
57,1,1,2,58554,4746,55,368,24,68,38,0,88,6,586,8,2,6,22,"0,363636364",7,0,0,0,0,0,0,0
33,0,2,1,17256,4323,10,6,4,14,8,8,22,2,62,2,1,2,7,"0,285714286",8,0,0,1,0,0,0,0
51,1,3,2,53034,4500,30,160,15,196,15,11,50,8,447,6,1,7,22,"0,272727273",8,0,0,0,0,0,0,0
75,2,1,0,52203,4803,36,488,21,238,56,108,28,1,939,8,7,11,27,"0,296296296",6,0,0,0,0,0,0,0
48,2,3,1,59601,4444,14,691,7,69,0,7,23,4,797,2,2,7,15,"0,133333333",8,0,0,0,1,0,0,0
67,3,0,1,75154,4768,79,543,10,205,160,143,82,1,1143,6,3,6,16,"0,375",3,0,0,0,0,0,0,1
49,1,0,1,47025,4339,52,254,7,108,20,0,26,3,415,6,3,5,17,"0,352941176",6,0,0,0,0,0,0,0
52,1,2,1,37971,4321,97,5,4,10,2,2,7,1,30,1,0,3,5,"0,2",8,0,0,0,0,0,0,0
57,3,3,1,41335,4290,24,112,19,21,16,14,5,3,187,4,1,4,12,"0,333333333",7,0,0,0,0,0,0,0
67,1,2,1,67267,4152,0,134,11,59,15,2,30,1,251,3,2,5,11,"0,272727273",2,0,0,0,0,0,0,0
50,1,0,1,57338,4166,96,143,6,52,11,8,17,2,237,4,1,5,12,"0,333333333",5,0,0,0,0,0,0,0
65,2,1,2,50523,4291,89,51,4,24,4,7,1,2,91,2,0,4,8,"0,25",6,0,0,0,0,0,0,0
60,3,0,3,35791,4524,94,27,0,5,0,0,3,2,35,1,0,3,6,"0,166666667",8,0,0,0,0,0,0,0
65,4,3,1,50611,4738,98,459,0,24,6,0,4,6,493,4,5,7,22,"0,181818182",6,0,0,0,1,0,0,0
56,4,2,1,56242,4588,72,689,8,167,11,8,88,5,971,8,4,11,28,"0,285714286",6,0,0,0,0,0,0,0
65,1,0,1,48904,4679,1,283,10,38,0,13,27,4,371,7,2,4,17,"0,411764706",8,0,0,0,0,0,0,0
50,1,0,3,56243,4286,26,347,0,35,4,3,7,6,396,4,2,8,20,"0,2",5,0,0,0,0,0,0,0
40,1,2,1,21355,4418,5,5,13,14,0,5,31,2,68,2,1,2,7,"0,285714286",6,0,0,1,0,0,0,1
54,3,1,1,57420,4474,22,280,0,18,0,0,24,3,322,5,1,6,15,"0,333333333",7,0,0,0,1,0,0,0
70,3,3,1,46390,4160,56,95,14,64,2,9,38,1,222,4,2,3,10,"0,4",7,0,0,0,0,0,0,0
69,2,1,2,54342,4466,74,84,10,34,11,10,28,4,177,3,1,4,12,"0,25",6,0,0,0,0,0,0,0
52,1,2,1,20895,4736,24,18,3,17,3,0,4,1,45,2,0,3,6,"0,333333333",9,0,0,0,0,0,0,0
77,1,2,0,92344,4270,9,992,24,694,51,19,119,0,1899,5,10,5,20,"0,25",1,0,0,1,0,1,0,0
49,2,1,2,26907,4418,10,9,1,7,0,3,2,2,22,1,0,3,6,"0,166666667",7,0,0,0,0,0,0,0
45,1,1,2,44964,4665,35,19,1,17,2,0,2,1,41,1,0,3,5,"0,2",8,0,0,0,0,0,0,0
46,1,1,0,75507,4163,56,709,93,374,104,80,80,1,1440,8,6,6,21,"0,380952381",3,0,0,0,0,0,0,0
53,3,2,2,53761,4366,7,158,0,76,13,7,71,6,325,4,4,3,17,"0,235294118",5,0,0,0,0,0,0,0
52,1,1,1,22682,4374,51,10,14,29,4,2,36,3,95,2,1,4,10,"0,2",4,0,0,0,0,0,0,0
53,4,1,1,38887,4224,17,25,1,13,0,0,3,1,42,1,0,3,5,"0,2",7,0,0,0,0,0,0,0
50,2,0,2,41658,4702,30,8,4,12,15,4,29,2,72,1,1,2,6,"0,166666667",4,0,0,0,0,0,0,0
53,4,2,1,29791,4150,21,14,0,6,0,0,0,2,20,2,0,3,7,"0,285714286",5,0,0,0,0,0,0,0
69,3,2,2,63915,4439,2,622,7,115,30,0,15,2,789,6,3,12,23,"0,260869565",5,0,0,0,0,0,0,0
51,1,3,2,39996,4143,85,11,0,3,0,0,1,1,15,1,0,2,4,"0,25",6,0,0,0,0,0,0,0
53,1,3,1,26759,4247,65,25,3,16,8,5,2,2,59,2,1,3,8,"0,25",6,0,0,0,0,0,0,0
57,3,3,1,63841,4539,64,635,15,100,20,7,131,1,908,9,3,9,22,"0,409090909",6,0,0,0,0,0,0,0
56,4,2,2,51039,4671,11,100,64,79,65,0,109,2,417,6,2,4,14,"0,428571429",7,0,0,0,0,0,0,0
64,1,2,2,60544,4778,92,201,2,43,3,5,35,4,289,5,1,5,15,"0,333333333",6,0,0,0,0,0,0,0
53,1,2,1,65685,4197,54,642,14,49,0,7,57,1,769,9,2,9,21,"0,428571429",5,0,0,0,0,0,0,0
72,1,2,1,37716,4174,4,97,1,41,6,2,41,2,188,4,1,3,10,"0,4",7,0,0,0,0,0,0,0
68,1,0,1,36864,4790,53,204,5,39,17,0,89,3,354,5,2,4,14,"0,357142857",8,0,0,0,0,0,0,1
55,3,2,1,44511,4730,39,513,7,133,46,14,14,6,727,8,4,8,26,"0,307692308",8,0,0,0,0,0,0,0
58,4,2,2,36947,4796,49,88,3,21,4,1,29,4,146,3,0,4,11,"0,272727273",9,0,0,0,0,0,0,0
74,3,1,1,47352,4549,70,172,12,112,8,0,15,4,319,6,1,5,16,"0,375",7,0,0,0,0,0,0,0
72,3,2,1,67087,4299,40,329,35,222,130,35,43,2,794,7,5,8,22,"0,318181818",4,0,0,0,0,0,0,0
75,1,2,1,57045,4764,40,296,13,104,11,13,17,3,454,4,2,9,18,"0,222222222",3,0,0,0,0,0,0,0
72,4,3,2,36957,4766,43,100,2,16,2,1,31,4,152,3,2,2,11,"0,272727273",9,0,0,0,0,0,0,1
48,4,2,1,69389,4744,17,422,7,238,69,46,15,1,797,7,2,12,22,"0,318181818",4,0,0,0,0,0,0,0
53,1,2,1,80134,4510,40,1218,16,272,104,0,80,2,1690,5,3,6,16,"0,3125",6,1,0,0,1,1,0,1
56,3,2,2,43142,4236,84,5,1,7,2,1,4,1,20,1,0,2,4,"0,25",7,0,0,0,0,0,0,0
81,1,2,0,80589,4263,25,507,93,520,242,40,26,1,1428,5,10,5,21,"0,238095238",1,1,0,0,0,0,0,1
35,1,0,1,34412,4606,62,52,12,50,4,36,55,3,209,5,0,3,11,"0,454545455",9,0,0,0,0,0,0,0
46,1,0,1,57537,4489,83,191,56,139,51,8,100,4,545,4,3,8,19,"0,210526316",4,0,0,0,0,0,0,0
59,0,1,0,22634,4634,47,2,23,11,8,6,46,1,96,2,1,2,6,"0,333333333",8,0,0,0,0,0,0,0
77,1,1,0,51315,4231,45,68,28,39,16,30,41,1,222,2,2,5,10,"0,2",2,0,0,0,0,0,0,0
53,1,2,3,36026,4210,34,20,4,10,6,4,17,2,61,2,0,3,7,"0,285714286",6,0,0,0,0,0,0,0
52,1,2,2,24639,4257,3,20,3,16,0,4,1,3,44,2,0,4,9,"0,222222222",6,0,0,0,0,0,0,0
53,4,1,3,34578,4184,1,7,0,1,0,0,0,1,8,1,0,2,4,"0,25",6,0,0,0,0,0,0,0
53,2,0,0,65704,4364,18,279,172,74,38,8,246,1,817,2,10,10,23,"0,086956522",1,0,0,0,0,0,0,0
59,1,0,1,63810,4700,45,977,12,253,16,12,101,4,1371,4,3,12,23,"0,173913043",8,0,0,0,1,0,0,0
56,4,1,1,54132,4238,81,30,1,8,0,0,3,1,42,1,0,3,5,"0,2",7,0,0,0,0,0,0,0
66,1,2,0,18690,4653,77,6,1,7,23,4,19,1,60,1,1,2,5,"0,2",8,0,0,0,0,0,0,0
55,1,2,1,28164,4526,23,3,18,26,11,8,12,3,78,2,0,4,9,"0,222222222",7,0,0,0,0,0,0,0
51,4,2,1,34596,4547,48,14,0,2,0,0,7,1,23,1,0,2,4,"0,25",8,0,0,0,0,0,0,0
53,4,2,1,43269,4391,61,10,1,7,0,0,1,1,19,1,0,2,4,"0,25",8,0,0,0,0,0,0,0
67,2,0,2,38741,4196,60,7,10,17,8,6,13,2,61,2,0,3,7,"0,285714286",7,0,0,0,0,0,0,0
53,1,0,0,31907,4587,75,33,87,64,175,16,74,1,449,6,1,6,14,"0,428571429",7,0,0,0,0,0,0,0
42,3,2,1,27100,4555,64,12,0,13,2,0,10,1,37,1,0,3,5,"0,2",7,0,0,0,0,0,0,0
52,2,3,1,31163,4241,54,2,3,10,11,2,10,1,38,1,0,3,5,"0,2",6,0,0,0,0,0,0,0
40,1,2,0,92533,4297,84,693,21,118,110,147,42,1,1131,6,5,11,23,"0,260869565",2,1,0,0,0,1,0,0
52,1,0,2,34853,4293,75,9,3,15,2,3,2,2,34,2,0,3,7,"0,285714286",6,0,0,0,0,0,0,0
58,1,3,2,70844,4347,16,129,26,67,3,67,2,5,294,6,1,5,17,"0,352941176",7,0,0,0,0,0,0,0
46,2,2,2,31086,4526,79,16,2,11,3,0,16,2,48,1,1,2,6,"0,166666667",8,0,0,1,0,0,0,0
64,1,2,2,60544,4778,92,201,2,43,3,5,35,4,289,5,1,5,15,"0,333333333",6,0,0,0,0,0,0,0
39,2,1,0,20491,4625,16,5,4,5,4,2,10,1,30,0,1,2,4,0,7,0,0,0,0,0,0,0
61,1,2,0,42523,4172,96,14,36,11,3,26,35,1,125,1,1,4,7,"0,142857143",2,0,0,0,0,0,0,0
42,1,2,1,39922,4605,30,29,12,59,19,1,36,2,156,3,0,4,9,"0,333333333",8,0,0,0,0,0,0,0
73,1,1,2,33402,4451,60,26,2,19,10,5,8,3,70,2,1,3,9,"0,222222222",8,0,0,0,0,0,0,0
76,3,2,2,36408,4386,11,9,1,4,3,2,3,1,22,1,0,2,4,"0,25",6,0,0,0,0,0,0,0
46,1,1,1,21645,4769,75,14,0,23,4,5,19,3,65,3,0,3,9,"0,333333333",9,0,0,0,0,0,0,1
77,3,4,0,78427,4718,36,972,19,595,180,26,138,3,1930,3,7,10,23,"0,130434783",3,1,0,0,0,0,0,1
79,1,1,0,82657,4380,71,966,168,672,246,105,126,1,2283,7,5,10,23,"0,304347826",4,1,0,0,1,0,0,0
67,1,2,0,51876,4362,88,99,27,102,28,48,6,1,310,2,2,8,13,"0,153846154",1,0,0,0,0,0,0,0
54,2,2,0,78041,4665,93,482,35,553,72,160,17,1,1319,4,4,9,18,"0,222222222",2,0,0,0,0,0,0,0
68,1,2,1,52852,4680,93,714,8,99,11,0,47,4,879,10,7,5,26,"0,384615385",8,0,0,1,0,0,0,0
43,4,1,0,70038,4352,54,587,54,348,71,54,130,1,1244,4,4,8,17,"0,235294118",2,0,0,0,0,0,0,0
52,2,1,1,69401,4203,41,399,27,159,58,8,39,4,690,4,4,5,17,"0,235294118",2,0,0,0,0,0,0,0
53,1,1,1,46053,4602,46,56,10,92,19,7,25,3,209,3,2,4,12,"0,25",5,0,0,0,0,0,0,0
60,1,2,0,77343,4125,28,227,151,573,98,54,31,1,1134,3,4,9,17,"0,176470588",1,0,0,0,0,0,0,0
72,1,0,0,73892,4333,40,703,102,601,0,58,43,1,1507,3,11,8,23,"0,130434783",1,0,0,0,0,0,0,1
58,4,0,1,40304,4377,82,37,0,17,0,0,3,1,57,2,0,3,6,"0,333333333",7,0,0,0,0,0,0,0
60,4,1,0,32727,4775,38,167,13,180,86,13,70,2,529,7,3,5,17,"0,411764706",8,0,0,0,0,0,0,0
56,1,1,0,68695,4109,3,458,81,356,106,50,40,1,1091,4,4,7,16,"0,25",2,0,0,0,0,0,0,0
54,1,3,1,43300,4729,87,91,3,52,2,1,31,3,180,4,0,4,11,"0,363636364",8,0,0,0,0,0,0,1
53,1,1,2,26290,4638,49,15,8,16,11,5,22,4,77,2,0,4,10,"0,2",6,0,0,0,0,0,0,0
55,1,0,0,93790,4242,16,1302,68,731,89,114,45,0,2349,6,7,12,25,"0,24",2,1,0,0,1,1,0,1
51,4,2,0,38410,4758,65,153,64,123,116,64,14,2,534,5,2,9,18,"0,277777778",6,0,0,0,0,0,0,1
75,3,4,1,64866,4259,9,508,5,21,7,5,10,4,556,7,3,7,21,"0,333333333",5,0,0,0,1,0,0,0
66,1,1,1,57957,4419,24,290,59,177,77,5,29,7,637,4,6,8,25,"0,16",3,0,0,0,0,0,1,0
70,4,1,2,46015,4182,25,38,0,2,0,0,6,1,46,1,0,3,5,"0,2",7,0,1,1,0,0,0,0
47,1,1,1,16531,4116,43,2,13,6,7,5,11,3,44,3,0,3,9,"0,333333333",7,0,0,0,0,0,0,0
39,3,2,1,28072,4461,10,30,0,10,2,0,5,1,47,1,0,3,5,"0,2",7,0,0,0,0,0,0,0
62,3,3,1,49476,4479,29,386,23,95,54,41,196,4,795,2,11,5,22,"0,090909091",2,0,0,0,0,0,0,0
72,1,2,1,50725,4606,45,443,10,75,0,10,48,4,586,8,1,8,21,"0,380952381",8,0,0,0,0,0,0,0
73,1,1,0,83844,4518,57,901,31,345,75,31,191,1,1574,4,4,11,20,"0,2",1,0,0,0,0,1,0,0
75,4,2,2,41145,4246,20,9,0,3,0,0,1,1,13,0,0,3,4,0,3,0,0,0,0,0,0,0
55,1,1,1,67419,4634,29,846,84,352,91,56,42,4,1471,9,4,8,25,"0,36",5,0,0,0,0,0,0,0
55,2,2,2,23162,4295,82,8,3,9,19,4,22,3,65,1,1,3,8,"0,125",6,0,0,0,0,0,0,0
48,1,2,1,34380,4528,68,72,7,58,13,1,24,4,175,4,1,3,12,"0,333333333",8,0,0,0,0,0,0,0
59,1,0,1,34704,4533,65,29,0,5,0,1,5,1,40,1,0,3,5,"0,2",5,0,0,0,0,0,0,0
56,4,2,2,94871,4771,99,169,24,553,188,0,144,1,1078,8,5,4,18,"0,444444444",7,0,0,0,1,1,0,1
67,1,2,1,65148,4695,9,460,35,422,33,12,153,2,1115,6,6,7,21,"0,285714286",4,0,0,0,0,0,0,0
71,1,1,1,39898,4607,20,69,8,26,12,7,12,2,134,3,0,4,9,"0,333333333",7,0,0,0,0,0,0,0
69,3,0,0,64857,4688,78,556,14,717,210,0,43,1,1540,7,5,10,23,"0,304347826",4,0,0,0,0,0,0,0
55,4,2,1,59892,4344,26,73,0,13,0,1,0,1,87,2,1,3,7,"0,285714286",3,0,0,0,0,0,0,0
38,3,0,0,41020,4349,68,112,1,54,7,7,36,1,217,3,2,4,10,"0,3",3,0,0,0,0,0,0,0
64,4,2,1,57072,4261,79,944,0,60,0,0,30,2,1034,7,5,13,27,"0,259259259",5,0,0,1,0,0,0,0
46,1,0,1,60474,4559,25,265,199,303,234,9,170,7,1180,10,2,12,31,"0,322580645",7,0,0,0,0,0,0,0
65,1,1,1,62807,4772,83,526,28,135,10,21,99,3,819,5,3,12,23,"0,217391304",5,0,0,0,0,0,0,0
44,2,1,1,19414,4361,32,2,3,12,3,5,7,1,32,1,0,3,5,"0,2",8,0,0,0,0,0,0,0
45,1,2,1,19107,4416,49,2,4,9,10,5,16,2,46,1,0,3,6,"0,166666667",7,0,0,0,0,0,0,0
49,2,1,1,75484,4801,50,378,97,259,197,194,34,2,1159,7,3,6,18,"0,388888889",4,0,0,0,0,0,0,0
49,3,0,1,70379,4588,84,553,25,142,65,67,8,3,860,6,3,13,25,"0,24",4,0,0,0,0,0,0,0
55,3,1,0,79419,4112,96,751,127,687,20,15,31,1,1631,4,6,4,15,"0,266666667",2,0,0,0,0,0,0,0
79,4,1,3,64014,4124,56,406,0,30,0,0,8,7,444,8,2,5,22,"0,363636364",7,1,0,0,0,0,0,0
70,1,2,1,76998,4639,85,1449,89,161,69,35,107,2,1910,11,8,8,29,"0,379310345",6,0,0,0,0,1,0,0
53,3,1,1,49854,4336,63,123,17,171,39,0,30,5,380,6,2,5,18,"0,333333333",6,0,0,0,0,0,0,0
54,4,2,2,60585,4475,17,267,42,309,55,42,21,10,736,7,4,9,30,"0,233333333",5,0,0,0,0,0,0,1
75,4,3,2,42873,4629,11,209,0,40,3,2,15,4,269,6,1,4,15,"0,4",8,0,0,0,0,0,0,0
37,1,1,0,87679,4442,62,1259,172,815,97,148,33,1,2524,7,11,10,29,"0,24137931",4,1,0,1,0,1,0,1
47,1,1,1,57867,4376,48,344,35,178,15,23,17,7,612,7,2,9,25,"0,28",6,0,0,0,0,0,0,0
35,1,2,1,35765,4305,86,22,3,30,0,5,15,2,75,2,0,4,8,"0,25",6,0,0,0,0,0,0,0
66,1,2,0,65492,4259,73,247,161,295,210,85,47,2,1045,4,7,13,26,"0,153846154",2,0,0,0,0,0,0,0
48,1,3,1,32952,4315,36,38,0,12,3,1,1,1,55,2,0,3,6,"0,333333333",7,0,0,0,0,0,0,0
56,4,1,1,53374,4787,34,896,10,101,13,10,34,6,1064,4,2,9,21,"0,19047619",9,0,0,1,0,0,0,1
66,1,1,1,71706,4698,16,931,56,253,91,98,14,4,1443,9,5,7,25,"0,36",5,0,0,0,0,0,0,0
37,1,2,0,68487,4637,48,758,12,385,33,89,89,1,1366,9,7,13,30,"0,3",4,0,0,0,0,0,0,0
50,3,1,2,53253,4608,61,216,9,57,20,9,125,7,436,4,3,5,19,"0,210526316",5,0,0,0,0,0,0,0
52,2,3,1,31163,4241,54,2,3,10,11,2,10,1,38,1,0,3,5,"0,2",6,0,0,0,0,0,0,0
48,1,2,1,42014,4786,56,244,15,108,4,15,50,6,436,7,1,6,20,"0,35",8,0,0,0,0,0,0,1
52,3,2,2,54108,4706,74,539,6,91,8,6,97,13,747,8,2,9,32,"0,25",8,0,0,0,0,0,0,0
70,4,0,0,49667,4783,35,1181,26,120,17,13,39,2,1396,5,10,5,22,"0,227272727",8,0,0,1,0,0,0,1
51,3,2,0,63206,4206,65,750,8,125,11,8,26,1,928,4,3,6,14,"0,285714286",2,0,0,0,0,1,0,0
53,3,2,2,57136,4460,48,306,5,109,21,109,92,9,642,5,2,10,26,"0,192307692",6,0,0,0,0,0,0,0
50,2,1,1,46772,4704,88,350,104,189,197,151,57,6,1048,11,8,5,30,"0,366666667",8,0,0,1,0,0,0,0
54,4,2,0,78931,4352,19,331,197,170,58,152,35,1,943,2,8,13,24,"0,083333333",1,0,0,0,0,0,0,0
67,1,1,1,53977,4491,21,620,16,165,0,24,82,5,907,5,5,12,27,"0,185185185",5,0,0,0,0,0,0,0
37,1,2,0,84219,4252,27,434,137,400,45,137,45,1,1198,3,4,10,18,"0,166666667",1,0,0,0,0,0,0,0
50,3,0,2,46098,4785,86,57,0,27,0,0,36,4,120,3,2,2,11,"0,272727273",8,0,0,0,0,0,0,0
60,1,2,1,73538,4686,92,811,76,428,99,137,107,3,1658,10,4,9,26,"0,384615385",7,0,0,0,0,0,0,0
39,1,2,0,79529,4168,1,423,42,706,73,197,197,1,1638,4,8,9,22,"0,181818182",2,0,0,0,0,0,0,0
48,2,1,0,20981,4530,14,2,12,10,6,13,30,1,73,3,1,2,7,"0,428571429",8,0,0,0,0,0,0,1
45,1,0,1,51766,4215,74,60,51,87,6,20,51,2,275,4,2,4,12,"0,333333333",5,0,0,0,0,0,0,0
63,1,2,1,55759,4683,84,675,0,85,10,7,77,5,854,10,3,8,26,"0,384615385",8,0,0,0,0,0,0,0
47,1,2,1,33039,4398,4,30,8,12,8,8,12,1,78,2,0,4,7,"0,285714286",5,0,0,0,0,0,0,0
53,3,2,1,37787,4387,50,40,1,40,4,3,18,1,106,3,0,3,7,"0,428571429",8,0,0,0,0,0,0,0
55,1,0,1,27242,4700,2,3,17,26,20,1,39,2,106,2,0,3,7,"0,285714286",9,0,0,0,0,0,0,1
42,4,0,0,87188,4496,73,910,111,724,49,74,55,1,1923,10,2,6,19,"0,526315789",3,0,0,0,0,0,0,1
54,1,1,0,69930,4504,21,252,98,827,219,70,196,1,1662,4,5,12,22,"0,181818182",3,0,0,0,0,0,0,0
49,1,0,1,37697,4247,82,34,6,21,11,4,8,1,84,2,1,3,7,"0,285714286",6,0,0,0,0,0,0,0
52,4,2,1,37401,4159,14,19,3,19,3,1,3,2,48,2,0,3,7,"0,285714286",7,0,0,0,0,0,0,0
52,1,0,1,3502,4547,56,2,1,1,0,0,1,0,5,0,0,0,0,0,14,0,0,0,0,0,0,0
49,1,2,2,58597,4691,20,490,0,184,10,28,21,12,733,7,4,9,32,"0,21875",7,0,0,0,0,0,0,0
77,4,4,0,82032,4190,54,332,194,377,149,125,57,0,1234,4,6,7,17,"0,235294118",1,0,0,0,0,0,0,0
67,1,1,2,28087,4670,77,53,8,17,13,0,21,3,112,2,2,2,9,"0,222222222",7,0,0,0,0,0,0,0
38,4,0,0,74004,4230,5,784,48,560,42,176,48,1,1658,4,6,4,15,"0,266666667",3,1,0,0,0,1,0,1
65,1,1,1,19740,4567,65,7,11,3,10,4,20,2,55,1,1,3,7,"0,142857143",5,0,0,0,0,0,0,0
50,2,2,1,57036,4670,33,1171,43,219,19,14,47,4,1513,6,3,13,26,"0,230769231",9,0,0,1,0,0,0,0
67,2,1,2,53083,4515,65,215,7,33,3,0,13,6,271,5,1,5,17,"0,294117647",7,0,0,0,1,0,0,0
50,4,2,1,69283,4120,41,674,62,134,0,26,8,4,904,7,3,13,27,"0,259259259",5,0,0,0,0,0,0,0
50,3,0,2,46098,4785,86,57,0,27,0,0,36,4,120,3,2,2,11,"0,272727273",8,0,0,0,0,0,0,1
37,2,2,1,23331,4768,92,5,36,7,0,10,45,2,103,3,0,3,8,"0,375",8,0,0,0,0,0,0,0
37,2,0,1,23331,4737,97,104,20,101,24,15,5,6,269,5,1,5,17,"0,294117647",9,0,0,0,0,0,0,0
36,1,0,1,9255,4296,91,9,0,7,2,0,4,1,22,1,1,2,5,"0,2",8,0,0,0,0,0,0,0
66,4,4,0,67786,4309,0,431,82,441,80,20,102,1,1156,3,6,6,16,"0,1875",1,0,0,0,0,0,0,1
54,4,2,1,71969,4726,59,1000,0,76,0,0,10,3,1086,3,4,9,19,"0,157894737",8,0,0,0,1,0,0,0
58,3,0,1,59235,4638,4,448,40,469,80,0,91,3,1128,11,2,12,28,"0,392857143",7,0,0,0,0,0,0,0
36,1,1,1,31928,4198,5,33,4,24,4,2,5,2,72,3,0,4,9,"0,333333333",7,0,0,0,0,0,0,0
64,3,1,2,74881,4583,48,505,72,270,36,27,54,4,964,9,2,12,27,"0,333333333",5,0,0,0,0,0,0,0
47,1,2,0,65819,4682,99,267,38,701,149,165,63,1,1383,5,4,10,20,"0,25",3,0,0,0,0,0,0,0
72,4,0,3,51411,4504,81,14,0,3,0,0,1,1,18,0,0,3,4,0,5,0,0,0,0,0,0,0
61,1,3,1,51983,4772,95,631,0,115,10,7,30,3,793,9,2,10,24,"0,375",7,0,0,0,0,0,0,0
39,3,1,1,42386,4637,43,65,4,16,0,4,11,1,100,3,0,3,7,"0,428571429",8,0,0,0,0,0,0,0
38,2,2,0,30390,4405,5,10,12,12,25,1,20,1,80,2,0,3,6,"0,333333333",6,0,0,0,0,0,0,0
62,1,0,0,30983,4702,50,51,4,50,12,1,49,1,167,4,0,3,8,"0,5",8,0,0,0,0,0,0,1
68,1,4,1,66033,4630,76,293,35,179,46,59,65,2,677,8,3,7,20,"0,4",7,0,0,0,0,0,0,0
50,2,2,2,37284,4562,46,11,1,2,2,1,6,1,23,0,0,3,4,0,6,0,0,0,0,0,0,0
74,3,3,1,57530,4365,68,50,1,27,6,7,1,1,92,1,1,4,7,"0,142857143",1,0,0,0,0,0,0,0
60,2,2,0,76800,4218,33,173,26,255,35,71,81,1,641,4,4,7,16,"0,25",1,0,0,0,0,0,0,0
69,1,2,1,63943,4770,50,423,184,368,13,97,21,1,1106,6,4,6,17,"0,352941176",5,0,0,0,0,0,0,0
63,1,1,0,76081,4142,85,292,30,415,63,33,200,1,1033,4,5,4,14,"0,285714286",2,1,0,0,0,0,0,0
51,1,2,1,67445,4791,63,757,80,217,29,80,11,5,1174,9,6,12,32,"0,28125",6,0,0,0,0,0,0,0
58,3,2,2,37054,4392,89,12,1,6,0,1,5,2,25,1,0,3,6,"0,166666667",7,0,0,0,0,0,0,0
63,3,1,2,47175,4714,81,167,2,44,6,2,19,7,240,4,2,4,17,"0,235294118",8,0,0,1,0,0,0,1
49,1,3,1,31859,4485,77,3,1,3,8,0,5,1,20,1,0,2,4,"0,25",7,0,0,0,0,0,0,0
64,1,3,3,27215,4627,50,30,5,22,8,9,28,4,102,2,1,4,11,"0,181818182",6,0,0,0,0,0,0,0
49,4,3,1,70179,4448,10,532,88,168,69,44,133,3,1034,7,3,13,26,"0,269230769",5,0,0,0,0,0,0,0
42,1,2,1,39922,4605,30,29,12,59,19,1,36,2,156,3,0,4,9,"0,333333333",8,0,0,0,0,0,0,0
49,3,2,2,49681,4342,66,411,0,26,0,0,21,6,458,7,1,7,21,"0,333333333",7,0,0,0,0,0,0,0
37,1,2,1,24645,4710,16,5,3,4,4,1,0,1,17,1,0,2,4,"0,25",8,0,0,0,0,0,0,0
71,1,3,1,79865,4116,12,71,99,278,185,121,38,1,792,5,10,5,21,"0,238095238",1,0,0,0,0,0,0,0
40,1,2,1,44322,4118,30,46,0,40,3,0,3,2,92,3,0,3,8,"0,375",8,0,0,0,0,0,0,0
73,1,0,1,47958,4631,8,268,11,88,15,3,22,2,407,6,3,5,16,"0,375",5,0,0,0,0,0,0,0
61,3,0,1,63972,4679,93,928,63,254,0,12,12,4,1269,5,4,10,23,"0,217391304",4,0,0,0,1,0,0,0
71,1,1,1,75315,4180,14,459,15,171,142,23,31,2,841,5,4,12,23,"0,217391304",2,0,0,0,0,0,0,0
75,4,2,2,55517,4745,53,483,0,108,0,6,36,5,633,11,1,6,23,"0,47826087",9,0,0,0,0,0,0,1
68,4,2,3,75283,4564,26,733,9,180,12,19,66,11,1019,6,3,5,25,"0,24",4,0,0,0,0,0,0,0
79,4,0,0,82800,4687,23,1006,22,115,59,68,45,1,1315,7,6,12,26,"0,269230769",3,1,0,0,0,1,0,1
71,1,2,2,38998,4708,92,34,1,14,0,0,5,3,54,2,0,3,8,"0,25",8,0,0,0,0,0,1,0
34,3,0,0,90638,4241,29,1156,120,915,94,144,96,1,2525,3,4,10,18,"0,166666667",1,0,0,0,0,1,0,1
39,3,2,1,27161,4349,41,7,4,23,7,0,11,1,52,1,0,3,5,"0,2",7,0,0,0,0,0,0,0
48,1,2,1,42014,4786,56,244,15,108,4,15,50,6,436,7,1,6,20,"0,35",8,0,0,0,0,0,0,1
65,4,1,1,38201,4562,19,233,0,23,0,0,12,4,268,5,1,5,15,"0,333333333",8,0,0,0,0,0,0,0
43,1,1,2,45203,4203,4,35,3,67,10,8,24,1,147,3,1,3,8,"0,375",6,0,0,0,0,0,0,1
78,4,1,0,81574,4167,89,1252,0,465,46,35,0,1,1798,4,5,8,18,"0,222222222",1,0,0,0,1,1,0,0
33,1,2,0,34935,4478,71,34,4,66,3,10,20,1,137,2,1,4,8,"0,25",7,0,0,0,0,0,0,0
49,3,0,1,60482,4627,81,255,43,134,37,14,24,1,507,7,2,7,17,"0,411764706",7,0,0,0,0,0,0,0
69,1,1,3,34633,4262,31,8,1,5,0,0,1,1,15,1,0,2,4,"0,25",6,0,0,0,0,0,0,0
78,3,1,0,78093,4305,53,368,32,639,13,43,10,1,1105,4,7,5,17,"0,235294118",1,0,0,0,0,0,0,0
75,1,3,0,82460,4314,78,255,47,573,52,32,15,1,974,5,3,6,15,"0,333333333",1,0,0,0,0,0,0,0
59,3,1,1,45903,4172,80,33,8,10,2,10,3,2,66,2,1,3,8,"0,25",4,0,0,0,0,0,0,0
38,1,3,0,81361,4229,18,163,23,424,27,65,76,1,778,3,10,13,27,"0,111111111",1,0,0,0,0,0,0,1
52,4,3,2,35860,4146,37,15,0,8,4,2,20,2,49,1,1,2,6,"0,166666667",5,0,0,1,0,0,0,1
73,3,1,2,40442,4784,52,45,12,52,25,22,13,4,169,3,1,4,12,"0,25",7,0,0,0,0,0,0,1
60,1,2,0,61482,4107,39,48,58,68,16,66,43,1,299,3,2,6,12,"0,25",2,0,0,0,0,0,0,0
45,1,2,1,34968,4550,11,158,6,45,8,2,2,7,221,3,2,5,17,"0,176470588",7,0,0,0,0,0,0,0
38,1,2,0,75794,4292,33,754,160,625,63,32,48,1,1682,7,5,12,25,"0,28",3,1,0,0,0,0,0,0
63,4,1,1,31497,4675,22,108,1,28,13,1,4,2,155,3,1,4,10,"0,3",8,0,0,0,0,0,0,0
70,1,2,0,74268,4605,83,199,66,315,97,174,41,1,892,4,3,5,13,"0,307692308",2,0,0,0,0,0,0,0
37,0,1,1,13724,4772,43,2,7,5,2,15,27,1,58,2,0,2,5,"0,4",9,0,0,1,0,0,0,0
60,3,1,1,45143,4412,74,202,5,74,11,5,14,3,311,6,1,5,15,"0,4",7,0,0,0,0,0,0,0
58,4,0,1,52569,4190,54,85,0,3,0,0,7,1,95,2,0,4,7,"0,285714286",3,0,0,0,0,0,0,0
52,4,0,1,48432,4724,3,322,3,50,4,3,42,5,424,7,1,6,19,"0,368421053",8,0,0,0,0,0,0,1
65,3,1,2,17144,4239,96,18,2,19,0,2,6,5,47,3,0,4,12,"0,25",7,0,0,0,0,0,0,0
41,1,0,1,36108,4362,68,141,8,129,3,11,47,3,339,7,1,4,15,"0,466666667",9,0,0,1,0,0,0,0
54,1,2,1,76445,4744,2,739,107,309,140,80,35,1,1410,2,5,13,21,"0,095238095",6,0,0,0,0,0,0,0
50,4,2,1,36663,4170,40,18,0,6,3,3,5,1,35,1,1,3,6,"0,166666667",2,0,0,0,0,0,0,0
60,3,2,1,53843,4472,64,378,0,88,19,4,73,4,562,8,5,3,20,"0,4",7,0,0,0,0,0,0,0
69,3,2,0,90226,4746,26,1083,108,649,253,151,108,1,2352,4,7,12,24,"0,166666667",2,1,0,0,0,0,0,0
70,3,3,0,70638,4498,69,1016,12,215,16,12,63,1,1334,4,5,10,20,"0,2",3,0,0,0,1,0,0,0
65,1,1,2,44512,4408,57,23,1,6,0,0,2,2,32,1,0,3,6,"0,166666667",4,0,0,0,0,0,0,0
64,1,2,2,27116,4224,78,12,1,21,2,2,3,2,41,2,0,3,7,"0,285714286",7,0,0,0,0,0,0,0
62,4,2,2,54072,4442,71,35,0,4,0,0,0,1,39,2,0,2,5,"0,4",8,0,0,0,0,0,0,0
48,1,2,1,71855,4634,59,548,31,422,0,112,28,4,1141,5,5,11,25,"0,2",3,0,0,0,0,0,0,0
35,2,0,1,51250,4561,28,342,32,230,34,32,40,5,710,10,5,4,24,"0,416666667",9,0,0,1,0,0,0,0
52,3,2,1,60432,4217,61,365,3,15,4,3,11,5,401,7,2,5,19,"0,368421053",6,0,0,0,0,0,0,0
61,4,2,1,65526,4184,22,397,19,69,12,0,9,1,506,4,4,8,17,"0,235294118",2,0,0,0,0,0,0,0
37,1,0,0,68655,4793,95,456,19,832,75,118,38,1,1538,4,5,11,21,"0,19047619",3,0,0,0,0,0,0,0
47,2,2,0,12393,4677,38,5,6,15,11,7,13,1,57,2,0,3,6,"0,333333333",9,0,0,0,0,0,0,0
35,1,0,0,64509,4421,19,836,185,575,24,25,77,1,1722,6,3,9,19,"0,315789474",4,0,0,1,0,0,0,1
50,1,0,1,33955,4429,92,100,2,128,23,7,10,4,270,5,1,5,15,"0,333333333",8,0,0,0,0,0,0,0
48,1,2,2,31353,4287,24,10,0,10,3,1,7,2,31,1,1,2,6,"0,166666667",8,0,0,0,0,0,0,1
41,1,2,1,55434,4372,21,238,115,215,169,69,76,3,882,5,3,13,24,"0,208333333",4,0,0,0,0,0,0,0
42,1,1,1,28359,4350,35,6,0,5,2,1,2,1,16,1,0,2,4,"0,25",7,0,0,0,0,0,0,0
38,1,0,1,57100,4147,9,158,11,99,15,11,17,2,311,3,2,7,14,"0,214285714",3,0,0,0,0,0,0,0
60,1,2,1,69139,4258,23,86,12,75,33,15,6,1,227,4,1,5,11,"0,363636364",4,0,0,0,0,0,0,0
69,3,2,1,52973,4703,92,856,0,76,12,9,199,7,1152,9,6,9,31,"0,290322581",8,0,0,0,0,0,0,0
60,4,1,1,51717,4418,55,98,1,17,0,1,5,1,122,3,0,4,8,"0,375",7,0,0,0,1,0,0,0
54,1,2,1,18793,4638,14,4,16,20,0,17,20,3,77,2,0,4,9,"0,222222222",8,0,0,0,0,0,0,0
43,2,1,0,66664,4747,78,398,96,447,220,96,32,1,1289,5,7,6,19,"0,263157895",3,0,0,0,0,0,0,0
66,1,0,2,50664,4634,64,313,8,104,6,4,126,9,561,8,1,6,24,"0,333333333",9,0,0,0,0,0,0,0
62,1,1,2,54414,4627,49,109,18,16,24,26,18,4,211,3,1,5,13,"0,230769231",4,0,0,0,0,0,0,0
73,4,2,1,54549,4223,8,216,2,6,0,0,9,2,233,5,1,4,12,"0,416666667",7,0,0,0,0,0,0,0
54,4,4,1,47111,4764,35,595,71,153,120,112,41,6,1092,3,2,10,21,"0,142857143",9,0,0,0,0,0,0,0
62,4,3,0,41003,4574,11,123,133,142,71,44,88,1,601,6,2,8,17,"0,352941176",6,0,0,0,0,0,0,0
43,1,1,1,19444,4232,8,16,0,23,3,2,10,3,54,4,1,2,10,"0,4",7,0,0,0,0,0,0,1
49,2,1,1,36301,4352,53,11,12,35,3,5,12,1,78,3,0,3,7,"0,428571429",7,0,0,0,0,0,0,0
78,4,1,1,73059,4407,36,410,112,420,0,82,71,1,1095,9,3,13,26,"0,346153846",4,0,0,0,0,0,0,0
56,4,1,1,42731,4356,64,159,2,51,6,2,24,3,244,4,1,5,13,"0,307692308",5,0,0,0,0,0,0,0
66,4,2,2,52854,4202,43,105,0,10,0,1,0,2,116,2,1,4,9,"0,222222222",5,0,0,0,0,0,0,0
47,1,1,1,22775,4480,40,5,1,8,0,0,1,1,15,1,0,2,4,"0,25",8,0,0,0,0,0,0,0
77,4,1,2,46681,4369,52,269,15,69,15,19,38,2,425,4,6,4,16,"0,25",5,0,0,0,0,0,0,0
70,4,2,1,59821,4548,11,629,0,70,0,0,35,6,734,11,2,7,26,"0,423076923",8,0,0,0,0,0,0,0
71,1,3,1,50002,4482,21,443,5,71,21,16,82,2,638,8,2,7,19,"0,421052632",7,0,0,0,0,0,0,0
80,1,2,0,69755,4375,23,217,77,373,111,23,93,1,894,3,6,12,22,"0,136363636",1,0,0,0,0,0,0,0
56,1,2,2,44078,4115,17,24,1,10,2,0,4,2,41,2,0,3,7,"0,285714286",5,0,0,0,0,0,0,0
49,3,1,1,30560,4472,6,9,1,5,4,5,7,1,31,1,0,3,5,"0,2",7,0,0,0,0,0,0,0
56,3,1,2,35924,4203,56,8,0,14,2,3,7,1,34,1,0,3,5,"0,2",5,0,0,0,0,0,0,0
61,4,3,2,64140,4384,71,1459,0,61,0,15,215,5,1750,2,5,6,18,"0,111111111",5,0,1,1,0,1,0,1
44,1,1,2,56386,4715,51,230,48,214,13,32,75,8,612,9,1,7,25,"0,36",9,0,0,0,0,0,0,0
46,0,1,1,24594,4306,94,1,3,6,10,0,9,1,29,1,0,3,5,"0,2",5,0,0,0,0,0,0,0
44,2,1,1,75774,4163,27,340,21,134,258,14,56,1,823,7,5,8,21,"0,333333333",4,0,0,0,0,0,0,0
65,3,3,0,39228,4520,1,7,1,6,0,3,3,1,20,0,0,3,4,0,4,0,0,0,0,0,0,0
51,3,2,1,58494,4304,56,298,7,68,4,0,19,2,396,6,2,6,16,"0,375",6,0,0,0,0,0,0,0
44,1,0,0,58684,4118,71,479,35,179,28,7,85,1,813,5,3,12,21,"0,238095238",2,0,0,0,1,0,0,0
58,1,3,0,57136,4512,18,267,140,599,34,12,127,1,1179,7,5,7,20,"0,35",6,0,0,0,0,0,0,1
75,4,4,2,56551,4158,48,67,4,32,17,2,16,3,138,2,1,4,10,"0,2",4,0,0,0,0,0,0,0
43,1,2,1,22448,4228,86,3,1,8,23,2,18,3,55,2,1,3,9,"0,222222222",3,0,0,0,0,0,0,0
64,1,0,0,82014,4783,48,980,37,265,35,163,31,1,1511,3,6,12,22,"0,136363636",6,0,0,0,0,0,0,1
62,1,4,2,34213,4765,2,50,4,28,6,3,26,3,117,3,1,2,9,"0,333333333",9,0,0,0,0,0,0,1
48,1,1,0,157146,4531,13,1,0,1725,2,1,1,0,1730,0,28,0,28,0,1,0,0,0,0,0,0,0
78,4,4,1,25358,4447,57,19,0,5,0,0,8,2,32,1,0,3,6,"0,166666667",6,0,0,0,0,0,0,0
47,3,0,1,35544,4218,77,30,5,23,4,1,4,1,67,2,0,3,6,"0,333333333",7,0,0,0,0,0,0,0
71,3,1,1,36634,4502,0,213,9,76,4,3,30,3,335,5,2,5,15,"0,333333333",7,0,0,0,0,0,0,0
71,4,2,1,62670,4252,57,539,30,92,80,46,38,1,825,5,3,13,22,"0,227272727",3,0,0,0,0,0,0,0
53,2,1,1,50334,4445,24,284,16,160,84,16,134,6,694,7,4,6,23,"0,304347826",6,0,0,0,0,0,0,0
44,1,0,0,72066,4111,55,1003,34,536,134,51,34,1,1792,4,6,6,17,"0,235294118",2,1,0,0,0,1,0,1
67,4,0,2,50729,4528,62,239,13,143,45,4,52,9,496,6,2,7,24,"0,25",6,0,0,0,0,0,0,0
57,1,1,2,34916,4515,89,51,23,82,33,0,42,4,231,5,1,3,13,"0,384615385",9,0,0,0,0,0,0,0
49,1,3,1,64892,4136,77,527,24,230,32,24,65,2,902,6,4,12,24,"0,25",4,0,0,0,0,0,0,0
59,1,0,2,43602,4275,45,19,5,12,10,3,19,3,68,3,1,2,9,"0,333333333",6,0,0,0,0,0,0,0
36,4,0,0,33996,4396,46,40,2,15,8,0,6,1,71,1,1,3,6,"0,166666667",4,0,0,0,0,0,0,0
40,2,0,1,41473,4480,80,21,8,20,15,3,9,1,76,2,0,3,6,"0,333333333",7,0,0,0,0,0,0,0
58,4,2,2,63246,4418,60,593,30,91,29,22,7,1,772,6,3,12,22,"0,272727273",4,0,0,0,0,0,0,0
66,4,2,2,36732,4287,71,21,5,3,10,1,7,3,47,1,1,4,9,"0,111111111",2,0,0,0,0,0,0,0
55,4,2,1,69084,4327,43,1181,107,199,39,30,30,2,1586,7,3,13,25,"0,28",8,0,0,0,0,0,0,0
58,4,2,1,77766,4597,97,1004,59,265,115,59,27,2,1529,11,10,11,34,"0,323529412",6,0,0,1,0,0,0,1
40,4,0,0,37929,4439,49,202,2,46,3,2,10,2,265,4,2,5,13,"0,307692308",7,1,0,0,1,0,0,1
74,1,1,0,86610,4402,66,446,107,768,33,196,53,1,1603,5,6,6,18,"0,277777778",2,0,0,0,0,0,0,0
39,3,2,0,80141,4639,20,1184,102,673,52,40,40,1,2091,7,4,10,22,"0,318181818",6,0,0,0,0,1,0,1
70,2,2,0,72635,4496,54,390,22,323,104,35,107,1,981,6,8,6,21,"0,285714286",3,1,0,0,0,0,0,0
55,1,2,1,69016,4689,61,726,53,363,123,107,161,4,1533,8,9,13,34,"0,235294118",5,0,0,0,0,0,0,0
34,2,1,0,20193,4683,18,8,8,22,24,11,9,1,82,1,1,4,7,"0,142857143",4,0,0,0,0,0,0,0
50,1,2,1,27573,4566,45,50,15,110,39,15,15,4,244,5,1,4,14,"0,357142857",8,0,0,0,0,0,0,0
46,0,0,1,15862,4472,26,1,1,4,11,9,10,1,36,1,0,3,5,"0,2",8,0,0,0,0,0,0,0
49,4,2,1,49544,4607,0,308,0,73,0,0,23,2,404,5,1,8,16,"0,3125",7,0,0,0,0,0,0,0
45,1,2,1,33228,4262,28,22,2,31,7,4,5,1,71,2,0,3,6,"0,333333333",7,0,0,0,0,0,0,0
47,1,1,0,70440,4369,49,690,117,499,76,102,88,1,1572,5,10,7,23,"0,217391304",3,1,0,0,0,0,0,0
54,1,1,2,38232,4268,84,43,5,28,7,6,33,4,122,3,1,3,11,"0,272727273",5,0,0,0,0,0,0,0
70,4,2,2,22554,4708,38,27,0,10,0,0,4,4,41,2,0,4,10,"0,2",5,0,0,0,0,0,0,0
42,4,2,1,23536,4130,53,6,0,3,0,0,1,1,10,0,0,3,4,0,3,0,0,0,0,0,0,0
73,1,2,1,49413,4352,88,205,7,41,3,2,46,2,304,4,2,5,13,"0,307692308",5,0,0,0,0,0,0,0
56,1,2,2,42231,4201,99,24,0,8,0,1,4,1,37,1,0,3,5,"0,2",5,0,0,0,0,0,0,0
45,3,3,0,78789,4795,12,667,50,850,21,83,83,1,1754,4,6,5,16,"0,25",2,0,0,0,0,0,0,1
57,1,1,1,56534,4446,35,691,7,61,10,0,46,4,815,10,4,7,25,"0,4",8,0,1,0,1,0,0,1
54,1,0,1,58350,4646,5,493,26,206,116,80,80,4,1001,8,3,12,27,"0,296296296",6,0,0,0,0,0,0,0
36,1,0,0,81217,4450,77,493,70,324,146,40,84,1,1157,3,7,11,22,"0,136363636",1,0,0,0,0,0,0,0
74,1,0,1,49090,4450,45,494,5,82,7,0,100,3,688,7,2,9,21,"0,333333333",7,0,0,0,0,0,0,0
38,3,3,0,61787,4463,71,621,73,414,78,48,85,1,1319,8,4,6,19,"0,421052632",5,0,0,0,0,0,0,0
40,4,2,1,18169,4600,40,9,0,5,0,0,7,1,21,1,0,2,4,"0,25",8,0,0,0,0,0,0,0
44,2,0,1,24336,4776,82,1,6,2,8,2,12,1,31,1,0,2,4,"0,25",7,0,0,0,0,0,0,0
35,1,2,0,18222,4650,70,12,4,19,12,6,14,1,67,2,0,3,6,"0,333333333",8,0,0,0,0,0,0,0
73,1,3,1,62335,4507,87,243,131,217,85,6,26,2,708,3,3,13,21,"0,142857143",2,0,0,0,0,0,0,0
54,2,1,2,42033,4753,95,11,1,4,2,0,7,1,25,1,0,2,4,"0,25",7,0,0,0,0,0,0,0
42,4,2,0,86580,4592,72,532,21,127,26,20,20,0,746,4,2,5,11,"0,363636364",1,0,0,0,0,1,0,0
68,4,3,2,41437,4750,5,29,0,2,0,0,1,1,32,1,0,3,5,"0,2",7,0,0,0,0,0,0,0
74,3,4,2,73705,4221,86,612,91,520,258,107,107,2,1695,9,6,8,25,"0,36",5,0,0,0,0,0,0,0
49,1,2,1,61064,4772,80,387,126,342,0,45,180,5,1080,8,4,11,28,"0,285714286",6,0,0,0,0,0,0,0
70,3,2,2,38452,4196,62,56,0,14,0,0,2,3,72,3,0,3,9,"0,333333333",7,0,0,0,0,0,0,0
36,1,0,1,18358,4326,49,6,8,19,16,4,4,3,57,3,0,4,10,"0,3",7,0,0,0,0,0,0,0
52,4,1,1,55012,4205,85,582,0,65,0,0,13,6,660,8,2,9,25,"0,32",5,0,0,0,0,0,0,0
52,0,1,1,9722,4740,7,6,17,16,6,16,42,4,103,3,1,3,11,"0,272727273",8,0,0,0,0,0,0,1
41,4,2,1,38175,4384,6,70,6,69,2,3,3,3,153,3,1,4,11,"0,272727273",7,0,0,0,0,0,0,0
69,3,1,1,58656,4752,25,962,12,194,16,24,12,4,1220,7,8,13,32,"0,21875",6,0,0,0,0,1,0,0
60,1,1,1,52117,4787,55,112,10,107,30,0,20,2,279,5,2,4,13,"0,384615385",7,0,0,0,0,0,0,0
47,1,2,1,64813,4283,81,293,0,124,179,97,52,1,745,7,2,10,20,"0,35",5,0,0,0,0,0,0,0
52,4,2,1,54222,4225,98,199,12,31,3,12,7,1,264,3,3,5,12,"0,25",3,0,0,0,0,0,0,0
39,1,2,0,83512,4117,31,1060,61,835,80,20,101,1,2157,4,7,10,22,"0,181818182",1,1,1,1,0,1,0,1
66,3,2,1,77520,4410,30,940,44,396,0,88,58,1,1526,8,7,7,23,"0,347826087",4,1,0,1,0,1,0,1
47,1,1,1,41154,4551,98,44,2,11,2,3,7,1,69,1,0,4,6,"0,166666667",5,0,0,0,0,0,0,0
59,1,2,0,80398,4701,92,342,51,936,207,35,26,1,1597,5,8,12,26,"0,192307692",3,0,0,0,0,1,0,0
33,0,0,1,18746,4136,41,2,10,11,12,9,20,2,64,3,0,3,8,"0,375",6,0,0,0,0,0,0,0
41,1,1,1,35196,4698,68,75,12,141,43,39,187,6,497,6,1,5,18,"0,333333333",8,0,0,0,0,0,0,0
69,1,0,1,60230,4510,78,520,20,367,39,81,40,2,1067,6,3,6,17,"0,352941176",5,0,0,0,0,0,0,0
48,1,2,2,22108,4157,46,5,3,9,6,2,6,2,31,2,0,3,7,"0,285714286",7,0,0,0,0,0,0,0
51,1,1,2,44392,4402,71,87,5,71,7,12,29,5,211,4,1,4,14,"0,285714286",7,0,0,0,0,0,0,0
49,4,2,1,55424,4686,6,462,61,184,10,53,107,4,877,7,5,9,25,"0,28",6,0,0,1,0,0,0,1
46,1,2,1,17688,4637,82,2,2,1,3,1,2,1,11,1,0,2,4,"0,25",8,0,0,0,0,0,1,0
42,4,2,0,92491,4529,71,979,44,935,29,25,22,1,2034,7,5,12,25,"0,28",3,1,0,0,1,1,0,1
34,1,0,0,90273,4302,32,704,129,853,120,74,111,1,1991,5,6,7,19,"0,263157895",2,1,0,0,1,1,0,1
63,4,4,0,82571,4193,28,861,31,558,62,95,79,0,1686,6,5,13,24,"0,25",2,0,0,0,0,1,0,0
43,4,0,1,38513,4257,20,172,3,115,16,0,18,5,324,6,1,5,17,"0,352941176",8,0,0,0,0,0,0,1
46,3,0,1,16653,4177,10,5,7,31,15,4,7,3,69,2,1,3,9,"0,222222222",6,0,0,0,0,0,0,1
70,1,1,2,42586,4713,7,194,2,56,0,0,0,5,252,4,1,6,16,"0,25",8,0,0,0,0,0,0,1
60,0,0,1,23529,4643,67,9,7,13,3,2,20,1,54,1,1,2,5,"0,2",6,0,0,0,0,0,0,0
64,3,1,2,74881,4583,48,505,72,270,36,27,54,4,964,9,2,12,27,"0,333333333",5,0,0,0,0,0,0,0
74,1,2,1,71107,4602,61,533,10,217,198,174,195,2,1327,7,6,13,28,"0,25",4,0,0,0,0,0,0,0
61,4,1,2,46910,4203,36,48,0,14,0,0,6,2,68,2,0,3,7,"0,285714286",6,0,0,0,0,0,0,0
66,1,2,0,18690,4653,77,6,1,7,23,4,19,1,60,1,1,2,5,"0,2",8,0,0,0,0,0,0,0
70,1,3,2,37244,4533,90,18,2,10,0,0,25,1,55,1,1,2,5,"0,2",7,0,0,1,0,0,0,0
59,1,1,0,82427,4214,35,482,147,509,104,107,107,1,1456,3,5,12,21,"0,142857143",1,0,0,0,0,1,0,0
67,2,0,1,75342,4524,38,204,97,97,21,118,26,1,563,5,2,10,18,"0,277777778",4,0,0,0,0,0,0,0
71,1,3,1,70044,4601,46,1073,0,250,153,14,14,4,1504,7,10,5,26,"0,269230769",5,0,0,0,0,0,0,0
58,1,0,2,79146,4171,33,245,16,223,21,43,16,2,564,8,1,8,19,"0,421052632",6,0,0,0,0,0,0,0
62,1,2,0,77437,4320,70,560,21,442,29,44,29,1,1125,4,5,13,23,"0,173913043",1,0,0,0,0,1,0,0
66,1,2,1,54984,4141,51,173,13,131,32,3,6,4,358,6,1,6,17,"0,352941176",7,1,0,0,0,0,0,0
54,4,2,1,42403,4305,18,22,1,11,0,5,3,1,42,1,0,3,5,"0,2",8,0,0,0,0,0,0,0
61,1,1,1,55761,4171,97,136,1,12,0,3,32,2,184,4,1,3,10,"0,4",6,0,0,0,1,0,0,0
42,1,1,1,37292,4542,32,275,0,86,10,23,66,5,460,6,3,5,19,"0,315789474",8,0,0,0,0,0,0,0
80,4,0,0,45576,4137,9,56,19,29,2,14,25,1,145,3,1,3,8,"0,375",8,0,0,0,0,0,0,1
78,1,1,0,70321,4634,6,303,23,751,82,26,191,1,1376,6,5,13,25,"0,24",4,0,0,0,0,0,0,1
56,4,3,1,58086,4630,80,708,7,62,0,0,15,2,792,11,3,7,23,"0,47826087",8,0,0,0,0,0,0,0
73,1,2,0,81795,4716,74,324,132,693,27,118,88,1,1382,4,11,7,23,"0,173913043",2,0,0,0,0,0,0,0
78,0,1,0,28389,4691,49,1,5,3,7,4,8,1,28,1,0,2,4,"0,25",7,0,0,0,0,0,0,0
79,3,2,0,66835,4379,21,620,26,195,34,17,141,1,1033,6,4,13,24,"0,25",2,0,0,0,0,0,0,0
56,1,3,1,69901,4501,95,312,21,206,102,92,149,3,882,7,3,10,23,"0,304347826",5,0,0,0,0,0,0,0
76,4,2,0,80360,4588,56,1493,86,454,112,43,43,2,2231,4,4,5,15,"0,266666667",2,1,0,0,1,1,0,0
64,4,1,1,63342,4726,48,918,21,118,13,10,21,3,1101,8,3,5,19,"0,421052632",6,0,0,0,1,0,0,1
51,1,2,1,44989,4760,26,98,0,106,49,10,106,5,369,5,1,5,16,"0,3125",6,0,0,0,0,0,0,0
45,2,0,1,31859,4227,3,3,4,7,15,8,11,1,48,1,0,3,5,"0,2",7,0,0,0,0,0,0,0
76,4,4,1,51569,4607,39,380,0,47,6,0,34,4,467,7,1,7,19,"0,368421053",8,0,0,0,1,0,0,1
54,1,4,2,30372,4656,33,15,0,12,7,3,7,3,44,2,0,3,8,"0,25",7,0,0,0,0,0,0,0
46,0,0,2,16014,4574,42,3,9,4,7,8,7,4,38,1,1,4,10,"0,1",3,0,0,0,0,0,0,0
57,1,2,2,41120,4340,80,24,2,23,0,8,24,3,81,2,1,3,9,"0,222222222",6,0,0,0,0,0,0,0
54,3,0,1,39763,4434,9,80,1,60,4,6,16,2,167,5,1,2,10,"0,5",9,0,0,0,0,0,0,1
70,4,2,2,38725,4155,52,31,0,6,2,1,5,2,45,1,0,4,7,"0,142857143",4,0,0,0,0,0,0,0
53,1,2,1,77981,4504,78,138,120,204,16,126,60,3,664,7,4,7,21,"0,333333333",5,0,0,0,0,0,0,0
61,2,2,1,62905,4397,68,166,75,96,119,107,59,3,622,7,2,8,20,"0,35",4,0,0,0,0,0,0,0
46,2,3,1,13533,4581,45,12,3,8,8,0,17,2,48,2,0,3,7,"0,285714286",7,0,0,0,0,0,0,0
50,1,1,1,59481,4354,47,178,3,85,71,66,58,2,461,3,3,8,16,"0,1875",2,0,0,0,0,0,0,0
48,1,2,1,72117,4418,34,707,20,171,65,60,50,1,1073,9,7,9,26,"0,346153846",5,0,0,0,0,0,0,0
39,2,2,1,21955,4400,81,5,1,7,17,14,11,2,55,2,1,3,8,"0,25",6,0,0,0,0,0,0,0
69,1,2,1,67131,4565,72,465,71,250,93,35,62,3,976,9,2,12,26,"0,346153846",6,0,0,0,0,0,0,0
45,4,0,1,36802,4118,23,16,1,2,0,0,1,1,20,1,0,3,5,"0,2",5,0,0,0,0,0,0,0
43,1,1,0,71853,4522,29,358,108,413,141,97,32,1,1149,2,8,6,17,"0,117647059",1,0,0,0,0,0,0,0
64,0,2,0,28249,4119,80,1,9,7,2,14,10,1,43,2,0,3,6,"0,333333333",6,0,0,0,0,0,0,0
50,3,2,1,47808,4357,30,123,1,26,2,0,72,2,224,3,2,3,10,"0,3",7,0,0,1,0,0,0,0
51,4,3,1,25509,4754,15,40,3,30,10,7,11,3,101,3,0,3,9,"0,333333333",9,0,0,0,0,0,0,1
79,4,2,0,51012,4542,86,102,9,63,2,9,24,1,209,4,1,4,10,"0,4",6,0,0,0,0,0,0,0
40,1,0,0,70596,4737,68,347,44,534,17,0,26,1,968,3,5,12,21,"0,142857143",2,0,0,0,0,0,0,0
73,4,1,0,85431,4491,54,376,53,462,168,53,53,1,1165,2,7,7,17,"0,117647059",0,0,0,0,0,0,0,0
58,1,2,1,42664,4208,44,21,0,3,0,0,0,1,24,1,0,3,5,"0,2",6,0,0,0,0,0,0,0
70,1,1,2,42586,4713,7,194,2,56,0,0,0,5,252,4,1,6,16,"0,25",8,0,0,0,0,0,0,1
40,1,0,1,29760,4774,87,64,4,68,7,5,17,4,165,3,1,4,12,"0,25",8,0,0,0,0,0,0,0
48,4,2,0,28973,4729,59,206,0,46,3,2,12,2,269,5,1,5,13,"0,384615385",8,0,0,0,0,0,0,0
52,4,1,1,39435,4432,16,71,0,18,0,0,13,1,102,3,1,2,7,"0,428571429",7,0,0,0,0,0,0,0
41,2,2,0,65370,4437,1,71,22,112,138,89,29,1,461,2,3,13,19,"0,105263158",1,0,0,0,0,0,0,0
46,0,0,1,20194,4664,64,0,4,7,11,10,15,2,47,2,0,3,7,"0,285714286",6,0,0,0,0,0,0,0
49,4,0,2,42473,4237,72,93,1,21,0,4,25,3,144,2,1,4,10,"0,2",5,0,0,0,0,0,0,0
57,1,2,0,64590,4728,98,920,138,168,36,46,30,1,1338,9,4,10,24,"0,375",6,0,0,0,0,0,0,0
66,1,1,1,71232,4318,91,653,17,170,34,26,17,2,917,11,2,10,25,"0,44",7,0,0,0,0,0,0,0
54,1,1,2,34600,4649,8,199,33,60,8,3,15,5,318,5,2,5,17,"0,294117647",8,0,0,0,0,0,0,1
58,1,0,2,46904,4708,20,153,4,56,0,9,31,4,253,5,1,4,14,"0,357142857",8,0,0,0,0,0,0,0
52,1,2,1,49094,4751,6,376,0,38,11,8,69,5,502,6,3,6,20,"0,3",6,0,0,0,0,0,0,0
42,1,1,1,36075,4307,54,46,0,30,12,1,30,1,119,2,0,4,7,"0,285714286",6,0,0,0,0,0,0,0
46,2,1,2,60839,4775,72,600,21,128,223,150,128,13,1250,2,2,12,29,"0,068965517",8,0,0,0,0,0,0,0
46,1,1,1,77298,4344,46,425,115,292,23,35,79,1,969,6,6,11,24,"0,25",3,0,0,0,0,0,0,0
75,1,1,2,34026,4433,11,18,6,15,12,8,17,3,76,2,1,3,9,"0,222222222",5,0,0,0,0,0,0,0
62,4,0,2,48918,4183,21,52,0,9,0,0,1,2,62,1,0,4,7,"0,142857143",4,0,0,0,0,0,0,0
63,2,1,0,82122,4423,89,734,22,350,151,25,100,1,1382,3,9,13,26,"0,115384615",1,0,0,0,0,1,0,0
49,1,0,1,37697,4247,82,34,6,21,11,4,8,1,84,2,1,3,7,"0,285714286",6,0,0,0,0,0,0,0
73,1,1,2,34074,4456,69,135,1,41,10,1,67,5,255,3,3,3,14,"0,214285714",6,0,0,1,0,0,0,0
65,3,2,2,28520,4485,55,11,0,10,0,2,20,1,43,1,1,2,5,"0,2",6,0,0,0,0,0,0,0
70,1,0,1,62535,4374,13,163,48,90,0,45,52,1,398,3,2,8,14,"0,214285714",3,0,0,0,0,0,0,0
48,3,0,1,36273,4179,80,29,3,30,3,2,9,2,76,3,0,3,8,"0,375",6,0,0,0,0,0,0,0
61,1,1,2,63404,4128,97,734,26,70,11,44,17,2,902,6,3,4,15,"0,4",4,1,0,0,0,0,0,0
44,2,1,1,75774,4163,27,340,21,134,258,14,56,1,823,7,5,8,21,"0,333333333",4,0,0,0,0,0,0,0
49,1,1,1,78416,4107,99,453,38,279,188,38,183,2,1179,7,7,10,26,"0,269230769",3,0,0,0,0,0,0,0
51,1,1,1,75702,4728,87,1073,0,629,145,37,37,1,1921,10,5,13,29,"0,344827586",6,0,0,0,0,1,0,0
74,3,1,2,59385,4532,85,135,0,10,0,4,36,2,185,3,1,4,10,"0,3",5,0,0,0,0,0,0,0
59,1,0,2,37070,4571,30,231,7,137,4,15,39,9,433,5,1,8,23,"0,217391304",7,0,0,0,0,0,0,1
74,1,2,2,44689,4275,82,18,0,5,0,0,11,2,34,1,1,2,6,"0,166666667",7,0,0,1,0,0,0,0
67,1,1,1,53977,4491,21,620,16,165,0,24,82,5,907,5,5,12,27,"0,185185185",5,0,0,0,0,0,0,0
59,4,0,2,7144,4309,92,81,4,33,5,2,291,0,416,23,1,1,25,"0,92",0,0,0,0,0,0,0,0
61,1,0,2,18701,4495,95,12,4,2,10,6,10,4,44,2,0,4,10,"0,2",5,0,0,0,0,0,0,0
69,1,2,0,90369,4167,2,292,51,981,224,23,17,1,1588,4,6,6,17,"0,235294118",1,0,0,0,0,0,0,1
51,4,0,0,63159,4706,74,965,34,586,89,86,37,1,1797,3,5,8,17,"0,176470588",3,0,0,1,0,0,0,0
59,1,1,2,37758,4738,49,27,2,10,0,0,1,2,40,1,0,3,6,"0,166666667",8,0,0,0,0,0,0,0
62,4,0,1,46757,4695,71,777,30,163,0,51,122,6,1143,4,4,7,21,"0,19047619",9,0,0,0,0,0,0,0
56,3,2,0,79734,4106,72,572,8,232,23,62,17,1,914,4,3,6,14,"0,285714286",1,1,0,0,0,0,0,0
33,1,1,0,63207,4630,68,438,169,565,91,169,70,1,1502,2,3,6,12,"0,166666667",7,1,0,0,0,0,0,0
71,1,3,1,72071,4605,4,531,69,300,150,138,150,3,1338,5,4,8,20,"0,25",2,0,0,0,0,0,0,0
42,4,1,1,21840,4448,80,17,0,9,0,0,1,1,27,1,0,3,5,"0,2",9,0,0,0,0,0,0,0
43,2,1,1,58582,4379,15,402,35,106,101,77,42,2,763,9,2,9,22,"0,409090909",5,0,0,0,1,0,0,0
74,1,0,0,72282,4450,70,503,27,419,90,139,153,1,1331,5,7,9,22,"0,227272727",7,0,0,0,0,0,0,1
69,1,2,2,50387,4407,91,369,9,87,12,14,34,3,525,6,2,8,19,"0,315789474",5,0,0,0,0,0,0,0
64,4,1,2,32583,4119,10,5,0,3,0,0,1,1,9,1,0,2,4,"0,25",7,0,0,0,0,0,0,0
63,1,1,1,62568,4188,99,362,17,398,80,35,61,3,953,5,3,5,16,"0,3125",4,1,0,0,0,0,0,0
54,3,3,2,44635,4366,25,56,0,9,0,0,3,2,68,2,0,3,7,"0,285714286",7,0,0,0,0,0,0,0
54,3,0,2,33316,4373,34,79,1,31,4,4,12,3,131,2,1,4,10,"0,2",6,0,0,0,0,0,0,0
57,1,2,1,63967,4429,57,387,84,141,73,35,162,3,882,4,4,12,23,"0,173913043",2,0,0,0,0,0,0,0
47,2,1,0,52513,4768,84,367,17,241,104,188,232,2,1149,9,5,9,25,"0,36",7,0,0,0,0,0,0,0
56,1,2,1,25293,4392,51,15,0,11,0,2,9,1,37,1,1,2,5,"0,2",8,0,0,0,0,0,0,0
60,4,4,1,54111,4413,97,267,6,54,8,3,50,2,388,5,2,6,15,"0,333333333",5,0,0,0,0,0,0,0
39,1,1,0,78394,4604,13,298,27,697,216,24,166,1,1428,4,6,5,16,"0,25",2,0,0,0,0,0,0,1
67,3,2,0,80739,4507,92,674,92,736,39,0,92,1,1633,3,11,9,24,"0,125",1,0,0,0,0,0,0,0
50,3,1,1,22669,4508,30,16,14,36,37,22,48,3,173,4,1,2,10,"0,4",9,0,0,0,0,0,0,1
38,1,0,1,29236,4369,30,37,4,24,16,9,9,2,99,4,0,3,9,"0,444444444",9,0,0,0,0,0,0,0
66,1,1,1,44911,4576,11,159,0,22,2,1,31,3,215,4,1,4,12,"0,333333333",7,0,0,0,0,0,0,0
63,4,2,1,54693,4602,72,686,17,142,23,26,35,8,929,6,4,13,31,"0,193548387",6,0,0,0,0,0,0,0
51,1,1,1,48186,4206,39,97,3,66,12,7,34,3,219,4,1,4,12,"0,333333333",7,0,0,0,0,0,0,0
48,1,2,2,54809,4396,0,63,6,57,13,13,22,4,174,2,1,5,12,"0,166666667",4,0,0,0,0,0,0,1
47,1,1,2,41580,4671,15,56,5,24,4,0,3,3,92,2,1,3,9,"0,222222222",5,0,0,0,0,0,0,0
55,4,2,0,80336,4398,12,209,19,456,160,142,66,1,1052,2,9,13,25,"0,08",1,0,0,0,0,0,0,0
68,1,2,1,47743,4569,56,198,2,43,0,12,20,3,275,4,1,6,14,"0,285714286",6,0,0,0,1,0,0,0
70,2,2,1,62972,4800,39,313,15,47,20,0,192,2,587,7,4,3,16,"0,4375",6,0,0,0,0,0,0,0
71,4,3,1,57333,4750,55,941,14,397,76,58,176,11,1662,8,5,9,33,"0,242424242",6,0,0,0,0,0,0,1
43,4,1,1,32313,4608,60,86,4,56,2,4,7,3,159,4,0,4,11,"0,363636364",9,0,0,0,0,0,0,0
72,3,4,0,84953,4496,73,167,48,602,63,72,72,1,1024,3,10,4,18,"0,166666667",2,1,0,0,1,1,0,1
57,3,3,1,27071,4172,90,8,3,19,0,2,3,2,35,2,0,3,7,"0,285714286",6,0,0,0,0,0,0,0
68,3,1,0,68148,4407,86,389,66,408,37,57,85,1,1042,4,4,6,15,"0,266666667",2,0,0,0,0,0,0,0
60,3,1,2,65735,4309,37,239,7,119,4,15,11,5,395,6,2,6,19,"0,315789474",7,0,0,0,0,0,0,0
50,4,2,0,86836,4760,7,179,21,273,0,21,63,1,557,6,10,6,23,"0,260869565",5,1,0,1,0,1,0,1
62,4,2,2,4023,4111,29,5,0,1,1,1,1,15,9,0,0,0,15,0,19,0,0,0,0,0,0,0
35,1,2,0,30093,4461,19,2,6,28,13,4,16,1,69,2,0,3,6,"0,333333333",7,0,0,0,0,0,0,0
59,4,2,1,57705,4274,14,383,0,53,6,4,40,3,486,8,1,6,18,"0,444444444",6,0,0,0,0,0,0,0
37,1,0,1,25008,4252,72,2,8,8,6,1,9,2,34,1,0,3,6,"0,166666667",8,0,0,0,0,0,0,0
30,2,0,0,83257,4754,56,536,27,590,38,107,67,1,1365,5,10,12,28,"0,178571429",6,0,0,1,0,1,1,1
50,1,1,1,22280,4511,85,2,1,4,3,1,2,1,13,1,0,2,4,"0,25",8,0,0,0,0,0,0,0
47,4,2,0,72159,4713,62,322,53,899,34,40,53,1,1401,4,6,10,21,"0,19047619",2,0,0,0,0,0,0,0
64,1,1,0,64260,4639,1,539,169,816,20,0,30,1,1574,4,5,4,14,"0,285714286",3,0,0,0,0,0,0,1
41,4,0,0,82733,4397,28,712,50,420,65,38,38,1,1323,8,4,7,20,"0,4",4,0,0,0,0,0,0,1
54,3,3,1,74290,4426,70,1121,0,72,0,12,12,4,1217,10,8,10,32,"0,3125",6,1,0,0,1,0,0,0
74,3,0,3,58217,4694,84,68,1,13,3,5,13,1,103,2,0,4,7,"0,285714286",6,0,0,0,0,0,0,0
49,3,1,0,21024,4465,89,36,4,18,6,2,18,1,84,2,0,4,7,"0,285714286",7,0,0,0,0,0,0,0
53,4,2,0,70116,4624,73,707,44,603,95,58,29,1,1536,2,8,12,23,"0,086956522",1,0,0,0,0,0,0,0
40,1,1,1,54006,4754,42,174,77,203,6,24,97,2,581,8,1,7,18,"0,444444444",7,0,0,0,0,0,0,0
59,4,2,1,69063,4704,16,666,35,124,69,8,26,1,928,5,3,5,14,"0,357142857",3,0,0,0,0,0,0,0
50,2,3,0,11448,4301,16,0,0,0,6,2,6,1,14,1,0,2,4,"0,25",6,0,0,0,0,0,0,0
46,1,0,1,61825,4431,56,162,50,100,55,30,27,1,424,4,2,8,15,"0,266666667",4,0,0,0,0,0,0,0
54,1,2,1,70886,4363,65,407,70,239,103,88,53,1,960,5,4,4,14,"0,357142857",2,0,0,0,0,0,0,0
43,1,2,0,69109,4702,10,823,25,459,124,29,95,1,1555,6,6,7,20,"0,3",4,0,0,0,0,1,0,1
52,1,4,2,60208,4735,13,488,23,71,15,0,59,11,656,8,3,7,29,"0,275862069",7,0,0,0,1,0,0,1
57,3,1,2,32889,4401,78,28,0,13,4,2,8,3,55,2,1,3,9,"0,222222222",5,0,0,0,0,0,0,0
41,1,0,1,34738,4154,51,3,2,10,3,0,2,1,20,1,0,3,5,"0,2",6,0,0,0,0,0,0,0
54,3,1,1,30538,4741,27,284,0,52,8,3,20,4,367,9,0,4,17,"0,529411765",10,0,0,0,0,0,0,0
48,2,1,0,82326,4216,30,938,142,754,159,81,183,1,2257,5,10,6,22,"0,227272727",2,1,0,0,1,1,0,1
58,4,3,1,26642,4225,71,13,2,15,2,2,8,2,42,2,0,3,7,"0,285714286",6,0,0,0,0,0,0,0
61,1,3,1,69932,4487,97,412,172,153,150,105,57,2,1049,7,6,11,26,"0,269230769",4,0,0,0,0,0,0,0
53,1,0,2,44503,4179,83,31,1,8,0,0,8,2,48,2,0,3,7,"0,285714286",6,0,0,0,0,0,0,0
77,4,0,1,60200,4648,3,502,19,132,0,6,26,6,685,6,2,11,25,"0,24",6,0,0,0,0,0,0,0
73,1,3,1,49638,4176,71,18,10,3,3,5,0,1,39,1,0,3,5,"0,2",2,0,0,0,0,0,0,0
38,2,0,0,23830,4247,3,1,8,6,4,8,16,1,43,1,0,3,5,"0,2",7,0,0,0,0,0,0,0
66,3,4,0,33051,4787,15,100,71,243,108,94,219,3,835,9,1,8,21,"0,428571429",9,0,0,0,0,0,0,1
67,1,2,0,72905,4264,52,407,114,445,181,165,203,1,1515,3,7,9,20,"0,15",1,1,0,0,0,0,0,0
74,4,1,1,69702,4600,8,664,9,240,50,19,57,2,1039,7,7,10,26,"0,269230769",4,0,0,0,0,0,0,0
50,1,3,1,70300,4454,89,1045,61,338,60,46,46,3,1596,5,5,13,26,"0,192307692",8,0,0,0,0,0,0,0
41,4,2,0,70643,4727,66,1218,107,304,23,143,33,1,1828,5,8,4,18,"0,277777778",6,0,0,0,0,0,0,1
56,4,2,1,30396,4165,22,15,0,6,0,1,12,2,34,1,1,2,6,"0,166666667",7,0,0,1,0,0,0,1
57,4,3,1,50616,4177,56,128,0,16,0,1,4,2,149,4,0,4,10,"0,4",7,0,0,0,0,0,0,0
56,3,0,1,62772,4511,74,581,49,157,43,8,108,1,946,5,6,11,23,"0,217391304",2,0,0,0,1,0,0,0
40,4,0,0,30298,4146,48,6,3,12,6,1,0,1,28,1,1,3,6,"0,166666667",3,0,0,0,0,0,0,0
41,1,0,1,52413,4708,67,185,8,133,56,56,12,2,450,7,1,7,17,"0,411764706",7,0,0,0,0,0,0,0
68,4,2,2,44155,4266,24,22,1,9,0,0,14,1,46,1,1,2,5,"0,2",4,0,0,0,0,0,0,0
54,4,3,0,86979,4339,67,584,100,835,65,83,35,1,1702,5,5,5,16,"0,3125",2,0,0,1,0,0,0,1
50,1,1,2,76532,4398,38,355,30,177,90,138,30,4,820,9,5,7,25,"0,36",5,0,0,0,0,0,0,0
43,1,2,1,42081,4593,86,175,10,110,54,6,27,2,382,6,3,4,15,"0,4",6,0,0,1,0,0,0,0
37,4,2,0,67546,4772,90,864,134,768,150,38,172,1,2126,4,10,5,20,"0,2",3,0,0,0,0,0,0,0
36,3,1,0,88420,4163,87,957,153,612,99,95,153,1,2069,4,7,8,20,"0,2",1,1,0,1,0,1,0,0
40,1,2,1,31158,4623,62,25,6,16,20,0,5,2,72,2,0,3,7,"0,285714286",8,0,0,0,0,0,0,0
57,1,3,1,61671,4131,23,641,7,56,0,0,28,8,732,10,4,6,28,"0,357142857",8,1,0,0,1,0,0,0
51,1,0,0,69719,4139,99,273,86,208,177,14,43,1,801,2,3,5,11,"0,181818182",1,0,0,0,0,0,0,0
76,1,3,1,49160,4357,29,122,21,43,25,10,15,2,236,3,1,6,12,"0,25",6,0,0,0,0,0,0,0
47,0,1,1,24882,4763,52,1,4,10,29,0,36,1,80,1,1,2,5,"0,2",6,0,0,1,0,0,0,0
71,4,0,0,90933,4195,90,1020,31,430,62,63,79,1,1685,4,6,4,15,"0,266666667",1,0,0,0,0,1,0,0
80,4,0,0,113734,4137,9,6,2,3,1,262,3,0,277,27,0,0,27,1,1,0,0,0,0,0,0,0
75,4,1,1,59292,4486,71,378,14,68,19,14,14,2,507,3,5,8,18,"0,166666667",3,0,0,0,0,0,0,0
61,4,2,2,45759,4596,13,42,1,18,3,0,4,2,68,2,0,3,7,"0,285714286",7,0,0,0,0,0,0,0
42,1,0,0,22148,4182,16,15,5,14,0,4,11,1,49,1,0,3,5,"0,2",7,0,0,0,0,0,0,0
38,3,2,0,73395,4208,94,272,7,80,20,7,11,1,397,4,4,6,15,"0,266666667",2,0,0,0,0,0,0,0
54,1,3,1,29819,4353,77,9,1,24,2,1,2,3,39,3,0,3,9,"0,333333333",6,0,0,0,0,0,0,0
57,1,2,1,45688,4260,20,279,0,18,0,0,9,2,306,3,1,8,14,"0,214285714",4,0,0,0,1,0,0,0
71,1,2,0,62820,4519,51,398,61,265,138,61,53,1,976,3,4,6,14,"0,214285714",1,0,0,0,0,0,0,0
54,4,2,1,60491,4401,81,637,47,237,12,19,76,4,1028,6,11,7,28,"0,214285714",5,0,0,0,0,0,0,0
39,1,1,1,33235,4249,71,45,0,16,2,1,6,1,70,3,0,3,7,"0,428571429",7,0,0,0,0,0,0,0
66,1,2,0,35701,4572,36,21,1,9,7,3,5,1,46,1,0,3,5,"0,2",6,0,0,0,0,0,0,0
45,3,2,1,31535,4381,95,15,4,13,0,0,19,1,51,1,1,2,5,"0,2",7,0,0,1,0,0,0,0
65,2,1,0,92556,4175,32,493,183,352,184,23,28,0,1263,3,5,13,21,"0,142857143",0,0,0,0,0,0,0,0
55,1,0,1,67384,4701,32,957,40,175,158,53,107,2,1490,7,8,5,22,"0,318181818",5,0,0,0,1,0,0,0
54,3,1,0,80573,4728,85,829,138,430,60,92,15,1,1564,4,6,13,24,"0,166666667",2,0,0,0,0,0,0,0
58,1,2,1,77870,4781,93,1017,50,500,65,50,133,3,1815,5,5,5,18,"0,277777778",8,1,0,0,1,0,0,1
62,4,4,1,52278,4625,24,953,0,71,0,0,174,6,1198,10,5,10,31,"0,322580645",8,0,0,0,0,0,0,0
57,1,0,1,57107,4779,44,159,0,120,0,0,137,7,416,4,4,8,23,"0,173913043",8,0,1,0,1,0,0,1
35,1,2,0,18929,4603,15,32,0,8,23,4,18,1,85,1,0,4,6,"0,166666667",6,0,0,0,0,0,0,0
44,4,0,1,36038,4499,82,23,0,15,0,2,7,2,47,3,0,3,8,"0,375",6,0,0,0,0,0,0,0
49,1,0,0,20180,4599,27,18,42,24,15,20,18,1,137,2,1,4,8,"0,25",7,0,0,0,0,0,0,0
60,4,1,2,34230,4655,72,15,0,4,0,0,2,1,21,1,0,2,4,"0,25",7,0,0,0,0,0,0,0
48,2,0,1,31878,4112,7,23,4,5,10,5,23,1,70,1,0,4,6,"0,166666667",3,0,0,0,0,0,0,0
53,2,2,1,70932,4266,57,200,193,100,46,185,185,2,909,6,2,12,22,"0,272727273",3,0,0,0,0,0,0,0
69,1,0,0,91249,4722,84,1324,27,119,71,108,27,0,1676,7,9,6,22,"0,318181818",4,1,1,0,1,1,0,1
82,3,0,0,77598,4376,53,1193,33,281,129,66,33,1,1735,7,5,13,26,"0,269230769",3,0,0,0,0,1,0,0
66,1,0,2,80982,4642,48,505,137,401,104,22,22,3,1191,11,5,11,30,"0,366666667",5,0,0,0,0,0,1,0
48,3,2,1,22701,4402,2,2,4,9,0,4,5,1,24,1,0,3,5,"0,2",5,0,0,0,0,0,0,0
56,4,2,1,55212,4688,65,1103,0,45,0,0,34,3,1182,4,2,11,20,"0,2",8,0,1,0,1,0,0,0
55,1,2,0,70617,4476,45,353,61,753,40,46,27,1,1280,3,3,7,14,"0,214285714",2,0,0,0,0,0,0,0
68,1,0,0,64849,4698,42,652,48,350,94,84,108,1,1336,9,3,6,19,"0,473684211",5,0,0,0,0,0,0,1
60,3,2,2,62694,4482,29,379,6,157,25,91,91,5,749,9,3,7,24,"0,375",7,0,0,0,0,0,0,0
51,4,2,2,61917,4326,83,46,4,36,2,2,1,1,91,2,0,4,7,"0,285714286",5,0,0,0,0,0,0,0
78,4,2,1,67472,4379,93,162,31,127,8,17,69,2,414,4,2,7,15,"0,266666667",3,0,0,0,0,0,0,0
43,3,2,1,21059,4278,40,8,3,19,3,3,8,3,44,3,0,3,9,"0,333333333",6,0,0,0,0,0,0,0
57,3,2,2,29543,4194,47,17,3,18,3,4,18,2,63,3,1,2,8,"0,375",7,0,0,0,0,0,0,0
74,1,2,1,75903,4552,50,340,108,185,130,38,100,2,901,6,6,9,23,"0,260869565",3,0,0,0,0,0,0,0
50,2,1,2,34984,4766,40,8,4,15,3,5,3,2,38,1,0,3,6,"0,166666667",7,0,0,0,0,0,0,0
69,4,0,1,54998,4581,3,154,22,202,39,30,8,5,455,4,2,9,20,"0,2",4,0,0,0,0,0,0,1
76,4,4,1,54356,4692,62,710,15,30,20,0,0,3,775,11,2,8,24,"0,458333333",8,0,0,0,0,0,0,1
66,3,2,1,34242,4203,25,8,2,4,0,0,1,1,15,0,0,3,4,0,5,0,0,0,0,0,0,0
52,1,2,1,25410,4407,48,2,2,4,13,13,4,1,38,1,0,4,6,"0,166666667",4,0,0,0,0,0,0,0
41,4,2,0,73356,4248,56,1050,14,322,0,14,112,1,1512,5,11,5,22,"0,227272727",2,1,0,1,0,1,0,1
75,1,1,1,28320,4636,68,19,1,14,3,2,4,1,43,1,0,3,5,"0,2",8,0,0,0,0,0,0,0
48,1,0,1,23763,4796,64,22,0,6,6,2,6,1,42,1,0,3,5,"0,2",7,0,0,0,0,0,0,0
41,1,2,0,72570,4170,67,274,83,216,151,141,224,1,1089,4,6,12,23,"0,173913043",1,0,0,0,0,0,0,0
49,3,2,1,34529,4758,94,68,6,38,3,6,41,2,162,2,2,3,9,"0,222222222",7,0,0,0,0,0,0,0
74,1,4,0,70792,4613,82,344,45,654,104,11,114,2,1272,3,4,10,19,"0,157894737",3,0,0,0,0,0,0,0
43,1,2,0,63211,4709,3,145,193,459,205,26,145,2,1173,3,8,7,20,"0,15",2,0,0,0,0,0,0,1
51,3,2,1,83891,4114,24,217,38,350,111,85,15,1,816,4,7,10,22,"0,181818182",1,0,0,0,0,0,0,0
57,1,0,2,36065,4560,54,18,7,34,10,2,3,3,74,3,0,3,9,"0,333333333",8,0,0,0,0,0,0,0
71,1,1,1,39898,4607,20,69,8,26,12,7,12,2,134,3,0,4,9,"0,333333333",7,0,0,0,0,0,0,0
85,4,0,0,51141,4461,96,144,0,7,0,0,6,1,157,3,1,4,9,"0,333333333",5,0,0,0,0,0,0,0
49,1,2,1,56939,4389,19,256,34,103,90,29,49,2,561,3,3,10,18,"0,166666667",3,0,0,0,0,0,0,0
74,1,0,0,80872,4153,60,483,72,567,94,12,108,1,1336,4,4,10,19,"0,210526316",1,0,0,0,0,0,0,0
49,4,1,0,72335,4790,2,1285,105,653,28,21,0,1,2092,10,4,8,23,"0,434782609",8,0,0,0,0,0,0,1
61,4,0,0,61798,4323,13,338,4,89,11,8,13,1,463,4,2,9,16,"0,25",4,0,0,0,0,0,0,0
75,4,4,0,76842,4162,37,605,10,345,84,54,32,1,1130,1,8,7,17,"0,058823529",0,0,0,0,0,0,0,0
49,1,1,1,29478,4268,59,8,0,7,3,1,1,1,20,1,0,3,5,"0,2",6,0,0,0,0,0,0,0
69,1,0,1,46998,4720,55,172,41,86,45,6,27,5,377,5,3,5,18,"0,277777778",7,0,0,1,0,0,0,0
35,1,0,0,96843,4537,60,448,71,951,40,17,17,1,1544,6,11,10,28,"0,214285714",2,0,0,0,0,1,0,1
75,4,4,2,56551,4158,48,67,4,32,17,2,16,3,138,2,1,4,10,"0,2",4,0,0,0,0,0,0,0
60,3,2,1,70053,4466,38,512,53,98,81,179,89,3,1012,8,5,10,26,"0,307692308",5,0,0,0,0,0,0,0
63,4,4,0,71670,4460,8,1462,16,128,0,0,160,1,1766,5,3,6,15,"0,333333333",6,0,1,0,1,1,0,1
47,1,2,2,44359,4117,19,20,0,14,7,3,1,3,45,2,0,4,9,"0,222222222",3,0,0,0,0,0,0,0
73,1,0,2,40887,4524,32,50,4,44,10,10,43,3,161,3,1,3,10,"0,3",9,0,0,0,0,0,0,1
59,1,3,1,48877,4280,27,102,1,15,2,0,24,1,144,3,0,4,8,"0,375",7,0,0,0,0,0,0,0
78,1,1,0,74485,4414,58,499,149,815,173,49,49,1,1734,6,7,12,26,"0,230769231",3,0,0,0,0,0,0,0
53,1,1,1,64474,4355,59,381,35,172,56,86,93,2,823,8,2,10,22,"0,363636364",5,0,0,0,0,0,0,0
62,1,1,1,77226,4226,29,631,43,239,128,76,21,2,1138,6,8,12,28,"0,214285714",3,0,0,0,0,0,0,0
76,1,4,0,72643,4592,60,526,80,553,123,94,53,1,1429,3,10,7,21,"0,142857143",2,1,0,0,0,0,0,1
47,3,1,0,85738,4262,41,913,26,376,17,26,13,1,1371,3,6,11,21,"0,142857143",1,0,0,0,1,1,0,0
59,1,3,1,55686,4605,27,673,0,199,37,47,26,2,982,6,3,5,16,"0,375",4,0,0,1,0,0,0,0
42,1,0,1,39062,4201,28,23,0,9,0,0,12,1,44,1,0,3,5,"0,2",4,0,0,1,0,0,0,0
54,1,1,2,34600,4649,8,199,33,60,8,3,15,5,318,5,2,5,17,"0,294117647",8,0,0,0,0,0,0,1
50,1,2,1,40794,4553,18,261,23,73,4,23,50,2,434,6,3,5,16,"0,375",7,0,0,0,0,0,0,0
54,2,2,2,54690,4339,76,111,16,37,7,9,18,3,198,3,1,5,12,"0,25",3,0,0,0,0,0,0,0
56,1,2,1,4428,4372,0,16,4,12,2,4,321,0,359,25,0,0,25,1,1,0,0,0,0,0,0,0
62,2,2,0,32632,4801,32,63,151,137,153,19,53,2,576,4,4,8,18,"0,222222222",5,0,0,0,0,0,0,0
57,4,0,2,38236,4387,2,58,0,18,2,0,10,4,88,3,0,4,11,"0,272727273",7,0,0,0,0,0,0,0
46,1,2,1,36781,4185,16,29,1,17,0,3,13,1,63,2,1,2,6,"0,333333333",8,0,0,0,0,0,0,1
41,3,0,1,31385,4676,56,3,2,12,0,1,9,1,27,1,0,2,4,"0,25",8,0,0,1,0,0,0,1
41,1,2,1,24570,4592,97,28,34,62,11,14,44,3,193,4,0,4,11,"0,363636364",9,0,0,0,0,0,0,0
51,4,3,1,25509,4754,15,40,3,30,10,7,11,3,101,3,0,3,9,"0,333333333",9,0,0,0,0,0,0,1
74,1,2,0,94642,4242,35,879,143,797,106,143,143,0,2211,5,7,9,21,"0,238095238",1,1,0,0,0,1,0,0
63,3,2,1,58646,4489,3,62,1,44,6,5,22,1,140,2,1,4,8,"0,25",4,0,0,0,0,0,0,0
50,1,0,2,53201,4607,49,280,7,81,20,0,27,8,415,6,3,5,22,"0,272727273",7,0,0,0,0,0,0,0
68,1,1,1,21994,4657,4,9,0,6,3,1,3,1,22,0,0,3,4,0,5,0,0,0,0,0,0,0
47,1,2,2,57113,4613,45,182,4,33,0,2,42,6,263,4,1,5,16,"0,25",7,0,0,0,0,0,0,0
34,1,2,0,51373,4477,37,83,2,101,64,26,117,1,393,3,5,3,12,"0,25",4,0,0,0,0,0,0,0
39,1,2,1,23477,4356,39,38,15,54,3,8,29,3,147,3,0,4,10,"0,3",8,0,0,0,0,0,0,0
69,1,2,1,58116,4182,38,228,19,130,4,11,51,2,443,3,3,8,16,"0,1875",2,0,0,0,0,0,0,0
62,4,3,0,72968,4300,8,1092,37,592,145,37,55,1,1958,5,5,8,19,"0,263157895",3,1,0,0,0,0,0,1
54,3,2,1,39791,4563,89,85,15,27,13,13,21,2,174,3,1,4,10,"0,3",7,0,0,0,0,0,0,0
78,3,0,0,91712,4360,47,1276,24,746,94,29,48,0,2217,9,7,11,27,"0,333333333",3,0,0,0,0,1,0,1
67,1,0,1,94472,4192,75,1017,33,417,108,100,16,1,1691,5,5,5,16,"0,3125",5,0,0,0,1,1,0,0
65,1,1,2,13672,4543,86,6,2,9,2,1,5,2,25,1,0,3,6,"0,166666667",8,0,0,0,0,0,0,0
45,2,2,0,96547,4142,4,448,21,125,52,101,62,0,809,7,6,8,21,"0,333333333",2,1,0,1,0,1,0,1
50,1,2,0,79205,4774,73,504,23,117,179,28,44,1,895,6,5,4,16,"0,375",4,1,0,0,0,0,0,1
50,4,1,1,56559,4656,46,226,22,133,41,31,31,3,484,4,3,8,18,"0,222222222",4,0,0,0,0,0,0,0
52,4,2,1,32644,4634,38,239,3,141,0,7,23,4,413,7,1,6,18,"0,388888889",8,0,0,1,0,0,0,0
45,2,0,1,67506,4283,73,90,38,67,33,36,67,1,331,4,1,6,12,"0,333333333",3,0,0,0,0,0,0,0
55,1,0,1,24206,4583,66,7,2,8,3,2,3,1,25,1,0,3,5,"0,2",6,0,0,0,0,0,0,0
58,4,3,1,28420,4292,36,4,2,5,2,0,0,1,13,1,0,2,4,"0,25",6,0,0,0,0,0,0,0
55,1,2,1,22979,4766,29,16,17,19,20,21,22,3,115,3,2,2,10,"0,3",8,0,0,0,0,0,0,1
59,1,0,0,33279,4122,29,10,3,3,0,0,0,1,16,0,0,3,4,0,3,0,0,0,0,0,0,0
53,3,0,2,46423,4389,6,68,0,16,0,0,8,3,92,2,0,4,9,"0,222222222",7,0,0,0,0,0,0,0
48,1,2,1,30368,4339,97,35,0,13,2,0,2,2,52,2,0,3,7,"0,285714286",8,0,0,0,0,0,0,0
55,1,2,1,63684,4685,61,575,80,428,208,93,80,3,1464,8,4,8,23,"0,347826087",5,0,0,0,0,0,0,0
61,1,3,1,41638,4606,68,315,0,31,4,0,91,4,441,5,5,3,17,"0,294117647",8,0,0,1,0,0,0,0
66,4,3,1,68805,4390,73,182,2,49,17,13,20,1,283,3,1,7,12,"0,25",2,0,0,0,0,0,0,0
59,4,1,1,65814,4224,90,561,14,113,10,14,35,3,747,8,2,10,23,"0,347826087",5,0,0,0,0,0,0,0
67,1,3,0,71964,4510,81,587,51,932,180,34,86,1,1870,5,6,5,17,"0,294117647",3,0,0,0,0,0,0,0
39,1,0,1,39146,4605,1,94,1,33,13,12,12,3,165,4,0,4,11,"0,363636364",8,0,0,0,0,0,0,0
48,1,1,0,96876,4432,79,908,43,735,40,194,21,1,1941,7,7,9,24,"0,291666667",2,1,0,0,1,1,0,1
44,0,2,0,34445,4623,92,228,122,122,208,129,30,6,839,11,2,8,27,"0,407407407",9,0,0,0,0,0,0,0
67,1,0,0,68281,4796,31,995,112,417,42,48,41,1,1655,2,9,13,25,"0,08",5,0,0,0,0,0,0,1
50,2,2,2,37284,4562,46,11,1,2,2,1,6,1,23,0,0,3,4,0,6,0,0,0,0,0,0,0
42,1,2,0,36790,4590,14,3,3,14,15,21,10,1,66,2,1,2,6,"0,333333333",9,0,0,0,0,0,0,1
58,1,1,2,27943,4545,89,12,1,16,4,1,3,3,37,2,0,3,8,"0,25",8,0,0,0,0,0,0,0
74,1,3,2,22263,4196,31,17,0,2,0,0,2,2,21,1,0,3,6,"0,166666667",6,0,0,0,0,0,1,0
53,1,1,3,30261,4747,75,8,0,5,0,3,6,1,22,0,0,3,4,0,8,0,0,0,0,0,0,0
47,1,1,1,28587,4242,42,22,4,17,12,10,13,3,78,2,0,4,9,"0,222222222",6,0,0,0,0,0,0,0
43,3,2,1,43815,4555,53,14,10,29,4,7,15,1,79,2,0,3,6,"0,333333333",6,0,0,0,0,0,0,0
69,1,2,2,48195,4264,53,106,27,68,52,7,5,6,265,4,2,5,17,"0,235294118",6,0,0,0,0,0,0,0
73,3,2,1,77027,4249,23,820,57,242,45,0,11,2,1175,8,3,6,19,"0,421052632",4,0,0,0,0,0,0,0
60,4,2,1,71322,4603,57,753,43,226,69,10,204,2,1305,8,5,13,28,"0,285714286",4,0,0,0,0,0,0,0
46,3,2,1,32765,4231,49,13,3,17,7,3,3,2,46,2,0,4,8,"0,25",5,0,0,0,0,0,0,0
60,1,1,2,29672,4579,6,9,1,3,0,4,8,1,25,0,0,3,4,0,6,0,0,0,0,0,0,0
72,1,3,0,23272,4360,29,19,3,6,4,2,12,1,46,1,0,3,5,"0,2",4,0,0,0,0,0,0,0
76,3,1,1,49912,4765,5,520,8,223,32,49,42,4,874,10,5,7,26,"0,384615385",8,0,0,1,0,0,0,1
40,2,1,1,7500,4802,98,5,17,17,13,14,34,4,100,2,1,3,10,"0,2",9,0,0,0,0,0,0,0
78,4,4,1,68117,4581,80,618,44,215,0,17,36,2,930,11,8,4,25,"0,44",6,0,0,1,0,0,0,1
70,1,2,1,67225,4320,4,315,35,322,46,7,143,3,868,7,2,11,23,"0,304347826",5,0,0,0,0,0,0,0
49,1,2,1,17649,4334,70,15,1,23,0,5,1,3,45,3,0,3,9,"0,333333333",8,0,0,0,0,0,0,0
50,1,1,1,55914,4531,32,384,60,364,119,101,232,4,1260,11,6,8,29,"0,379310345",7,0,0,0,0,0,0,0
41,1,2,1,40059,4379,82,110,29,92,28,10,145,1,414,6,2,3,12,"0,5",8,0,0,1,0,0,0,0
75,1,1,1,60905,4311,27,208,17,76,36,17,38,2,392,3,3,7,15,"0,2",2,0,0,0,0,0,0,0
48,1,2,2,75330,4738,94,555,82,257,93,61,61,4,1109,10,3,12,29,"0,344827586",6,0,0,0,0,0,0,0
74,1,0,1,60689,4498,23,240,90,216,63,6,24,4,639,4,4,10,22,"0,181818182",3,0,0,0,0,0,0,0
41,1,2,1,38680,4563,97,11,0,36,15,5,12,1,79,2,0,3,6,"0,333333333",7,0,0,0,0,0,0,0
43,1,1,0,61416,4611,25,848,154,323,201,61,78,1,1665,10,3,10,24,"0,416666667",6,0,0,1,0,0,0,0
34,1,0,0,49767,4528,92,202,47,197,55,42,149,1,692,5,4,8,18,"0,277777778",4,0,0,0,0,0,0,0
55,1,0,3,83273,4747,98,433,89,650,16,102,102,10,1392,4,6,9,29,"0,137931034",7,0,0,0,0,0,0,0
44,1,2,1,29009,4317,19,6,6,15,10,5,2,2,44,2,0,3,7,"0,285714286",6,0,0,0,0,0,0,0
46,3,2,1,45057,4315,80,37,0,7,3,0,3,1,50,2,0,3,6,"0,333333333",5,0,0,0,0,0,0,0
54,1,2,1,37150,4761,80,167,37,64,49,34,116,8,467,4,3,6,21,"0,19047619",7,0,0,0,0,0,0,0
55,1,0,1,43020,4316,79,45,7,99,4,25,43,3,223,4,1,4,12,"0,333333333",6,0,0,0,0,0,0,0
66,1,2,1,53154,4125,50,129,0,21,0,1,7,1,158,3,1,4,9,"0,333333333",4,0,0,0,0,0,0,0
52,1,2,0,65308,4396,60,713,0,264,120,80,34,1,1211,7,8,12,28,"0,25",4,1,0,0,0,1,0,0
55,1,0,1,76467,4786,44,676,161,426,210,44,58,2,1575,2,5,5,14,"0,142857143",6,0,0,0,0,0,0,1
78,2,2,0,81044,4289,0,450,26,535,73,98,26,1,1208,5,6,10,22,"0,227272727",1,0,0,0,0,0,0,0
74,1,2,2,32871,4582,28,22,2,12,0,2,5,1,43,1,0,3,5,"0,2",4,0,0,0,0,0,0,0
50,1,0,2,55801,4385,35,367,4,51,6,4,95,6,527,7,2,6,21,"0,333333333",7,1,0,0,0,0,0,0
66,1,4,1,76320,4112,49,526,35,214,69,53,35,2,932,6,3,4,15,"0,4",2,0,0,0,0,0,0,0
70,3,0,2,36927,4132,46,51,0,16,0,0,4,2,71,3,0,3,8,"0,375",8,0,0,0,0,0,0,0
72,1,1,2,48794,4108,97,25,0,11,3,0,15,1,54,1,0,3,5,"0,2",4,0,0,0,0,0,0,0
60,1,0,0,23478,4572,51,28,6,27,12,17,39,1,129,3,0,3,7,"0,428571429",8,0,0,0,0,0,0,0
52,1,3,1,71128,4736,80,958,159,447,20,0,31,3,1615,2,10,12,27,"0,074074074",7,0,0,0,0,0,0,0
49,4,3,1,70179,4448,10,532,88,168,69,44,133,3,1034,7,3,13,26,"0,269230769",5,0,0,0,0,0,0,0
75,1,2,1,59462,4645,29,724,17,143,0,8,196,2,1088,9,2,12,25,"0,36",7,0,0,0,0,0,0,0
56,1,1,1,38361,4289,74,39,0,56,20,8,14,3,137,3,1,3,10,"0,3",7,0,0,0,0,0,0,0
43,4,1,0,70038,4352,54,587,54,348,71,54,130,1,1244,4,4,8,17,"0,235294118",2,0,0,0,0,0,0,0
47,1,1,2,42554,4638,93,29,1,11,0,0,0,2,41,2,0,3,7,"0,285714286",4,0,0,0,0,0,0,0
51,1,2,1,67445,4791,63,757,80,217,29,80,11,5,1174,9,6,12,32,"0,28125",6,0,0,0,0,0,0,0
74,1,4,1,67046,4644,92,544,35,133,23,151,107,2,993,4,5,4,15,"0,266666667",2,0,0,0,0,0,0,0
77,1,2,0,42192,4401,40,40,15,15,17,6,7,1,100,2,1,3,7,"0,285714286",4,0,0,0,0,0,0,0
73,4,2,1,77610,4713,70,1245,33,332,21,33,16,2,1680,4,7,4,17,"0,235294118",7,0,0,0,0,0,0,0
41,1,2,1,31761,4190,96,19,1,20,16,14,28,2,98,3,0,4,9,"0,333333333",5,0,0,0,0,0,0,0
46,1,1,1,34350,4358,81,16,3,15,2,1,11,1,48,1,0,3,5,"0,2",7,0,0,0,0,0,0,0
76,1,1,1,54591,4433,63,376,4,94,12,9,24,3,519,6,2,8,19,"0,315789474",5,0,0,0,0,0,0,0
69,1,2,1,71866,4291,85,184,178,178,103,39,33,1,715,6,3,10,20,"0,3",3,0,0,0,0,0,0,0
56,1,2,1,25293,4392,51,15,0,11,0,2,9,1,37,1,1,2,5,"0,2",8,0,0,0,0,0,0,0
38,4,0,0,42000,4640,23,124,83,267,85,59,35,2,653,5,2,11,20,"0,25",5,0,0,0,0,0,0,1
42,1,2,0,69520,4462,95,627,120,414,121,80,93,1,1455,9,6,5,21,"0,428571429",5,0,0,0,0,0,0,0
55,1,3,1,64713,4247,11,180,60,241,13,54,54,2,602,5,5,7,19,"0,263157895",4,0,0,0,0,0,0,1
48,3,2,1,27889,4464,42,14,0,4,0,0,8,1,26,1,1,2,5,"0,2",6,0,0,0,0,0,0,0
65,0,4,0,22123,4199,77,3,3,24,34,7,31,1,102,2,1,3,7,"0,285714286",5,0,0,0,0,0,0,0
52,1,2,1,27803,4777,40,8,26,46,38,9,49,2,176,3,0,4,9,"0,333333333",8,0,0,0,0,0,0,0
65,1,2,1,51651,4704,32,293,6,23,13,6,92,4,433,6,2,5,17,"0,352941176",8,0,0,0,0,0,0,0
37,1,2,0,68487,4637,48,758,12,385,33,89,89,1,1366,9,7,13,30,"0,3",4,0,0,0,0,0,0,0
56,1,2,1,56796,4603,24,656,38,161,62,47,37,3,1001,8,9,7,27,"0,296296296",7,0,0,0,0,0,0,0
33,2,2,0,87000,4666,61,196,25,607,67,17,49,1,961,4,6,7,18,"0,222222222",2,0,0,0,0,0,0,0
66,1,2,1,79823,4195,6,835,73,380,114,73,43,1,1518,6,9,7,23,"0,260869565",2,0,0,0,1,0,0,0
45,1,0,1,30828,4373,16,16,11,15,2,0,12,2,56,1,1,4,8,"0,125",3,0,0,0,0,0,0,0
54,3,2,1,34109,4340,39,9,1,5,2,1,4,1,22,0,0,3,4,0,4,0,0,0,0,0,0,0
51,3,3,2,53367,4407,2,229,7,140,10,3,11,7,400,5,1,8,21,"0,238095238",7,0,0,0,0,0,0,1
56,0,1,0,22390,4356,49,0,1,4,15,1,5,1,26,1,0,2,4,"0,25",7,0,0,0,0,0,0,0
49,1,1,1,71322,4163,31,121,24,124,24,15,42,1,350,4,1,7,13,"0,307692308",2,0,0,0,0,0,0,0
32,1,5,0,79244,4662,58,471,102,125,212,61,245,1,1216,4,10,7,22,"0,181818182",1,1,0,0,0,1,0,1
76,3,1,1,49912,4765,5,520,8,223,32,49,42,4,874,10,5,7,26,"0,384615385",8,0,0,1,0,0,0,1
75,4,2,2,48699,4509,90,26,1,10,2,0,1,1,40,1,0,3,5,"0,2",5,0,0,0,0,0,0,0
50,1,1,0,80144,4377,47,240,132,445,250,192,108,1,1367,3,7,8,19,"0,157894737",1,0,0,0,0,0,0,0
69,1,0,2,54252,4502,25,178,4,26,8,4,44,5,264,4,1,5,15,"0,266666667",6,0,0,0,0,0,0,0
49,3,2,1,81929,4743,60,1486,55,278,49,0,185,2,2053,4,4,10,20,"0,2",6,0,0,1,0,1,0,1
50,1,2,1,76068,4682,67,1115,12,128,33,12,76,1,1376,2,3,4,10,"0,2",6,0,1,0,1,0,0,0
49,3,2,2,53204,4206,40,29,0,8,2,0,6,1,45,1,0,3,5,"0,2",4,0,0,0,0,0,0,0
76,4,1,1,67911,4143,63,529,0,356,63,28,0,3,976,6,7,11,27,"0,222222222",3,0,0,0,0,0,0,0
41,2,2,1,14796,4755,1,13,3,8,7,4,16,2,51,1,0,3,6,"0,166666667",9,0,0,0,0,0,0,1
51,4,2,1,78128,4235,89,934,24,230,16,24,36,2,1264,8,4,6,20,"0,4",3,0,0,0,1,1,0,0
53,0,2,0,14188,4591,40,2,7,11,16,12,27,1,75,2,0,4,7,"0,285714286",6,0,0,0,0,0,0,0
39,0,2,1,20425,4713,5,4,12,5,3,16,17,2,57,2,0,3,7,"0,285714286",7,0,0,0,0,0,0,0
63,3,2,1,58646,4489,3,62,1,44,6,5,22,1,140,2,1,4,8,"0,25",4,0,0,0,0,0,0,0
55,1,3,1,72967,4666,1,158,35,179,0,0,125,2,497,7,2,8,19,"0,368421053",5,0,0,1,0,0,0,1
76,3,2,1,48150,4491,24,173,2,39,3,2,47,3,266,5,1,4,13,"0,384615385",7,0,0,0,0,0,0,0
64,1,0,0,82332,4755,89,830,59,968,51,79,19,1,2006,5,3,12,21,"0,238095238",2,0,0,0,0,1,0,1
70,1,4,2,58275,4497,48,189,10,253,56,43,64,6,615,8,2,7,23,"0,347826087",7,0,0,0,0,0,0,0
44,4,1,0,44953,4660,31,728,17,133,11,8,124,1,1021,7,3,13,24,"0,291666667",6,0,0,1,0,0,0,0
72,1,1,2,34587,4149,68,7,2,9,2,0,2,2,22,1,0,3,6,"0,166666667",4,0,0,0,0,0,0,0
51,3,1,1,43018,4345,46,35,4,17,7,6,64,1,133,2,2,2,7,"0,285714286",5,0,0,0,0,0,0,0
71,3,2,1,45736,4445,92,188,3,180,20,3,43,5,437,7,1,6,19,"0,368421053",7,0,0,0,0,0,0,0
56,3,1,1,66476,4312,80,742,28,152,25,9,57,2,1013,6,8,10,26,"0,230769231",4,0,0,0,0,0,0,0
44,2,2,1,27733,4412,16,0,7,5,26,2,17,2,57,2,0,3,7,"0,285714286",7,0,0,0,0,0,0,0
73,4,1,1,69805,4264,50,750,71,174,13,10,20,2,1038,6,8,11,27,"0,222222222",2,0,0,0,0,0,0,0
63,3,0,0,72217,4550,93,816,42,450,55,56,154,1,1573,3,10,8,22,"0,136363636",2,0,0,0,0,0,0,0
54,1,3,1,25818,4724,51,5,2,8,2,2,9,1,28,0,1,2,4,0,7,0,0,0,0,0,0,0
49,3,1,1,37509,4760,24,37,5,56,12,8,5,2,123,3,0,4,9,"0,333333333",7,0,0,0,0,0,0,0
49,2,1,2,25176,4428,79,4,0,4,0,0,5,1,13,1,0,2,4,"0,25",7,0,0,0,0,0,0,0
45,1,2,1,43586,4773,26,99,2,11,4,0,16,3,132,3,0,4,10,"0,3",8,0,0,0,0,0,0,0
69,2,2,1,53230,4800,86,176,72,98,136,21,229,4,732,5,2,12,23,"0,217391304",5,0,0,0,0,0,0,0
68,1,1,2,50116,4114,68,54,0,10,0,0,2,2,66,1,0,4,7,"0,142857143",5,0,0,0,1,0,0,0
53,1,1,0,84906,4373,98,997,15,414,99,30,76,1,1631,5,6,12,24,"0,208333333",2,0,1,0,1,1,0,0
59,1,2,1,61286,4436,34,356,0,107,19,9,117,2,608,7,1,8,18,"0,388888889",5,0,0,0,0,0,0,0
39,4,2,0,82333,4561,60,1311,0,359,46,89,17,1,1822,4,3,10,18,"0,222222222",2,0,0,0,0,1,0,1
60,4,1,0,65220,4769,3,890,63,292,0,25,12,4,1282,8,4,7,23,"0,347826087",6,0,0,0,0,0,0,1
51,1,1,3,33590,4343,65,4,0,2,0,0,2,1,8,1,0,2,4,"0,25",7,0,0,0,0,0,0,0
49,1,3,1,30992,4538,83,17,0,14,7,3,2,1,43,1,0,3,5,"0,2",7,0,0,0,0,0,0,0
49,3,0,0,72309,4580,64,960,0,883,50,38,0,1,1931,5,6,8,20,"0,25",3,1,0,0,0,0,0,1
76,4,2,0,156924,4409,85,2,1,2,1,1,1,0,8,0,0,0,0,0,0,0,0,0,0,0,0,0
45,0,2,1,16005,4789,69,1,3,2,20,30,47,3,103,2,1,2,8,"0,25",8,0,0,0,0,0,0,0
68,3,5,0,65487,4275,48,240,67,500,199,0,163,3,1169,3,5,6,17,"0,176470588",2,0,0,0,0,0,0,0
60,1,2,1,58692,4189,21,301,11,61,4,7,11,1,395,8,2,4,15,"0,533333333",7,0,0,0,0,0,0,0
56,1,4,2,40590,4375,30,154,0,50,6,11,37,5,258,3,4,3,15,"0,2",6,0,0,1,0,0,0,0
55,1,0,1,20587,4154,39,2,3,6,4,1,9,1,25,1,1,2,5,"0,2",7,0,0,0,0,0,0,0
71,3,3,1,62637,4225,76,104,12,48,4,12,5,1,185,2,2,5,10,"0,2",2,0,0,0,0,0,0,0
59,3,3,2,29435,4797,11,70,3,37,4,2,64,4,180,3,2,2,11,"0,272727273",9,0,0,0,0,0,0,1
51,1,3,1,19346,4255,26,2,0,9,3,6,2,1,22,1,0,3,5,"0,2",8,0,0,0,0,0,0,0
54,1,2,2,35788,4262,34,23,2,11,3,1,4,2,44,2,0,3,7,"0,285714286",6,0,0,0,0,0,0,0
57,1,3,2,36997,4618,72,43,4,12,8,0,27,5,94,2,1,4,12,"0,166666667",5,0,0,0,0,0,0,0
68,1,2,0,23539,4226,13,4,24,11,16,1,25,1,81,2,0,4,7,"0,285714286",6,0,0,0,0,0,0,0
52,1,0,1,65333,4268,58,654,7,92,0,15,30,7,798,9,4,8,28,"0,321428571",6,0,0,0,1,1,0,0
68,1,0,0,78499,4323,12,912,72,170,47,36,97,1,1334,11,3,4,19,"0,578947368",4,0,0,0,0,1,0,1
54,4,1,1,29732,4201,23,25,0,8,0,1,4,1,38,2,0,2,5,"0,4",9,0,0,0,0,0,0,0
65,3,1,3,41275,4202,33,24,4,22,0,2,9,4,61,3,1,3,11,"0,272727273",5,0,0,0,0,0,0,0
52,4,1,2,63516,4463,30,141,11,114,15,14,5,4,300,4,1,7,16,"0,25",5,0,0,0,0,0,0,0
63,4,2,1,42769,4365,15,71,0,13,3,1,0,2,88,1,1,4,8,"0,125",4,0,0,0,0,0,0,0
67,3,2,2,49572,4301,25,35,1,16,0,1,1,2,54,2,0,3,7,"0,285714286",7,0,0,0,0,0,0,0
53,1,2,0,69209,4755,4,496,32,849,229,48,128,2,1782,5,3,6,16,"0,3125",4,1,0,0,0,0,0,0
49,1,2,1,17148,4257,80,9,9,11,13,10,16,4,68,3,1,3,11,"0,272727273",8,0,0,0,0,0,0,0
56,1,4,2,40590,4375,30,154,0,50,6,11,37,5,258,3,4,3,15,"0,2",6,0,0,1,0,0,0,0
49,3,1,1,30560,4472,6,9,1,5,4,5,7,1,31,1,0,3,5,"0,2",7,0,0,0,0,0,0,0
42,2,2,1,32146,4153,16,26,3,23,4,7,3,2,66,2,0,4,8,"0,25",6,0,0,0,0,0,0,0
61,2,3,2,41713,4166,57,77,8,44,10,10,25,5,174,3,1,4,13,"0,230769231",6,0,0,0,0,0,0,0
50,3,1,1,34176,4263,9,11,2,7,4,2,2,1,28,1,0,3,5,"0,2",3,0,0,0,0,0,0,0
70,4,2,1,58482,4214,59,576,7,115,19,7,7,2,731,7,4,9,22,"0,318181818",6,0,0,0,1,0,0,0
60,1,0,1,59686,4260,78,89,15,89,34,42,5,1,274,4,1,6,12,"0,333333333",4,0,0,0,0,0,0,0
61,4,2,1,60896,4731,90,1013,30,399,60,46,153,3,1701,9,10,4,26,"0,346153846",6,0,0,0,0,0,0,1
45,1,1,1,62994,4222,74,224,12,48,4,12,12,1,312,6,2,4,13,"0,461538462",6,0,0,0,0,0,0,0
68,1,1,1,47320,4437,10,200,19,111,50,15,19,6,414,5,1,8,20,"0,25",6,0,0,0,0,0,0,0
76,2,4,0,74859,4496,63,570,73,614,133,102,73,1,1565,6,5,11,23,"0,260869565",3,1,0,0,0,0,0,0
33,0,0,1,15253,4349,13,1,3,3,8,1,13,2,29,1,0,3,6,"0,166666667",7,0,0,0,0,0,0,0
51,4,0,1,31560,4475,98,62,1,20,4,0,7,2,94,2,1,3,8,"0,25",8,0,0,0,0,0,0,0
71,1,3,1,72071,4605,4,531,69,300,150,138,150,3,1338,5,4,8,20,"0,25",2,0,0,0,0,0,0,0
35,3,0,0,91172,4564,94,162,28,818,0,28,56,0,1092,4,3,7,14,"0,285714286",3,1,1,1,0,1,0,1
41,1,2,0,90000,4293,91,675,144,133,94,192,241,1,1479,4,8,5,18,"0,222222222",1,1,0,1,0,1,0,0
44,1,0,2,41967,4323,66,23,4,10,0,2,15,1,54,1,0,3,5,"0,2",4,0,0,0,0,0,0,0
60,1,0,1,69263,4221,14,492,5,32,13,5,21,1,568,9,1,7,18,"0,5",6,0,0,0,1,0,0,0
55,2,3,0,65706,4471,77,918,10,129,13,0,129,1,1199,11,3,12,27,"0,407407407",7,0,1,0,1,1,0,1
50,1,1,1,60934,4268,41,224,155,155,192,93,54,2,873,6,4,11,23,"0,260869565",4,0,0,0,0,0,0,0
74,1,2,1,71965,4440,21,572,19,286,50,38,248,3,1213,6,3,5,17,"0,352941176",3,0,0,0,0,0,0,0
70,1,2,1,65210,4216,25,626,0,70,0,7,28,2,731,9,3,8,22,"0,409090909",6,1,0,0,1,0,0,0
50,4,2,0,79174,4639,2,1074,37,518,193,92,129,1,2043,5,6,7,19,"0,263157895",2,1,0,0,0,1,0,1
58,3,3,0,81380,4659,51,741,68,689,224,68,103,1,1893,4,2,10,17,"0,235294118",2,0,0,0,0,0,0,0
52,4,5,1,48432,4724,3,322,3,50,4,3,42,5,424,7,1,6,19,"0,368421053",8,0,0,0,0,0,0,0
54,1,2,1,52914,4643,32,254,10,44,30,10,227,2,575,7,3,3,15,"0,466666667",7,0,0,1,0,0,0,0
70,1,1,1,38946,4353,84,116,6,82,6,6,41,2,257,3,1,6,12,"0,25",5,0,0,0,0,0,0,0
51,1,2,1,26067,4342,49,22,2,18,0,2,12,3,56,3,0,3,9,"0,333333333",8,0,0,0,0,0,0,0
53,4,2,1,44325,4584,69,516,0,21,0,0,5,4,542,8,2,7,21,"0,380952381",8,0,0,0,1,0,0,0
61,1,2,0,42523,4172,96,14,36,11,3,26,35,1,125,1,1,4,7,"0,142857143",2,0,0,0,0,0,0,0
47,0,0,1,26487,4510,23,2,8,10,12,14,23,3,69,2,1,3,9,"0,222222222",5,0,0,0,0,0,0,0
68,2,2,1,53233,4208,18,28,0,9,3,0,0,1,40,1,0,3,5,"0,2",4,0,0,0,0,0,0,0
65,1,2,1,67716,4640,8,530,142,217,62,9,56,4,1016,7,4,13,28,"0,25",5,0,0,0,1,0,0,0
53,3,2,1,76234,4248,21,519,50,167,130,0,41,1,907,8,3,11,23,"0,347826087",3,0,0,0,1,0,0,0
69,4,2,0,84117,4154,60,611,76,749,59,45,26,1,1566,7,10,6,24,"0,291666667",2,0,0,0,0,1,0,0
68,3,1,0,65487,4275,48,240,67,500,199,0,163,3,1169,3,5,6,17,"0,176470588",2,0,0,0,0,0,0,0
53,0,2,1,25224,4210,36,4,9,12,11,2,8,2,46,1,1,3,7,"0,142857143",3,0,0,0,0,0,0,0
42,3,0,0,89616,4594,36,671,47,655,145,111,15,1,1644,7,5,12,25,"0,28",2,0,0,0,0,0,0,1
54,1,3,2,40851,4598,63,23,1,7,0,4,24,1,59,1,1,2,5,"0,2",7,0,0,0,0,0,0,0
78,1,2,0,27469,4801,2,9,1,2,3,2,0,1,17,0,0,3,4,0,6,0,0,0,0,0,0,0
68,2,2,0,82347,4705,38,556,54,845,202,133,63,1,1853,7,7,10,25,"0,28",3,1,0,1,0,0,0,1
68,1,2,1,73803,4802,61,833,80,363,52,26,174,2,1528,9,5,6,22,"0,409090909",6,0,0,1,0,0,0,1
73,3,0,2,8820,4569,52,12,0,13,4,2,4,4,35,3,0,3,10,"0,3",8,0,0,0,0,0,0,0
51,1,0,0,43322,4174,25,56,7,48,10,2,18,1,141,3,0,4,8,"0,375",7,0,0,0,0,0,0,0
52,1,1,1,55593,4417,63,293,8,124,11,4,106,2,546,6,6,3,17,"0,352941176",6,0,0,1,0,0,0,0
71,1,2,2,50501,4481,10,297,0,38,13,0,152,7,500,5,4,4,20,"0,25",6,0,0,1,0,0,0,1
50,1,2,2,37085,4108,65,39,1,16,2,0,3,4,61,3,0,3,10,"0,3",8,0,0,0,0,0,0,0
35,0,0,1,16185,4433,71,5,11,16,21,8,45,2,106,2,2,2,8,"0,25",8,0,0,0,0,0,0,0
56,1,0,1,57731,4688,0,266,21,300,65,8,44,4,704,8,8,6,26,"0,307692308",6,0,0,0,0,0,0,0
52,4,5,1,48432,4724,3,322,3,50,4,3,42,5,424,7,1,6,19,"0,368421053",8,0,0,0,0,0,0,1
47,1,2,1,73807,4648,88,366,124,156,71,78,54,2,849,5,5,11,23,"0,217391304",2,0,0,0,0,0,0,0
35,1,2,0,18929,4603,15,32,0,8,23,4,18,1,85,1,0,4,6,"0,166666667",6,0,0,0,0,0,0,0
57,1,0,2,35893,4727,80,158,0,23,0,0,18,6,199,3,1,5,15,"0,2",8,0,0,0,0,0,0,0
45,1,2,1,61014,4792,17,269,129,495,182,43,29,4,1147,9,3,4,20,"0,45",7,0,0,0,0,0,0,0
71,1,1,2,32144,4203,76,41,0,10,0,0,3,4,54,2,1,3,10,"0,2",7,0,0,0,1,0,0,0
62,0,1,1,14918,4674,52,3,3,3,15,4,15,1,43,1,0,3,5,"0,2",6,0,0,0,0,0,0,0
62,1,3,2,45146,4454,28,33,0,5,0,0,15,2,53,1,1,2,6,"0,166666667",4,0,0,0,0,0,0,0
70,2,3,1,41769,4606,31,302,29,131,32,0,27,6,521,8,1,7,22,"0,363636364",8,0,0,0,0,0,0,0
44,1,1,0,88325,4249,42,519,71,860,93,27,53,1,1623,6,2,9,18,"0,333333333",2,0,0,0,0,0,0,0
75,3,3,2,38054,4164,24,23,2,17,2,1,0,2,45,2,0,3,7,"0,285714286",7,0,0,0,0,0,0,0
30,2,0,0,80617,4730,42,594,51,631,72,55,32,1,1435,4,6,8,19,"0,210526316",2,0,0,0,0,0,0,0
49,1,2,1,5305,4439,12,12,4,7,1,3,5,0,32,1,0,0,1,1,13,0,0,0,0,0,0,0
71,1,1,2,36807,4661,88,4,2,5,0,0,5,1,16,1,0,2,4,"0,25",6,0,0,0,0,0,0,0
42,1,1,1,28427,4570,67,18,3,19,3,3,6,2,52,2,0,3,7,"0,285714286",8,0,0,0,0,0,0,0
77,4,4,0,82032,4190,54,332,194,377,149,125,57,0,1234,4,6,7,17,"0,235294118",1,0,0,0,0,0,0,0
47,1,1,1,22775,4480,40,5,1,8,0,0,1,1,15,1,0,2,4,"0,25",8,0,0,0,0,0,0,0
40,3,1,1,40101,4728,73,171,3,129,26,24,62,4,415,6,1,6,17,"0,352941176",7,0,0,0,0,0,0,0
46,1,2,1,58025,4320,81,270,31,88,11,48,22,3,470,3,2,10,18,"0,166666667",4,0,0,0,0,0,0,0
43,3,0,0,75777,4465,12,712,26,538,69,13,80,1,1438,3,6,11,21,"0,142857143",1,0,0,0,1,1,0,1
46,2,1,1,7500,4523,7,2,8,11,3,8,21,4,53,3,2,2,11,"0,272727273",7,0,0,0,0,0,0,0
62,3,2,3,33562,4109,33,21,12,12,0,3,3,3,51,2,0,4,9,"0,222222222",4,0,0,0,0,0,0,0
55,4,0,1,57642,4276,24,580,6,58,8,0,27,3,679,7,6,6,22,"0,318181818",4,0,0,1,0,0,0,0
57,1,1,2,58554,4746,55,368,24,68,38,0,88,6,586,8,2,6,22,"0,363636364",7,0,0,0,0,0,0,0
46,1,2,2,63777,4567,87,457,5,106,15,17,53,8,653,11,1,6,26,"0,423076923",8,0,0,0,0,0,0,0
63,1,0,1,57967,4588,39,229,7,137,4,0,91,5,468,4,2,8,19,"0,210526316",5,0,0,0,0,0,0,0
53,1,2,2,24434,4147,9,3,2,8,20,0,17,2,50,2,1,2,7,"0,285714286",7,0,0,0,0,0,0,0
41,1,0,1,11012,4575,82,24,3,26,7,1,23,3,84,3,1,2,9,"0,333333333",9,0,0,1,0,0,0,0
55,3,0,0,44802,4782,71,853,10,143,13,10,20,2,1049,9,4,12,27,"0,333333333",8,0,0,0,0,0,0,0
39,1,0,0,26816,4786,50,5,1,6,3,4,3,1,22,0,0,3,4,0,4,0,0,0,0,0,0,0
48,1,1,1,666666,4497,23,9,14,18,8,1,12,4,62,3,1,3,11,"0,272727273",6,0,0,0,0,0,0,0
51,1,2,1,34421,4468,81,3,3,7,6,2,9,1,30,1,0,2,4,"0,25",7,0,0,0,0,0,0,0
58,1,2,1,61223,4486,46,709,43,182,42,118,247,2,1341,9,3,4,18,"0,5",5,0,0,0,0,0,0,0
79,4,1,3,64014,4124,56,406,0,30,0,0,8,7,444,8,2,5,22,"0,363636364",7,1,0,0,0,0,0,0
44,1,3,0,56981,4260,91,908,48,217,32,12,24,1,1241,2,3,13,19,"0,105263158",6,0,0,0,1,0,0,0
69,3,1,1,69245,4261,8,428,30,214,80,30,61,2,843,6,5,10,23,"0,260869565",3,0,0,0,0,0,0,0
71,4,2,2,52869,4727,40,84,3,61,2,1,21,3,172,3,1,4,11,"0,272727273",7,0,0,0,0,0,0,1
