Age,Education,Marital_Status,Children,Income,Days_Since_Enroll,Recency,MntWines,MntFruits,MntMeatProducts,MntFishProducts,MntSweetProducts,MntGoldProds,NumDealsPurchases,Total_Spent,NumWebPurchases,NumCatalogPurchases,NumStorePurchases,Total_Purchases,Online_Ratio,NumWebVisitsMonth,AcceptedCmp1,AcceptedCmp2,AcceptedCmp3,AcceptedCmp4,AcceptedCmp5,Complain,Response
58,1,0,0,58138,2578,58,635,88,546,172,88,88,3,1617,8,10,4,25,"0,32",7,0,0,0,0,0,0,1
56,1,0,2,46344,2028,38,11,1,6,2,1,6,2,27,1,1,2,6,"0,166666667",5,0,0,0,0,0,0,0
50,1,1,0,71613,2227,26,426,49,127,111,21,42,1,776,8,2,10,21,"0,380952381",4,0,0,0,0,0,0,0
41,1,1,1,26646,2054,26,11,4,20,10,3,5,2,53,2,0,4,8,"0,25",6,0,0,0,0,0,0,0
44,4,2,1,58293,2076,94,173,43,118,46,27,15,5,422,5,3,6,19,"0,263157895",5,0,0,0,0,0,0,0
48,3,1,1,62513,2208,16,520,42,98,0,42,14,2,716,6,4,10,22,"0,272727273",6,0,0,0,0,0,0,0
44,1,3,1,55635,2508,34,235,65,164,50,49,27,4,590,7,3,7,21,"0,333333333",6,0,0,0,0,0,0,0
40,4,2,1,33454,2332,32,76,10,56,3,1,23,2,169,4,0,4,10,"0,4",8,0,0,0,0,0,0,0
41,4,1,1,30351,2303,19,14,0,24,3,3,2,1,46,3,0,2,6,"0,5",9,0,0,0,0,0,0,1
60,4,1,2,5648,2023,68,28,0,6,1,1,13,1,49,1,0,0,2,"0,5",20,0,0,1,0,0,0,0
49,0,2,0,7500,2508,59,6,16,11,11,1,16,1,61,2,0,3,6,"0,333333333",8,0,0,0,0,0,0,0
56,1,3,0,63033,2141,82,194,61,480,225,112,30,1,1102,3,4,8,16,"0,1875",2,0,0,0,0,0,0,0
58,3,3,2,59354,2141,53,233,2,53,3,5,14,3,310,6,1,5,15,"0,4",6,0,0,0,0,0,0,0
38,1,2,0,17323,2542,38,3,14,17,6,1,5,1,46,1,0,3,5,"0,2",8,0,0,0,0,0,0,0
64,4,0,0,82800,2497,23,1006,22,115,59,68,45,1,1315,7,6,12,26,"0,269230769",3,1,0,0,0,1,0,1
45,1,2,2,41850,2467,51,53,5,19,2,13,4,3,96,3,0,3,9,"0,333333333",8,0,0,0,0,0,0,0
64,1,1,0,37760,2582,20,84,5,38,150,12,28,2,317,4,1,6,13,"0,307692308",7,0,0,0,0,0,0,0
61,3,2,1,76995,2373,91,1012,80,498,0,16,176,2,1782,11,4,9,26,"0,423076923",5,1,0,0,0,0,0,0
40,2,0,1,33812,2518,86,4,17,19,30,24,39,2,133,2,1,3,8,"0,25",6,0,0,0,0,0,0,0
43,1,2,0,37040,2605,41,86,2,73,69,38,48,1,316,4,2,5,12,"0,333333333",8,0,0,0,0,0,0,0
46,1,2,1,2447,2454,42,1,1,1725,1,1,1,15,1730,0,28,0,43,0,1,0,0,0,0,0,0,0
61,4,2,1,58607,2468,63,867,0,86,0,0,19,3,972,2,3,9,17,"0,117647059",8,0,0,0,1,0,0,0
56,4,2,1,65324,2084,0,384,0,102,21,32,5,3,544,6,2,9,20,"0,3",4,0,0,0,0,0,0,0
59,1,1,1,40689,2383,69,270,3,27,39,6,99,7,444,7,1,5,20,"0,35",8,0,0,0,0,0,0,0
46,1,0,0,18589,2458,89,6,4,25,15,12,13,2,75,2,1,3,8,"0,25",7,0,0,0,0,0,0,0
49,1,2,2,53359,2313,4,173,4,30,3,6,41,4,257,5,1,4,14,"0,357142857",7,0,0,0,0,0,0,0
36,1,2,1,38360,2309,26,36,2,42,20,21,10,2,131,2,1,4,9,"0,222222222",3,0,0,0,0,0,0,0
50,4,2,0,84618,2134,96,684,100,801,21,66,0,1,1672,6,9,10,26,"0,230769231",2,0,0,0,0,1,0,0
36,3,3,0,10979,1953,34,8,4,10,2,2,4,2,30,3,0,3,8,"0,375",5,0,0,0,0,0,0,0
52,3,1,0,38620,2329,56,112,17,44,34,22,89,1,318,2,5,3,11,"0,181818182",3,0,0,0,0,0,0,0
45,1,1,1,40548,2542,31,110,0,5,2,0,3,2,120,2,1,4,9,"0,222222222",5,0,0,0,1,0,0,0
58,4,3,2,46610,2523,8,96,12,96,33,22,43,6,302,4,1,6,17,"0,235294118",6,0,0,0,0,0,0,1
64,3,2,0,68657,2409,4,482,34,471,119,68,22,1,1196,3,5,9,18,"0,166666667",7,0,0,0,0,0,0,0
59,3,0,2,49389,2219,55,40,0,19,2,1,3,1,65,2,0,3,6,"0,333333333",7,0,0,0,0,0,0,0
45,4,2,1,67353,2095,37,702,17,151,0,8,35,5,913,5,6,12,28,"0,178571429",2,0,0,0,0,0,0,0
49,2,2,1,23718,2215,76,6,3,14,15,7,36,3,81,3,1,2,9,"0,333333333",7,0,0,0,0,0,0,0
42,1,4,1,42429,2053,99,55,0,6,2,0,4,2,67,1,1,3,7,"0,142857143",5,0,0,0,0,0,0,0
67,4,3,0,48948,2428,53,437,8,206,160,49,42,2,902,7,10,5,24,"0,291666667",6,0,0,1,0,0,0,1
45,1,2,1,80011,2341,3,421,76,536,82,178,102,2,1395,8,6,5,21,"0,380952381",4,0,0,0,0,0,0,0
40,3,2,1,20559,2389,88,13,1,29,3,0,7,2,53,2,0,3,7,"0,285714286",8,0,0,0,0,0,0,0
58,1,1,1,21994,2467,4,9,0,6,3,1,3,1,22,0,0,3,4,0,5,0,0,0,0,0,0,0
40,3,2,1,7500,2185,19,3,1,10,3,2,12,3,31,2,0,3,8,"0,25",5,0,0,0,0,0,0,0
49,1,0,0,79941,1916,72,123,164,266,227,30,174,1,984,2,4,9,16,"0,125",1,0,0,0,0,0,0,0
29,2,2,0,7500,2512,24,3,18,14,15,22,50,3,122,3,1,3,10,"0,3",9,0,0,0,0,0,0,1
47,1,1,1,41728,2316,92,13,6,15,3,5,13,1,55,2,0,2,5,"0,4",10,0,0,0,0,0,0,0
56,4,2,2,72550,2513,39,826,50,317,50,38,38,9,1319,5,2,12,28,"0,178571429",8,0,0,0,0,0,0,0
58,1,4,1,65486,1963,29,245,19,125,37,67,14,1,507,4,2,10,17,"0,235294118",2,0,0,0,0,0,0,0
51,3,2,0,79143,2602,2,650,37,780,27,167,32,1,1693,6,9,13,29,"0,206896552",3,0,0,0,0,0,0,0
48,1,0,1,35790,2458,54,12,6,20,30,1,3,2,72,2,0,3,7,"0,285714286",7,0,0,0,0,0,0,0
48,1,3,0,82582,1937,54,510,120,550,156,40,241,1,1617,4,9,7,21,"0,19047619",1,1,0,1,0,0,0,1
47,1,2,2,66373,2297,57,328,9,124,12,24,109,7,606,4,2,10,23,"0,173913043",3,0,0,0,0,0,0,0
55,3,1,0,82384,2502,55,984,51,432,180,120,190,1,1957,3,10,13,27,"0,111111111",1,0,0,0,0,1,0,1
49,1,3,0,70287,2368,30,295,35,482,121,120,40,1,1093,5,5,10,21,"0,238095238",3,0,0,0,0,0,0,1
37,1,0,1,27938,1977,31,13,0,8,2,1,5,1,29,1,0,4,6,"0,166666667",3,0,0,0,0,0,0,0
47,4,2,1,55954,2033,63,447,0,28,0,0,43,3,518,8,2,6,19,"0,421052632",7,0,0,0,0,0,0,0
43,3,0,0,75777,2275,12,712,26,538,69,13,80,1,1438,3,6,11,21,"0,142857143",1,0,0,0,1,1,0,1
40,1,1,2,66653,2575,18,452,18,102,16,18,6,4,612,4,2,12,22,"0,181818182",3,0,0,0,0,0,0,0
58,1,0,1,61823,2411,26,523,7,134,37,14,169,4,884,8,2,10,24,"0,333333333",7,0,0,0,0,0,0,0
59,4,4,1,67680,2298,8,546,0,48,0,6,6,1,606,7,3,8,19,"0,368421053",5,0,0,0,0,0,0,0
62,1,1,0,70666,2120,29,398,40,367,119,122,30,1,1076,7,4,4,16,"0,4375",4,0,0,0,0,0,0,0
44,1,2,1,25721,2319,75,1,3,6,3,6,15,1,34,1,1,2,5,"0,2",7,0,0,0,0,0,0,1
48,1,1,2,32474,1964,0,10,0,1,0,0,0,1,11,1,0,2,4,"0,25",7,0,0,0,0,0,0,0
46,2,0,1,88194,2017,19,688,14,309,201,24,38,1,1274,11,10,10,32,"0,34375",5,1,0,1,0,0,0,1
57,1,1,1,69096,2190,4,247,49,159,7,82,109,1,653,5,2,10,18,"0,277777778",4,0,0,0,0,0,0,0
45,1,1,3,74854,2362,90,856,59,487,58,29,73,7,1562,2,5,5,19,"0,105263158",5,0,0,0,0,0,0,0
56,3,2,0,66991,2571,1,496,36,460,189,60,12,3,1253,4,8,6,21,"0,19047619",3,0,0,0,0,0,0,0
56,1,2,1,65031,2384,29,258,107,291,84,37,86,4,863,10,3,13,30,"0,333333333",7,0,0,0,0,0,0,0
40,4,2,2,60631,2365,88,565,6,65,0,6,19,5,661,9,2,8,24,"0,375",7,0,0,0,1,0,0,0
58,1,2,0,28332,1975,58,14,10,13,4,15,9,1,65,2,1,4,8,"0,25",2,0,0,0,0,0,0,0
48,1,3,1,40246,2472,68,2,1,6,2,1,1,1,13,1,0,2,4,"0,25",6,0,0,0,0,0,0,0
43,3,2,0,75251,2586,34,721,111,925,97,18,18,1,1890,7,6,5,19,"0,368421053",5,0,0,0,0,0,0,1
49,1,0,0,75825,2540,40,1032,105,779,137,105,51,0,2209,5,8,9,22,"0,227272727",4,0,0,1,0,0,0,1
49,2,1,0,26326,2213,12,1,0,5,0,3,9,1,18,0,0,3,4,0,3,0,0,0,0,0,1,0
50,1,1,0,56046,2458,9,577,0,64,0,0,51,2,692,10,1,8,21,"0,476190476",8,0,0,1,0,0,0,1
40,1,0,1,29760,2584,87,64,4,68,7,5,17,4,165,3,1,4,12,"0,25",8,0,0,0,0,0,0,0
46,1,2,1,26304,2286,5,4,1,5,2,0,4,1,16,1,0,2,4,"0,25",7,0,0,0,0,0,0,0
42,2,2,1,23559,2276,87,25,5,19,7,0,23,3,79,3,0,3,9,"0,333333333",7,0,0,0,0,0,0,0
52,3,1,0,38620,2329,56,112,17,44,34,22,89,1,318,2,5,3,11,"0,181818182",3,0,0,0,0,0,0,0
38,1,3,0,81361,2039,18,163,23,424,27,65,76,1,778,3,10,13,27,"0,111111111",1,0,0,0,0,0,0,0
55,1,2,2,29440,2237,95,17,8,14,10,4,3,2,56,1,0,4,7,"0,142857143",7,0,0,0,0,0,0,0
45,3,2,2,36138,2263,48,130,0,16,0,0,5,5,151,3,1,4,13,"0,230769231",7,0,0,0,1,0,0,0
58,1,0,1,50388,1947,3,292,6,37,0,3,34,4,372,6,1,6,17,"0,352941176",7,1,0,0,1,0,0,1
42,1,2,0,79593,1963,70,350,60,568,110,133,145,1,1366,5,6,7,19,"0,263157895",2,0,0,0,0,1,0,0
48,1,1,1,54178,2074,79,135,9,39,4,0,7,1,194,2,2,5,10,"0,2",2,0,0,0,0,0,0,0
43,3,0,1,42394,2013,69,15,2,10,0,1,4,1,32,1,0,3,5,"0,2",7,0,0,0,0,0,0,0
45,4,2,1,23626,1951,84,27,2,14,0,0,0,3,43,3,1,3,10,"0,3",5,0,0,0,0,0,0,0
42,1,2,1,30096,1953,30,5,3,11,12,5,9,1,45,2,0,3,6,"0,333333333",6,0,0,0,0,0,0,0
55,1,4,1,47916,2499,72,505,0,26,0,0,75,5,606,7,4,6,22,"0,318181818",6,0,0,0,1,0,0,0
43,1,3,2,51813,2359,37,51,2,7,0,1,2,2,63,2,0,3,7,"0,285714286",7,0,0,0,0,0,0,0
59,2,2,0,78497,2125,44,207,26,447,75,0,223,1,978,5,7,12,25,"0,2",2,1,0,0,0,0,0,0
42,4,2,0,50150,2289,32,135,46,92,65,61,11,2,410,5,2,7,16,"0,3125",5,0,0,0,0,0,0,0
55,2,0,1,47823,2256,0,53,1,5,2,1,10,2,72,2,0,3,7,"0,285714286",8,0,0,0,0,0,0,0
56,4,0,1,34554,2006,43,41,1,6,2,0,5,2,55,2,0,3,7,"0,285714286",6,0,0,0,0,0,0,0
46,1,1,1,85693,2350,59,386,172,183,185,132,111,2,1169,9,5,11,27,"0,333333333",5,0,0,0,0,0,0,0
65,4,2,0,65846,2323,68,562,81,276,80,40,81,1,1120,6,3,6,16,"0,375",4,0,0,0,0,0,0,0
56,1,2,0,87195,1967,35,217,76,690,50,26,38,1,1097,3,11,5,20,"0,15",1,0,0,0,0,0,0,1
46,0,1,1,24594,2116,94,1,3,6,10,0,9,1,29,1,0,3,5,"0,2",5,0,0,0,0,0,0,0
51,1,2,2,49096,2193,15,144,1,32,2,1,7,4,187,4,1,4,13,"0,307692308",7,0,0,0,0,0,0,0
46,1,2,2,52413,2427,56,295,106,271,75,98,65,4,910,6,4,12,26,"0,230769231",6,0,0,0,0,0,0,0
47,1,0,1,38557,2472,17,76,3,31,4,4,27,2,145,3,1,3,9,"0,333333333",7,0,0,0,0,0,0,0
55,3,2,0,89058,2484,18,454,194,106,31,22,43,1,850,5,4,4,14,"0,357142857",2,0,0,0,0,0,0,0
46,1,1,1,77298,2154,46,425,115,292,23,35,79,1,969,6,6,11,24,"0,25",3,0,0,0,0,0,0,0
34,4,0,0,68126,2511,40,1332,17,311,23,51,86,1,1820,7,4,5,17,"0,411764706",9,0,0,0,1,0,0,1
52,3,1,1,57288,1919,27,527,0,21,0,0,60,3,608,8,1,8,20,"0,4",6,0,0,0,1,0,0,0
34,1,0,0,86037,2458,95,490,44,125,29,20,22,1,730,6,7,11,25,"0,24",3,0,0,0,1,1,0,1
45,4,2,1,43974,2479,19,378,0,101,0,0,72,5,551,6,4,6,21,"0,285714286",7,0,0,0,0,0,0,0
53,1,0,2,50785,2207,27,64,1,21,0,1,27,2,114,2,1,3,8,"0,25",6,0,0,0,0,0,0,0
45,1,2,0,90765,2071,25,547,99,812,151,82,33,0,1724,4,6,5,15,"0,266666667",1,1,0,0,0,1,0,0
47,2,2,1,36550,2410,74,47,90,94,123,103,120,5,577,9,1,5,20,"0,45",9,0,0,0,0,0,0,0
48,2,1,2,30753,2268,85,12,5,25,0,9,30,2,81,1,1,3,7,"0,142857143",5,0,0,0,0,0,0,0
46,1,1,1,21918,2142,37,1,6,7,11,5,3,2,33,2,0,3,7,"0,285714286",6,0,0,0,0,0,0,0
57,3,1,1,56129,2289,65,320,48,133,39,72,48,4,660,6,2,10,22,"0,272727273",4,0,0,0,0,0,0,0
48,3,0,1,32557,2040,13,34,3,29,0,4,10,3,80,2,1,3,9,"0,222222222",5,0,0,0,0,0,0,1
40,3,2,2,19510,2213,63,9,0,7,3,4,7,2,30,1,0,3,6,"0,166666667",7,0,0,0,0,0,0,0
49,1,3,1,30992,2348,83,17,0,14,7,3,2,1,43,1,0,3,5,"0,2",7,0,0,0,0,0,0,0
42,1,0,0,101970,2389,69,722,27,102,44,72,168,0,1135,6,8,13,27,"0,222222222",2,1,0,0,1,1,0,1
50,2,1,0,71488,2411,87,162,33,124,40,28,172,2,559,3,4,7,16,"0,1875",1,0,0,0,0,0,0,0
41,1,0,0,79607,2349,37,450,133,951,173,0,216,1,1923,3,6,6,16,"0,1875",1,0,0,0,0,0,0,1
57,3,2,2,54348,1936,51,70,0,16,0,0,4,2,90,2,0,4,8,"0,25",6,0,0,0,0,0,0,0
59,4,1,2,77376,1965,72,492,19,110,16,12,12,4,661,6,3,10,23,"0,260869565",4,0,0,0,0,0,0,0
58,1,2,1,62998,2187,10,120,58,73,65,89,58,5,463,5,4,5,19,"0,263157895",5,0,0,0,0,0,0,0
57,3,5,2,61331,2391,42,534,5,47,0,5,41,5,632,11,1,6,23,"0,47826087",8,0,0,0,0,0,0,0
46,1,2,0,73448,2054,10,236,106,189,23,41,130,1,725,7,2,9,19,"0,368421053",4,0,0,0,0,0,0,0
51,4,2,2,41551,2234,51,220,0,33,3,0,23,5,279,5,1,5,16,"0,3125",8,0,0,0,0,0,0,0
48,4,1,0,62981,2384,21,796,14,590,38,44,0,1,1482,4,5,13,23,"0,173913043",3,0,0,0,1,0,0,0
49,0,3,1,9548,2605,31,0,1,3,10,6,9,2,29,1,0,3,6,"0,166666667",8,0,0,0,0,0,0,0
56,4,2,3,33762,2272,61,53,1,34,2,0,16,3,106,2,2,2,9,"0,222222222",8,0,0,0,0,0,0,0
42,4,5,2,35860,1956,37,15,0,8,4,2,20,2,49,1,1,2,6,"0,166666667",5,0,0,1,0,0,0,1
50,4,3,2,36921,2251,74,17,1,12,3,1,4,2,38,2,0,3,7,"0,285714286",7,0,0,0,0,0,0,0
33,3,0,0,92859,2533,46,962,61,921,52,61,20,1,2077,5,4,12,22,"0,227272727",2,0,0,0,0,0,0,0
49,3,1,1,65104,2142,4,738,0,232,13,20,50,2,1053,3,5,7,17,"0,176470588",7,0,0,0,0,0,0,1
53,1,2,0,86111,2351,73,399,28,756,36,40,126,1,1385,5,7,10,23,"0,217391304",2,0,0,0,0,0,0,0
41,4,0,1,68352,2220,47,614,16,132,43,33,33,3,871,8,5,9,25,"0,32",6,0,0,0,0,0,0,0
37,1,1,1,41883,2382,13,32,34,41,73,16,116,3,312,4,2,3,12,"0,333333333",7,0,0,0,0,0,0,0
49,1,2,2,59809,2534,36,598,16,141,32,41,49,3,877,3,3,6,15,"0,2",8,0,0,0,0,0,0,0
40,1,2,1,23957,2524,47,2,1,18,20,11,16,1,68,2,0,3,6,"0,333333333",6,0,0,0,0,0,0,1
44,1,1,1,38547,2220,49,6,1,10,0,1,4,1,22,1,0,2,4,"0,25",8,0,0,0,0,0,1,0
42,2,2,3,35688,2591,94,73,3,90,12,1,32,7,211,4,1,4,16,"0,25",8,0,0,0,0,0,0,0
49,3,2,0,49605,1923,65,42,16,29,12,20,8,1,127,2,1,4,8,"0,25",3,0,0,0,0,0,0,0
57,3,2,2,59354,1981,59,295,21,78,39,13,13,1,459,4,4,7,16,"0,25",3,0,0,0,0,0,0,0
46,1,2,1,65747,2029,96,346,17,48,23,13,13,4,460,8,1,6,19,"0,421052632",6,0,0,0,1,0,0,0
43,2,1,1,46344,2477,28,233,20,57,8,20,91,4,429,7,1,5,17,"0,411764706",7,0,0,0,0,0,0,0
37,1,5,1,34176,1963,12,5,7,24,19,14,20,4,89,3,0,4,11,"0,272727273",6,0,0,0,0,0,0,0
58,4,1,1,61010,2543,57,888,0,57,0,0,76,2,1021,8,5,11,26,"0,307692308",5,0,0,0,0,0,0,0
61,1,1,0,69372,2410,10,997,26,269,34,13,42,1,1381,10,4,6,21,"0,476190476",4,0,0,0,1,1,0,1
57,1,0,1,49967,2271,4,212,6,69,4,12,3,3,306,6,1,5,15,"0,4",7,0,0,0,0,0,0,0
47,1,0,3,60199,2205,49,8,1,7,2,0,0,1,18,0,0,3,4,0,4,0,0,0,0,0,0,0
48,1,1,1,55375,2170,3,42,11,57,10,28,14,1,162,1,1,6,9,"0,111111111",2,0,0,0,0,0,0,0
55,1,0,0,80317,2228,64,536,11,387,149,91,57,1,1231,3,4,10,18,"0,166666667",1,0,0,0,0,0,0,0
57,3,0,3,30523,2278,0,5,0,3,0,0,5,1,13,1,0,2,4,"0,25",7,0,0,0,0,0,0,0
65,4,2,0,70356,2516,20,1349,16,249,43,16,33,2,1706,10,6,9,27,"0,37037037",6,0,0,0,0,0,0,0
41,1,2,1,23228,2090,91,53,3,49,7,4,5,4,121,3,0,4,11,"0,272727273",8,0,0,0,0,0,0,0
40,4,3,0,74165,2339,9,1001,12,240,16,12,12,1,1293,5,4,10,20,"0,25",2,0,0,0,0,0,0,0
42,4,2,1,157243,2035,98,20,2,1582,1,2,1,15,1608,0,22,0,37,0,0,0,0,0,0,0,0,0
49,1,1,3,43482,2143,83,18,1,32,6,3,28,3,88,2,0,4,9,"0,222222222",6,0,0,0,0,0,0,0
57,1,3,0,62551,2138,27,125,16,98,134,21,27,1,421,6,7,4,18,"0,333333333",3,0,0,1,0,0,0,0
56,1,3,0,52332,2220,63,212,5,33,7,0,2,1,259,3,2,6,12,"0,25",4,0,0,0,1,0,0,0
37,1,0,0,66951,2154,46,277,162,305,173,76,124,1,1117,3,4,7,15,"0,2",1,0,0,0,0,0,0,0
58,1,1,2,26091,2039,84,15,10,19,8,17,20,3,89,2,1,3,9,"0,222222222",5,0,0,0,0,0,0,0
50,1,1,2,33456,1984,58,7,3,10,8,1,7,2,36,1,0,3,6,"0,166666667",7,0,0,0,0,0,0,0
43,1,2,1,28718,2266,78,12,4,6,11,8,16,2,57,2,0,3,7,"0,285714286",8,0,0,0,0,0,0,0
45,1,2,2,50447,1984,4,85,7,24,2,3,27,1,148,3,1,3,8,"0,375",6,0,0,0,0,0,0,0
56,4,1,2,53537,2065,17,81,0,6,0,0,6,2,93,2,1,3,8,"0,25",5,0,0,0,0,0,0,0
48,1,0,1,52074,2001,77,59,0,12,0,0,48,1,119,2,2,2,7,"0,285714286",4,0,0,1,0,0,0,0
40,4,2,1,80427,2570,56,1149,71,449,69,71,26,1,1835,11,8,8,28,"0,392857143",5,0,0,0,0,0,0,0
62,4,2,0,83837,2475,79,847,66,119,86,89,111,1,1318,9,10,5,25,"0,36",4,1,0,0,1,0,0,1
45,4,2,2,38853,1952,90,29,0,14,0,0,2,2,45,2,0,3,7,"0,285714286",7,0,0,0,0,0,0,0
56,1,1,3,38285,1920,96,2,0,5,2,0,1,1,10,0,0,3,4,0,2,0,0,0,0,0,0,0
59,2,2,0,78497,2125,44,207,26,447,75,0,223,1,978,5,7,12,25,"0,2",2,1,0,0,0,0,0,0
49,4,2,1,51650,1964,81,152,3,22,2,5,7,1,191,4,1,4,10,"0,4",5,0,0,0,0,0,0,0
37,2,2,1,16248,1965,77,12,11,10,3,12,9,3,57,2,1,3,9,"0,222222222",6,0,0,0,0,0,0,0
64,3,2,0,66835,2189,21,620,26,195,34,17,141,1,1033,6,4,13,24,"0,25",2,0,0,0,0,0,0,0
41,3,2,1,30477,2073,16,47,1,6,0,0,12,1,66,1,1,3,6,"0,166666667",6,0,0,0,0,0,0,0
54,0,2,0,28249,1929,80,1,9,7,2,14,10,1,43,2,0,3,6,"0,333333333",6,0,0,0,0,0,0,0
42,1,2,1,25271,2486,45,10,1,18,10,4,7,1,50,1,1,2,5,"0,2",9,0,0,0,0,0,0,0
45,4,0,1,32303,2028,63,35,0,2,0,0,2,2,39,1,0,4,7,"0,142857143",5,0,0,0,0,0,0,0
49,1,2,1,61286,2246,34,356,0,107,19,9,117,2,608,7,1,8,18,"0,388888889",5,0,0,0,0,0,0,0
49,1,2,0,74068,2382,14,783,30,537,140,76,15,1,1581,4,10,9,24,"0,166666667",2,0,0,0,0,0,0,0
51,4,2,2,45759,2406,13,42,1,18,3,0,4,2,68,2,0,3,7,"0,285714286",7,0,0,0,0,0,0,0
47,0,1,1,24882,2573,52,1,4,10,29,0,36,1,80,1,1,2,5,"0,2",6,0,0,1,0,0,0,0
36,4,1,0,66973,2323,98,466,22,432,147,113,102,1,1282,8,7,12,28,"0,285714286",3,0,0,0,0,0,0,0
95,2,3,1,36640,2191,99,15,6,8,7,4,25,1,65,2,1,2,6,"0,333333333",5,0,0,0,0,0,1,0
37,1,2,1,38872,2310,93,23,3,21,3,19,22,2,91,3,0,3,8,"0,375",8,0,0,0,0,0,0,0
42,1,2,2,51148,2411,38,235,6,45,8,9,12,4,315,5,1,6,16,"0,3125",6,0,0,0,0,0,0,0
48,1,2,2,31353,2097,24,10,0,10,3,1,7,2,31,1,1,2,6,"0,166666667",8,0,0,0,0,0,0,0
45,3,2,0,69661,1962,80,656,16,106,32,16,8,1,834,7,3,12,23,"0,304347826",3,0,0,0,0,0,0,0
56,1,2,0,80067,2198,82,519,17,813,27,173,51,1,1600,4,6,6,17,"0,235294118",2,0,0,0,0,1,0,0
56,1,2,0,86718,2443,20,344,189,482,50,33,172,1,1270,5,6,5,17,"0,294117647",2,0,0,0,0,0,0,0
42,4,0,2,46854,2005,81,96,1,79,7,1,79,6,263,5,1,3,15,"0,333333333",8,0,0,1,0,0,0,1
58,1,3,1,69142,1915,50,448,4,34,6,4,39,3,535,8,1,7,19,"0,421052632",5,0,0,0,1,0,0,0
47,1,0,0,75922,2117,60,265,138,553,224,23,92,1,1295,4,4,9,18,"0,222222222",1,0,0,0,0,0,0,0
47,1,3,1,63693,2173,63,587,43,337,42,87,54,3,1150,11,6,9,29,"0,379310345",6,0,0,0,0,0,0,0
48,4,1,0,102160,2519,54,763,29,138,76,176,58,0,1240,7,9,10,26,"0,269230769",4,1,0,0,1,1,0,1
50,4,0,2,40637,2262,72,22,0,13,0,0,3,2,38,1,0,3,6,"0,166666667",7,0,0,0,0,0,0,0
41,3,0,0,18890,2511,5,6,4,1,7,2,15,1,35,0,1,2,4,0,6,0,0,1,0,0,0,1
37,1,1,1,29604,2118,88,7,6,13,7,6,14,1,53,1,0,3,5,"0,2",9,0,0,1,0,0,0,0
52,3,3,2,48721,2327,50,81,18,113,47,13,21,6,293,4,2,5,17,"0,235294118",6,0,0,0,0,0,0,0
49,1,2,1,44794,1936,99,54,0,7,0,0,4,1,65,2,0,3,6,"0,333333333",6,0,0,0,0,0,0,0
56,1,3,1,64497,2572,17,1170,48,320,42,32,192,5,1804,11,4,9,29,"0,379310345",8,0,0,1,0,0,0,1
59,1,1,1,46097,2370,11,72,24,68,65,4,8,5,241,3,1,6,15,"0,2",4,0,0,0,0,0,0,0
56,1,1,0,77972,2018,18,613,22,319,33,102,12,1,1101,4,6,9,20,"0,2",1,0,0,0,0,0,0,0
47,4,2,2,44377,2547,70,224,0,30,0,0,10,8,264,5,1,5,19,"0,263157895",8,0,0,0,0,0,0,0
41,3,1,2,46014,2439,21,410,0,59,19,9,44,10,541,7,1,8,26,"0,269230769",7,0,0,0,0,0,0,0
40,1,2,0,70951,2336,66,239,10,554,254,87,54,1,1198,3,4,9,17,"0,176470588",1,0,0,0,0,0,0,0
48,1,2,1,41443,2004,79,171,7,171,25,19,89,6,482,8,1,5,20,"0,4",8,0,0,0,0,0,0,0
47,2,0,3,52195,1963,2,12,0,4,0,0,1,1,17,1,0,2,4,"0,25",8,0,0,0,0,0,0,0
62,3,2,0,83790,2141,81,1076,16,417,42,48,16,1,1615,8,10,6,25,"0,32",3,0,0,0,1,1,0,0
56,3,4,1,44551,2217,24,182,4,33,0,0,66,2,285,4,1,5,12,"0,333333333",7,0,0,0,0,0,0,0
45,1,1,1,69508,2507,48,824,32,162,42,32,43,2,1135,11,4,11,28,"0,392857143",6,0,0,0,0,0,0,0
37,2,1,1,45204,1994,93,30,11,25,29,1,18,1,114,1,1,4,7,"0,142857143",3,0,0,0,0,0,0,0
46,1,2,0,72460,2142,56,377,10,540,80,30,10,1,1047,3,5,7,16,"0,1875",1,0,0,0,0,0,0,0
45,4,1,2,77622,1991,3,520,7,154,19,0,14,2,714,6,3,11,22,"0,272727273",3,0,0,0,0,0,0,0
45,4,2,1,30732,2455,44,155,1,25,0,1,3,4,185,4,1,4,13,"0,307692308",8,0,0,0,0,0,0,0
53,1,3,1,63887,2574,38,897,23,207,15,11,92,5,1245,9,6,12,32,"0,28125",6,0,0,0,0,0,0,0
47,1,1,1,42011,2375,46,131,0,16,2,1,39,4,189,3,1,4,12,"0,25",8,0,0,0,0,0,0,0
49,1,1,1,51369,2527,84,297,7,79,0,11,182,2,576,8,2,4,16,"0,5",8,0,0,0,0,0,0,0
58,1,3,1,51537,2482,27,787,20,204,0,0,92,3,1103,2,2,11,18,"0,111111111",8,0,0,0,0,0,0,0
43,4,2,0,79930,2605,72,792,86,740,67,51,17,1,1753,3,5,8,17,"0,176470588",2,0,0,0,0,0,0,0
39,4,1,1,34320,2048,66,4,1,9,3,0,0,1,17,1,0,2,4,"0,25",8,0,0,0,0,0,0,0
49,1,0,2,37070,2381,30,231,7,137,4,15,39,9,433,5,1,8,23,"0,217391304",7,0,0,0,0,0,0,1
53,2,3,1,81975,2455,2,983,76,184,180,138,27,1,1588,6,3,4,14,"0,428571429",7,0,0,0,0,1,0,0
44,1,1,1,38590,2325,65,3,1,8,4,3,3,1,22,1,0,2,4,"0,25",8,0,0,0,0,0,0,0
59,1,0,0,15033,1989,37,0,4,5,6,0,4,1,19,1,0,3,5,"0,2",3,0,0,0,0,0,0,0
50,4,2,1,62745,2378,89,562,21,464,28,10,32,3,1117,7,8,11,29,"0,24137931",5,0,0,0,0,0,0,0
40,2,2,1,22212,2117,49,5,9,20,6,8,21,2,69,2,0,4,8,"0,25",6,0,0,0,0,0,0,0
43,3,1,1,23661,2122,46,18,0,4,0,0,1,1,23,1,0,3,5,"0,2",7,0,0,0,0,0,0,0
57,4,0,1,79761,2183,32,415,5,124,15,35,11,1,605,5,2,11,19,"0,263157895",3,0,0,0,0,0,0,0
42,1,0,1,7500,2100,54,5,3,10,12,7,20,4,57,3,1,3,11,"0,272727273",7,0,0,0,0,0,0,0
102,2,0,1,60182,1958,23,8,0,5,7,0,2,1,22,1,0,2,4,"0,25",4,0,0,0,0,0,0,0
47,1,4,0,73455,2159,98,901,61,757,186,163,20,1,2088,6,5,10,22,"0,272727273",3,0,0,0,1,0,0,0
57,1,1,1,64961,2468,97,382,114,276,75,124,38,2,1009,6,4,4,16,"0,375",3,0,0,0,0,0,0,0
44,1,0,1,22804,2248,75,14,1,7,2,1,1,1,26,2,0,2,5,"0,4",9,0,0,0,0,0,0,0
35,1,2,0,73687,2128,8,559,153,503,218,13,181,1,1627,3,9,9,22,"0,136363636",2,1,0,0,0,0,0,1
57,1,2,1,61074,2596,37,789,0,133,0,28,152,7,1102,11,5,8,31,"0,35483871",7,0,0,0,0,0,0,0
51,4,2,2,31686,1939,31,11,0,5,0,0,1,2,17,1,0,3,6,"0,166666667",6,0,0,0,0,0,0,0
43,1,2,1,80134,2320,40,1218,16,272,104,0,80,2,1690,5,3,6,16,"0,3125",6,1,0,0,1,1,0,1
57,1,2,1,75027,2451,74,925,64,179,133,12,77,2,1390,9,4,6,21,"0,428571429",5,0,0,0,0,0,0,0
37,4,2,0,67546,2582,90,864,134,768,150,38,172,1,2126,4,10,5,20,"0,2",3,0,0,0,0,0,0,0
46,3,1,1,65176,2523,57,960,28,183,220,70,70,4,1531,9,6,6,25,"0,36",6,0,0,0,0,0,0,0
40,3,0,1,31160,2201,59,16,3,25,6,1,13,2,64,2,0,3,7,"0,285714286",8,0,0,0,0,0,0,0
40,1,0,1,29938,2160,52,3,3,7,0,2,11,2,26,1,0,3,6,"0,166666667",6,0,0,0,0,0,0,0
41,1,3,0,102692,2365,5,168,148,444,32,172,148,1,1112,6,9,13,29,"0,206896552",2,1,1,0,1,1,0,1
57,2,1,0,26490,2560,92,45,47,52,21,20,25,2,210,3,1,5,11,"0,272727273",6,0,0,0,0,0,0,0
48,1,1,2,75702,2584,77,650,28,353,45,42,30,5,1148,4,6,11,26,"0,153846154",8,0,0,0,0,0,0,0
41,4,0,1,30899,2539,35,24,0,8,0,0,1,2,33,1,0,3,6,"0,166666667",6,0,0,0,0,0,0,0
54,4,1,1,63342,2536,48,918,21,118,13,10,21,3,1101,8,3,5,19,"0,421052632",6,0,0,0,1,0,0,0
51,1,0,1,45989,2530,97,138,33,87,28,24,12,4,322,3,2,7,16,"0,1875",3,0,0,0,0,0,0,0
51,1,0,2,18701,2305,95,12,4,2,10,6,10,4,44,2,0,4,10,"0,2",5,0,0,0,0,0,0,0
58,4,0,3,40737,2118,24,11,0,4,0,0,2,1,17,1,0,2,4,"0,25",8,0,0,0,0,0,0,0
46,1,3,1,15287,2542,60,1,2,8,4,3,13,2,31,1,1,2,6,"0,166666667",7,0,0,1,0,0,0,1
47,4,3,2,69674,2318,46,554,41,215,11,0,24,3,845,10,2,10,25,"0,4",5,0,0,0,0,0,0,0
45,3,2,1,44159,1927,85,167,2,62,24,13,7,4,275,4,1,6,15,"0,266666667",5,0,0,0,0,0,0,0
47,4,2,1,37717,2498,31,9,0,6,4,1,5,1,25,1,0,2,4,"0,25",9,0,0,0,0,0,0,0
58,3,1,2,43776,2426,9,177,2,71,3,2,20,6,275,5,2,4,17,"0,294117647",8,0,0,0,0,0,0,1
49,3,2,2,38179,2387,30,38,4,22,4,2,20,4,90,3,1,3,11,"0,272727273",7,0,0,0,0,0,0,0
52,1,2,0,80124,1918,47,483,84,398,205,84,241,1,1495,3,7,8,19,"0,157894737",1,0,0,1,0,0,0,0
45,4,2,2,38097,2537,70,77,2,35,0,1,69,4,184,3,2,2,11,"0,272727273",7,0,0,1,0,0,0,1
45,1,2,0,72940,2290,13,182,74,298,162,149,116,1,981,3,3,6,13,"0,230769231",1,0,0,0,0,0,0,0
45,1,1,1,22070,2183,11,10,7,19,8,2,21,2,67,2,2,2,8,"0,25",6,0,0,0,0,0,0,0
57,1,0,0,69267,2560,31,778,44,499,95,73,146,2,1635,3,4,5,14,"0,214285714",7,0,0,0,0,0,0,1
42,3,0,1,31788,2016,15,16,7,23,0,8,6,3,60,3,0,4,10,"0,3",5,0,0,0,0,0,1,0
40,4,1,1,61905,2060,2,167,0,43,6,2,13,2,231,4,2,4,12,"0,333333333",5,0,0,0,0,0,0,0
55,1,2,2,29315,1999,55,13,2,14,8,7,4,4,48,2,0,4,10,"0,2",6,0,0,0,0,0,0,0
52,1,3,2,33378,2423,38,33,6,40,3,7,10,3,99,2,0,4,9,"0,222222222",7,0,0,0,0,0,0,0
52,4,1,1,66313,2201,86,625,7,99,10,22,7,2,770,6,3,12,23,"0,260869565",4,0,0,0,0,0,0,0
59,1,0,0,60714,2443,56,216,162,224,101,92,162,2,957,7,4,10,23,"0,304347826",5,0,0,0,0,0,0,1
44,3,1,0,77882,1975,29,68,129,396,188,22,15,1,818,3,3,5,12,"0,25",1,0,0,0,0,0,0,0
39,4,0,0,69867,2368,30,196,0,512,33,130,54,1,925,3,5,8,17,"0,176470588",1,1,0,0,0,0,0,1
47,3,3,1,63841,2349,64,635,15,100,20,7,131,1,908,9,3,9,22,"0,409090909",6,0,0,0,0,0,0,0
44,0,2,1,24480,2418,46,4,19,9,28,25,17,3,102,3,0,4,10,"0,3",7,0,0,0,0,0,0,0
49,1,1,1,51369,2527,84,297,7,79,0,11,182,2,576,8,2,4,16,"0,5",8,0,0,0,0,0,0,0
64,1,1,0,37760,2582,20,84,5,38,150,12,28,2,317,4,1,6,13,"0,307692308",7,0,0,0,0,0,0,0
41,4,1,1,65640,2035,74,204,7,149,20,15,66,1,461,5,1,8,15,"0,333333333",2,0,0,0,0,0,0,0
40,3,2,2,44319,1988,18,26,0,8,0,0,3,2,37,2,0,3,7,"0,285714286",5,0,0,0,0,0,0,0
41,1,2,1,30631,2267,75,15,6,20,4,5,20,1,70,3,1,2,7,"0,428571429",7,0,0,0,0,0,0,0
58,1,1,0,75278,2431,17,304,98,230,150,74,74,1,930,6,3,13,23,"0,260869565",3,0,0,0,0,0,0,0
59,3,1,2,50898,2452,88,285,28,242,55,114,135,13,859,6,2,12,33,"0,181818182",5,0,0,0,0,0,0,0
49,1,4,0,79946,1963,19,395,183,565,166,141,28,1,1478,5,11,5,22,"0,227272727",3,0,0,0,0,0,0,0
61,3,3,0,35416,2296,62,248,3,81,4,3,51,3,390,7,1,5,16,"0,4375",8,0,0,0,0,0,0,0
41,2,1,0,32414,2275,11,20,6,5,0,9,12,1,52,1,0,3,5,"0,2",7,0,0,1,0,0,0,0
46,1,1,1,38361,2099,74,39,0,56,20,8,14,3,137,3,1,3,10,"0,3",7,0,0,0,0,0,0,0
45,1,2,0,82497,2521,32,777,129,573,216,21,203,1,1919,2,7,9,19,"0,105263158",4,0,0,0,0,1,0,0
44,1,1,2,16626,2080,76,8,3,22,21,1,13,3,68,3,0,3,9,"0,333333333",9,0,0,0,0,0,0,0
50,1,1,2,29672,2389,6,9,1,3,0,4,8,1,25,0,0,3,4,0,6,0,0,0,0,0,0,0
58,3,1,1,55951,2590,62,1241,0,80,0,13,40,3,1374,3,6,11,23,"0,130434783",8,0,1,0,1,0,0,0
37,2,3,1,35388,2394,20,6,4,7,4,3,8,1,32,1,0,3,5,"0,2",7,0,0,0,0,0,0,0
39,3,1,1,42386,2447,43,65,4,16,0,4,11,1,100,3,0,3,7,"0,428571429",8,0,0,0,0,0,0,0
43,1,0,0,68627,2448,45,395,15,263,60,54,38,1,825,2,3,6,12,"0,166666667",1,0,0,0,0,0,0,0
50,4,3,1,57912,2019,34,801,0,80,0,0,35,5,916,8,3,12,28,"0,285714286",5,0,0,0,1,0,0,0
57,1,3,2,35246,1989,53,36,0,12,2,2,10,4,62,3,1,3,11,"0,272727273",5,0,0,0,0,0,0,0
59,2,1,1,58821,2175,44,513,14,154,19,0,28,1,728,9,2,9,21,"0,428571429",6,0,0,0,0,0,0,0
47,4,2,1,46377,2035,89,37,0,46,4,3,0,1,90,2,1,3,7,"0,285714286",4,0,0,0,0,0,0,0
37,1,0,1,39747,1992,43,80,15,93,20,13,52,3,273,5,1,4,13,"0,384615385",8,0,0,0,0,0,0,0
41,1,1,1,23976,2099,68,14,1,21,2,3,25,3,66,3,1,3,10,"0,3",7,0,0,0,0,0,0,0
54,3,2,0,80950,2373,44,525,147,112,219,147,63,1,1213,6,7,9,23,"0,260869565",2,1,0,0,0,0,0,0
49,1,4,0,27038,2564,64,1,26,25,17,23,15,1,107,3,0,3,7,"0,428571429",9,0,0,0,0,0,0,1
63,1,0,0,77457,2031,85,675,11,400,15,45,11,1,1157,2,5,10,18,"0,111111111",1,0,0,0,0,1,0,0
51,3,2,1,64100,2207,93,509,0,27,0,0,10,1,546,8,3,6,18,"0,444444444",7,0,0,0,1,0,0,0
33,3,1,0,42670,2343,12,154,2,46,20,4,15,1,241,4,2,4,11,"0,363636364",4,0,0,0,0,0,0,0
49,1,3,1,12571,2077,86,3,5,14,2,12,17,4,53,3,1,3,11,"0,272727273",6,0,0,0,0,0,0,0
48,1,2,3,22574,2159,28,25,0,8,2,0,2,2,37,2,0,3,7,"0,285714286",7,0,0,0,0,0,0,0
49,3,0,0,70893,2423,42,768,44,561,77,44,14,1,1508,6,6,10,23,"0,260869565",3,0,0,0,0,0,0,0
49,1,2,2,54198,2109,13,185,0,28,3,2,17,6,235,3,1,6,16,"0,1875",4,0,0,0,0,0,0,0
59,3,1,2,28839,2025,86,24,0,7,0,0,1,2,32,2,0,3,7,"0,285714286",5,0,0,0,0,0,0,0
43,1,2,2,40321,2250,59,44,4,21,6,0,27,2,102,3,0,3,8,"0,375",7,0,0,0,0,0,0,0
40,1,0,1,66503,2599,30,91,64,128,65,3,50,2,401,4,3,6,15,"0,266666667",3,0,0,0,0,0,0,0
59,1,2,2,30833,2263,33,11,0,7,3,1,6,2,28,1,0,3,6,"0,166666667",5,0,0,0,0,0,0,0
44,1,2,1,64795,2443,23,412,5,119,38,29,77,3,680,3,3,12,21,"0,142857143",2,0,0,0,0,0,0,0
41,1,2,1,34421,2278,81,3,3,7,6,2,9,1,30,1,0,2,4,"0,25",7,0,0,0,0,0,0,0
50,4,3,2,47025,2055,6,16,0,3,0,0,1,1,20,1,0,2,4,"0,25",7,0,0,0,0,0,0,0
54,4,3,1,64325,2422,41,731,60,353,78,12,73,5,1307,10,3,5,23,"0,434782609",7,0,0,0,0,0,0,0
57,1,0,1,40464,2449,78,424,17,118,7,23,41,6,630,8,2,8,24,"0,333333333",8,0,0,0,0,0,0,0
58,1,2,0,62187,2274,49,792,0,275,45,45,126,1,1283,4,8,5,18,"0,222222222",3,0,0,0,0,0,0,0
49,4,3,1,14849,2277,39,21,2,28,3,2,9,3,65,2,0,4,9,"0,222222222",8,0,0,0,0,0,0,0
41,1,2,1,27255,2149,3,22,1,11,0,1,2,1,37,1,0,3,5,"0,2",7,0,0,0,0,0,0,0
60,4,2,3,54432,2331,37,33,0,5,0,0,0,1,38,1,0,3,5,"0,2",4,0,0,0,0,0,0,0
39,4,0,1,29999,2416,22,68,7,59,10,5,11,4,160,3,1,4,12,"0,25",8,0,0,0,0,0,0,0
42,1,0,1,24072,2354,79,9,1,6,3,0,4,1,23,1,0,2,4,"0,25",8,0,0,0,0,0,0,0
36,4,0,0,33996,2206,46,40,2,15,8,0,6,1,71,1,1,3,6,"0,166666667",4,0,0,0,0,0,0,0
59,4,2,1,66334,2367,82,909,11,218,0,0,23,2,1161,9,3,5,19,"0,473684211",5,0,0,0,0,0,0,1
44,3,2,1,35178,2450,10,23,1,13,2,2,18,1,59,1,1,2,5,"0,2",7,0,0,1,0,0,0,1
42,1,1,1,22010,2279,51,11,2,9,3,0,8,2,33,2,0,3,7,"0,285714286",8,0,0,0,0,0,0,0
55,1,3,2,62204,2570,38,317,46,247,151,46,139,1,946,4,5,12,22,"0,181818182",3,0,0,0,0,0,0,0
47,1,3,0,75693,2485,10,797,153,293,72,97,30,1,1442,11,4,6,22,"0,5",4,1,0,0,1,1,0,1
43,1,2,1,30675,2509,14,10,2,16,11,2,21,1,62,1,0,3,5,"0,2",8,0,0,0,0,0,0,0
50,1,1,0,83003,2398,18,856,61,570,40,25,122,1,1674,7,6,8,22,"0,318181818",3,0,0,0,0,1,0,1
96,4,1,0,83532,2191,36,755,144,562,104,64,224,1,1853,4,6,4,15,"0,266666667",1,0,0,0,0,1,0,0
37,1,0,0,68655,2603,95,456,19,832,75,118,38,1,1538,4,5,11,21,"0,19047619",3,0,0,0,0,0,0,0
39,1,3,0,41411,2119,11,37,32,38,11,3,18,1,139,2,1,4,8,"0,25",6,0,0,0,0,0,0,0
46,4,2,1,55212,2498,65,1103,0,45,0,0,34,3,1182,4,2,11,20,"0,2",8,0,1,0,1,0,0,0
60,4,1,1,59292,2296,71,378,14,68,19,14,14,2,507,3,5,8,18,"0,166666667",3,0,0,0,0,0,0,0
42,0,1,1,27190,2233,13,1,6,7,0,1,3,1,18,1,0,2,4,"0,25",8,0,0,1,0,0,0,1
58,1,3,0,82623,2146,58,204,34,204,172,153,173,1,940,2,9,4,16,"0,125",1,0,0,0,0,0,0,0
50,1,2,2,44300,2286,65,30,0,9,0,0,3,2,42,1,0,3,6,"0,166666667",6,0,0,0,0,0,0,0
45,1,3,0,84835,1928,0,189,104,379,111,189,218,1,1190,4,4,6,15,"0,266666667",1,0,0,0,0,0,0,1
44,1,4,2,30372,2466,33,15,0,12,7,3,7,3,44,2,0,3,8,"0,25",7,0,0,0,0,0,0,0
49,3,2,1,33181,2092,90,9,0,3,0,0,4,1,16,1,0,2,4,"0,25",6,0,0,1,0,0,0,0
58,1,2,1,71113,2109,95,495,33,255,11,33,8,4,835,6,7,9,26,"0,230769231",4,0,0,0,0,0,0,0
39,1,2,1,71952,2450,93,656,80,455,52,107,93,2,1443,8,4,8,22,"0,363636364",4,0,0,1,0,1,0,0
49,4,0,0,69759,2159,38,452,20,514,13,30,0,3,1029,4,6,5,18,"0,222222222",3,0,0,0,0,0,0,1
41,1,2,0,72099,2525,18,546,91,410,119,0,22,1,1188,3,4,10,18,"0,166666667",1,0,0,0,0,0,0,0
49,4,0,1,60000,2469,57,1048,0,217,0,0,12,5,1277,11,3,5,24,"0,458333333",6,0,0,0,0,0,0,0
47,1,0,2,38643,2127,45,22,2,14,0,1,10,2,49,2,0,3,7,"0,285714286",7,0,0,0,0,0,1,0
55,1,2,1,50737,2329,61,78,0,11,0,0,10,1,99,2,0,4,7,"0,285714286",6,0,0,0,1,0,0,0
46,4,2,0,68462,2479,6,561,64,785,84,128,48,1,1670,3,3,8,15,"0,2",1,0,0,0,0,0,0,0
67,3,2,0,65073,2228,65,629,17,177,69,0,8,1,900,5,3,5,14,"0,357142857",2,0,0,0,0,0,1,0
62,4,1,2,46681,2179,52,269,15,69,15,19,38,2,425,4,6,4,16,"0,25",5,0,0,0,0,0,0,0
58,1,2,0,78618,2554,87,736,163,818,212,163,61,1,2153,4,7,10,22,"0,181818182",2,0,0,0,1,0,0,0
46,4,4,1,62187,2014,38,512,0,83,0,0,41,3,636,6,2,10,21,"0,285714286",4,0,0,0,0,0,0,0
47,1,2,2,28442,2040,53,19,3,10,11,8,6,3,57,2,1,4,10,"0,2",4,0,0,0,0,0,0,0
47,4,2,1,37717,2498,31,9,0,6,4,1,5,1,25,1,0,2,4,"0,25",9,0,0,0,0,0,0,0
48,1,2,2,51479,2463,67,247,8,160,6,8,65,7,494,6,3,6,22,"0,272727273",7,0,0,0,0,0,0,0
46,1,0,1,54803,2592,65,404,0,92,28,27,142,2,693,6,2,9,19,"0,315789474",4,0,0,0,0,0,0,0
55,1,2,0,79530,2323,64,333,0,815,129,42,29,1,1348,4,10,11,26,"0,153846154",2,0,0,0,0,0,0,0
49,1,3,1,31615,2385,82,2,3,20,6,11,9,2,51,2,0,3,7,"0,285714286",7,0,0,0,0,0,0,0
53,1,1,0,72025,2504,27,833,33,549,151,133,233,1,1932,4,3,8,16,"0,25",3,0,0,0,0,0,0,0
40,4,0,1,52614,2490,63,789,0,142,12,9,38,2,990,2,4,8,16,"0,125",8,0,0,0,0,0,0,0
41,2,2,1,35684,1983,66,10,4,7,0,6,3,1,30,1,0,3,5,"0,2",6,0,0,0,0,0,0,0
40,1,2,2,48178,2524,69,159,4,45,6,2,38,6,254,5,1,4,16,"0,3125",8,0,0,0,0,0,0,0
45,3,0,1,29548,2219,52,7,1,6,3,1,11,1,29,1,1,2,5,"0,2",4,0,0,1,0,0,0,0
49,1,0,1,63810,2510,45,977,12,253,16,12,101,4,1371,4,3,12,23,"0,173913043",8,0,0,0,1,0,0,0
43,4,0,2,38578,2287,2,38,4,22,3,3,3,3,73,3,0,3,9,"0,333333333",8,0,0,0,0,0,0,1
40,3,0,2,46098,2595,86,57,0,27,0,0,36,4,120,3,2,2,11,"0,272727273",8,0,0,0,0,0,0,0
45,1,0,0,22585,2383,23,3,9,15,13,2,39,1,81,1,1,2,5,"0,2",9,0,0,1,0,0,0,1
36,1,0,1,30279,2461,13,10,4,14,4,4,1,1,37,1,0,3,5,"0,2",8,0,0,0,0,0,0,0
54,4,1,1,66426,2185,14,1043,24,97,32,24,157,2,1377,3,5,10,20,"0,15",6,0,0,0,0,0,0,0
46,1,0,1,30822,2295,92,3,9,13,2,12,12,1,51,1,0,3,5,"0,2",7,0,0,0,0,0,0,0
46,4,2,2,33581,2452,38,11,0,5,0,0,1,1,17,1,0,2,4,"0,25",8,0,0,0,0,0,0,0
40,1,2,1,19986,2142,74,3,6,5,0,2,6,1,22,0,0,3,4,0,7,0,0,0,0,0,0,0
56,1,4,0,27421,2479,14,43,12,96,78,40,55,3,324,4,1,6,14,"0,285714286",7,0,0,0,0,0,0,0
42,2,2,3,35688,2591,94,73,3,90,12,1,32,7,211,4,1,4,16,"0,25",8,0,0,0,0,0,0,0
44,3,0,1,36143,2006,33,12,0,1,0,0,6,1,19,0,1,2,4,0,3,0,0,0,0,0,0,0
44,1,0,1,10245,2325,32,4,7,7,6,4,13,3,41,1,2,2,8,"0,125",5,0,0,0,0,0,0,0
47,3,1,1,43795,2171,11,314,11,53,4,3,107,3,492,7,3,4,17,"0,411764706",7,0,0,0,1,0,0,1
55,1,1,1,63381,2547,78,571,50,142,33,50,159,4,1005,4,5,13,26,"0,153846154",2,0,0,0,0,0,0,0
61,1,1,1,38823,2583,56,70,0,11,2,8,23,1,114,2,1,3,7,"0,285714286",6,0,0,0,0,0,0,0
47,4,3,2,83664,2332,57,866,21,151,28,21,86,3,1173,2,2,12,19,"0,105263158",5,0,0,0,0,0,0,0
46,1,1,0,90300,2092,7,594,134,786,33,134,57,0,1738,5,6,8,19,"0,263157895",1,0,0,0,0,1,0,0
46,3,1,1,62499,2117,0,140,4,61,0,13,4,2,222,3,1,6,12,"0,25",4,0,0,0,0,0,0,0
32,1,0,0,74293,1971,66,375,152,335,93,91,81,1,1127,5,4,6,16,"0,3125",2,0,0,0,0,0,0,0
64,4,2,0,51012,2352,86,102,9,63,2,9,24,1,209,4,1,4,10,"0,4",6,0,0,0,0,0,0,0
47,3,2,1,70777,2039,80,554,35,113,0,7,78,3,787,5,3,12,23,"0,217391304",3,0,0,0,0,0,0,0
34,4,1,0,68682,2181,56,919,0,505,99,30,45,1,1598,4,9,10,24,"0,166666667",2,0,0,0,0,0,0,0
44,1,2,2,43824,2567,18,96,1,42,12,3,32,4,186,3,1,4,12,"0,25",8,0,0,0,0,0,0,0
41,1,1,1,15345,2582,51,5,2,16,3,2,19,2,47,1,1,2,6,"0,166666667",8,0,0,0,0,0,0,1
38,1,0,1,23442,2467,71,2,0,6,8,6,5,1,27,1,0,3,5,"0,2",7,0,0,0,0,0,0,0
45,2,1,1,14515,2512,71,6,4,9,6,36,35,4,96,2,2,3,11,"0,181818182",7,0,0,0,0,0,0,1
59,2,3,2,31395,2378,80,23,1,25,0,8,7,4,64,2,1,3,10,"0,2",6,0,0,0,0,0,0,0
50,1,1,0,75276,2555,2,610,105,125,137,42,21,1,1040,9,4,9,23,"0,391304348",5,0,0,0,0,0,0,0
41,1,0,2,42373,2233,83,67,5,61,3,8,19,5,163,2,1,5,13,"0,153846154",5,0,0,0,0,0,0,0
55,1,1,0,30507,2390,29,65,36,74,38,20,110,1,343,5,1,4,11,"0,454545455",7,0,0,0,0,0,0,0
55,4,0,3,55521,2165,11,416,0,26,0,0,4,9,446,6,3,6,24,"0,25",7,0,0,0,1,0,0,1
50,1,2,2,48006,1935,55,23,0,11,3,2,2,1,41,1,0,3,5,"0,2",6,0,0,0,0,0,0,0
43,4,0,1,27213,2583,19,19,3,26,10,9,3,3,70,2,0,4,9,"0,222222222",8,0,0,0,0,0,0,1
44,4,3,2,65808,1945,1,155,7,80,13,7,10,3,272,5,1,5,14,"0,357142857",6,0,0,0,0,0,0,0
41,4,1,1,30351,2303,19,14,0,24,3,3,2,1,46,3,0,2,6,"0,5",9,0,0,0,0,0,0,0
52,1,2,2,50437,2535,28,370,9,92,6,9,4,3,490,7,1,8,19,"0,368421053",7,0,0,0,0,0,0,0
43,2,0,1,23616,2504,76,4,22,11,3,7,32,2,79,3,0,3,8,"0,375",8,0,0,0,0,0,0,1
49,1,2,1,53858,2512,50,407,53,221,58,150,26,4,915,4,3,6,17,"0,235294118",4,0,0,0,0,0,0,0
55,4,2,1,66465,2371,1,1200,0,204,38,29,14,3,1485,11,9,12,35,"0,314285714",6,1,0,0,0,0,0,0
38,1,0,1,46923,2591,90,85,44,54,102,78,6,3,369,5,1,7,16,"0,3125",7,0,0,0,0,0,0,0
53,1,1,1,75072,2437,83,583,34,309,0,22,125,2,1073,5,4,8,19,"0,263157895",3,0,0,0,0,0,0,0
67,4,2,0,75865,2005,73,483,0,591,156,0,12,1,1242,3,5,10,19,"0,157894737",1,0,0,0,0,0,0,0
40,2,1,1,19789,2136,24,2,5,9,28,6,28,3,78,2,1,3,9,"0,222222222",5,0,0,1,0,0,0,0
31,1,1,0,80134,2050,11,966,26,282,52,26,26,1,1378,2,7,11,21,"0,095238095",5,1,1,0,1,1,0,0
44,1,0,0,91065,2407,33,822,114,108,179,137,114,1,1474,7,9,9,26,"0,269230769",3,1,0,0,0,1,0,1
44,3,2,2,49505,2396,4,604,0,100,19,0,28,9,751,10,2,8,29,"0,344827586",8,0,0,0,0,0,0,0
42,4,2,1,37401,1969,14,19,3,19,3,1,3,2,48,2,0,3,7,"0,285714286",7,0,0,0,0,0,0,0
42,1,2,1,30096,1953,30,5,3,11,12,5,9,1,45,2,0,3,6,"0,333333333",6,0,0,0,0,0,0,0
43,3,1,1,18492,1939,75,2,2,2,2,1,1,1,10,1,0,2,4,"0,25",8,0,0,0,0,0,0,0
41,3,2,0,82584,2305,26,1076,68,103,29,91,68,1,1435,3,4,8,16,"0,1875",1,0,0,0,1,1,0,1
69,4,2,0,93027,2357,77,1285,42,716,55,0,21,0,2119,7,10,5,22,"0,318181818",2,0,0,0,0,1,0,0
57,1,2,3,48686,2122,8,10,0,7,2,0,1,1,20,1,0,2,4,"0,25",8,0,0,0,0,0,0,0
39,1,2,0,92910,1981,42,551,137,792,179,103,33,1,1795,6,7,13,27,"0,222222222",1,1,0,0,1,1,0,0
36,1,2,1,75433,2000,28,800,0,297,0,34,57,2,1188,2,5,10,19,"0,105263158",6,1,0,0,1,0,0,0
36,2,1,1,10404,1971,52,2,2,11,10,6,12,2,43,1,0,4,7,"0,142857143",5,0,0,0,0,0,0,0
47,1,2,1,61314,2345,1,378,0,189,97,172,172,2,1008,5,5,12,24,"0,208333333",3,0,0,0,0,0,0,0
54,4,0,0,84865,2331,1,1248,16,349,43,16,16,1,1688,2,4,9,16,"0,125",4,1,1,0,1,1,0,1
36,1,2,1,42387,2523,42,235,0,235,19,4,191,5,684,8,1,7,21,"0,380952381",8,0,0,0,0,0,0,0
48,2,1,2,67309,2437,76,515,47,181,149,95,95,15,1082,9,6,9,39,"0,230769231",7,0,0,0,0,0,0,0
51,1,2,1,75236,2131,27,438,66,400,12,38,114,1,1068,8,3,13,25,"0,32",4,0,0,0,0,0,0,0
45,1,0,1,30015,2062,28,25,0,22,2,3,5,2,57,1,0,4,7,"0,142857143",5,0,0,0,0,0,0,0
59,3,1,1,50943,2288,49,31,0,7,2,0,6,1,46,1,0,3,5,"0,2",5,0,0,0,0,0,0,0
49,1,3,1,67272,2105,12,357,35,271,28,28,14,3,733,6,2,12,23,"0,260869565",5,0,0,0,0,0,0,0
61,3,4,1,51529,2210,14,400,4,35,6,0,22,2,467,9,1,5,17,"0,529411765",8,0,0,0,0,0,0,0
44,4,2,1,32011,2226,89,99,0,15,2,1,5,3,122,2,1,4,10,"0,2",7,0,0,0,0,0,0,0
39,2,2,1,7500,2422,96,1,11,5,4,6,9,2,36,2,0,3,7,"0,285714286",8,0,0,0,0,0,0,0
36,1,2,1,28691,2275,56,5,4,13,8,0,4,1,34,1,0,3,5,"0,2",8,0,0,0,0,0,0,0
62,4,2,1,56223,2106,72,77,28,31,16,0,4,2,156,2,1,5,10,"0,2",4,0,0,0,0,0,0,0
64,1,2,0,18100,2242,14,3,1,2,4,3,1,1,14,0,0,3,4,0,5,0,0,0,0,0,0,0
36,1,0,1,30279,2461,13,10,4,14,4,4,1,1,37,1,0,3,5,"0,2",8,0,0,0,0,0,0,0
41,2,2,0,20130,2019,99,0,6,3,7,6,12,1,34,1,0,3,5,"0,2",8,0,0,0,0,0,0,0
56,1,3,0,23295,2266,72,0,0,1,2,12,5,1,20,1,0,2,4,"0,25",8,0,0,0,0,0,0,0
43,3,3,1,42618,2178,92,76,14,74,13,5,10,2,192,5,0,4,11,"0,454545455",8,0,0,0,0,0,0,0
51,1,0,0,81246,2097,87,398,190,537,61,156,37,1,1379,4,5,7,17,"0,235294118",1,1,0,1,0,0,0,0
49,1,2,1,24027,2300,7,14,7,11,11,0,5,2,48,2,0,3,7,"0,285714286",8,0,0,0,0,0,0,0
57,4,2,1,55707,2104,91,208,7,82,30,66,35,2,428,3,2,9,16,"0,1875",3,0,0,0,0,0,0,0
55,1,0,1,57959,2338,71,430,16,322,43,24,33,5,868,4,7,11,27,"0,148148148",3,0,0,0,0,0,0,0
46,1,2,1,56796,2413,24,656,38,161,62,47,37,3,1001,8,9,7,27,"0,296296296",7,0,0,0,0,0,0,0
44,3,0,1,36230,2170,17,14,2,30,8,2,3,1,59,2,0,4,7,"0,285714286",5,0,0,0,0,0,0,0
45,2,2,2,70829,2125,87,141,70,106,72,19,23,2,431,4,2,8,16,"0,25",3,0,0,0,0,0,0,0
49,1,2,1,65991,2575,21,507,19,364,25,47,9,3,971,9,5,10,27,"0,333333333",7,0,0,0,0,0,0,0
43,1,2,3,38988,2593,90,164,24,103,12,3,42,7,348,5,1,6,19,"0,263157895",8,0,0,0,0,0,0,0
49,2,0,0,89572,2567,44,606,24,974,197,194,64,1,2059,7,7,9,24,"0,291666667",4,1,0,0,1,0,0,1
41,3,2,1,42207,2369,71,116,11,72,3,17,46,4,265,4,1,5,14,"0,285714286",6,0,0,1,0,0,0,1
58,1,2,1,50300,1950,52,143,15,60,24,23,5,2,270,2,1,8,13,"0,153846154",2,0,0,0,0,0,0,0
43,2,1,0,66664,2557,78,398,96,447,220,96,32,1,1289,5,7,6,19,"0,263157895",3,0,0,0,0,0,0,0
51,1,2,1,60597,2094,2,522,0,257,32,16,66,4,893,2,2,8,16,"0,125",7,1,0,0,0,0,0,1
61,1,4,0,70165,2195,60,161,0,253,199,191,122,1,926,3,7,11,22,"0,136363636",1,0,0,0,0,0,0,0
57,4,4,1,50520,2067,25,112,0,6,2,1,14,2,135,3,1,3,9,"0,333333333",6,0,0,0,0,0,0,0
52,1,2,0,80124,1918,47,483,84,398,205,84,241,1,1495,3,7,8,19,"0,157894737",1,0,0,1,0,0,0,0
40,1,2,1,33183,2040,46,7,5,39,17,15,37,2,120,4,0,3,9,"0,444444444",7,0,0,0,0,0,0,0
46,4,0,0,66582,2033,83,789,25,420,16,38,0,1,1288,2,8,9,20,"0,1",1,0,0,0,0,0,0,0
55,4,1,0,75261,2347,17,1239,17,413,23,34,17,1,1743,5,6,5,17,"0,294117647",2,0,0,0,1,1,0,1
45,1,4,1,31880,2521,13,4,1,5,2,0,3,1,15,1,0,2,4,"0,25",8,0,0,0,0,0,0,0
59,1,2,2,53790,2030,86,335,42,127,28,5,5,3,542,7,2,8,20,"0,35",6,0,0,0,0,0,0,0
44,4,1,1,49269,2598,92,639,8,166,11,8,58,3,890,7,3,12,25,"0,28",7,0,0,0,0,0,0,0
40,1,2,1,61456,2374,47,563,76,384,84,192,89,4,1388,6,10,13,33,"0,181818182",4,0,0,0,0,0,0,0
45,1,2,1,37406,2177,18,2,0,8,2,2,3,1,17,1,0,2,4,"0,25",8,0,0,0,0,0,0,1
44,4,1,1,56937,2609,81,746,8,125,11,8,8,7,906,8,6,9,30,"0,266666667",6,0,0,0,1,0,0,1
47,1,2,2,38415,2458,91,22,1,13,4,0,4,2,44,1,0,3,6,"0,166666667",7,0,0,0,0,0,0,0
37,1,0,1,20518,1957,58,4,1,6,4,1,9,1,25,1,1,2,5,"0,2",5,0,0,0,0,0,0,0
59,1,2,1,62503,2411,40,478,0,193,110,75,117,4,973,8,3,11,26,"0,307692308",5,0,0,0,0,0,0,0
43,4,0,2,41644,1966,67,20,3,4,2,0,2,2,31,1,0,3,6,"0,166666667",3,0,0,0,0,0,0,0
48,3,2,1,55842,1952,19,451,0,39,0,4,24,1,518,7,1,8,17,"0,411764706",5,0,0,0,0,0,0,0
43,4,2,1,62010,2529,93,371,22,39,6,0,92,4,530,6,2,7,19,"0,315789474",5,0,0,0,0,0,0,0
48,1,2,1,41124,2521,41,281,7,84,15,0,119,7,506,7,3,4,21,"0,333333333",8,0,0,0,0,0,0,0
42,3,2,1,38961,2096,60,19,7,19,0,1,24,1,70,2,1,2,6,"0,333333333",7,0,0,0,0,0,0,0
43,3,3,1,37760,2237,54,26,3,13,2,10,0,1,54,2,0,3,6,"0,333333333",6,0,0,0,0,0,0,0
41,1,0,1,32233,2594,26,138,15,35,25,11,72,2,296,6,2,2,12,"0,5",9,0,0,1,0,0,0,1
40,1,2,1,43057,2157,30,213,2,44,0,2,5,4,266,4,2,5,15,"0,266666667",5,0,0,0,0,0,0,0
55,3,1,0,83151,2542,93,407,28,100,120,74,18,1,747,5,9,4,19,"0,263157895",3,0,0,0,0,0,0,0
51,4,3,0,78825,2568,35,483,74,114,169,37,18,1,895,5,10,13,29,"0,172413793",3,0,0,0,0,0,0,1
49,3,1,1,65104,2142,4,738,0,232,13,20,50,2,1053,3,5,7,17,"0,176470588",7,0,0,0,0,0,0,0
41,1,2,1,60093,2283,92,502,12,109,16,6,90,2,735,7,2,10,21,"0,333333333",6,0,0,0,0,0,0,0
46,1,2,1,14045,2069,24,11,0,5,2,1,1,1,20,1,0,3,5,"0,2",7,0,0,0,0,0,0,0
58,2,4,0,28457,2524,96,24,1,108,29,29,14,1,205,4,1,4,10,"0,4",8,0,0,0,0,0,0,0
57,4,1,1,78952,2558,11,1170,19,594,99,76,134,2,2092,2,5,12,21,"0,095238095",6,0,0,0,0,0,0,0
49,1,3,1,46310,2488,99,185,2,88,15,5,14,2,309,6,1,5,14,"0,428571429",8,0,0,0,0,0,0,0
55,1,1,0,76005,2407,72,983,20,389,240,50,40,1,1722,3,5,13,22,"0,136363636",6,1,0,0,0,0,0,0
51,3,0,1,58308,2448,77,691,0,69,10,0,130,4,900,2,6,3,15,"0,133333333",8,0,0,0,0,0,0,0
66,4,3,0,55614,2129,85,504,13,131,8,0,26,1,682,9,4,6,20,"0,45",7,0,0,0,1,0,0,0
53,3,3,1,59432,2357,88,317,25,265,25,19,12,3,663,5,3,11,22,"0,227272727",5,0,0,0,0,0,0,0
47,1,3,1,55563,2000,22,29,1,9,2,0,2,1,43,2,0,3,6,"0,333333333",3,0,0,0,0,0,0,0
44,4,1,1,78642,2349,83,1396,0,322,46,35,17,1,1816,4,9,4,18,"0,222222222",6,0,0,0,0,0,0,0
61,4,1,1,67911,1953,63,529,0,356,63,28,0,3,976,6,7,11,27,"0,222222222",3,0,0,0,0,0,0,0
66,1,2,0,65275,2367,9,388,14,218,91,14,21,1,746,4,3,13,21,"0,19047619",2,0,0,0,0,0,0,0
60,1,1,2,27203,2607,92,13,2,21,4,0,24,2,64,1,1,2,6,"0,166666667",8,0,0,0,0,0,0,0
54,3,1,1,48330,2141,2,28,0,4,0,0,0,1,32,1,0,3,5,"0,2",5,0,0,0,0,0,0,0
35,0,2,0,24279,2462,6,16,36,21,20,62,108,1,263,4,1,3,9,"0,444444444",8,0,0,0,0,0,0,0
40,4,2,1,64355,2589,66,1047,0,140,67,38,153,2,1445,4,3,12,21,"0,19047619",8,0,0,0,0,0,0,0
59,3,1,1,50943,2288,49,31,0,7,2,0,6,1,46,1,0,3,5,"0,2",5,0,0,0,0,0,0,0
57,1,4,0,53653,2514,29,815,10,239,28,10,108,2,1210,10,4,12,28,"0,357142857",6,0,0,0,0,0,0,0
49,1,2,1,65665,2124,77,225,162,387,106,36,29,1,945,5,10,8,24,"0,208333333",3,0,0,0,0,0,0,0
36,1,0,0,81217,2260,77,493,70,324,146,40,84,1,1157,3,7,11,22,"0,136363636",1,0,0,0,0,0,0,0
33,1,2,0,34935,2288,71,34,4,66,3,10,20,1,137,2,1,4,8,"0,25",7,0,0,0,0,0,0,0
56,1,3,1,61250,2475,49,382,138,65,60,26,59,6,730,5,2,12,25,"0,2",5,0,0,0,0,0,0,0
44,4,1,1,39665,2315,97,127,1,56,0,1,31,3,216,4,2,3,12,"0,333333333",7,0,0,1,0,0,0,0
46,1,0,1,60152,2373,6,325,83,300,86,58,91,1,943,6,4,12,23,"0,260869565",3,0,0,0,0,0,0,0
51,1,2,2,48920,2167,93,238,17,68,8,10,6,3,347,6,2,5,16,"0,375",7,0,0,0,1,0,0,0
56,3,1,0,89120,2019,78,1168,92,408,72,129,55,1,1924,5,6,7,19,"0,263157895",1,0,0,0,0,1,0,0
64,4,1,1,44124,2329,62,284,0,55,0,6,52,4,397,6,2,5,17,"0,352941176",8,0,0,0,0,0,0,0
40,3,0,0,81169,2356,47,1288,20,613,80,61,27,1,2089,5,7,9,22,"0,227272727",2,0,0,0,0,0,0,0
54,1,2,2,36443,2426,9,65,0,46,4,3,20,4,138,3,1,3,11,"0,272727273",8,0,0,0,0,0,0,0
35,1,0,1,26095,2279,77,11,7,9,3,1,11,1,42,1,0,3,5,"0,2",7,0,0,0,0,0,0,0
56,1,1,0,71367,2225,24,227,23,389,42,21,75,1,777,4,5,7,17,"0,235294118",2,0,0,0,0,0,0,0
66,3,2,0,80184,2035,19,1035,134,670,25,38,0,1,1902,6,3,10,20,"0,3",3,1,0,0,0,1,0,0
50,1,3,2,30630,2068,67,27,1,12,2,0,10,2,52,2,0,3,7,"0,285714286",7,0,0,0,0,0,0,0
38,3,0,0,73454,2035,95,982,73,351,56,14,175,1,1651,2,4,6,13,"0,153846154",5,0,0,1,0,0,0,0
34,1,2,0,42691,2232,48,179,2,64,38,17,58,1,358,5,1,6,13,"0,384615385",5,0,0,0,0,0,0,0
57,1,2,0,70503,2552,73,1379,33,216,0,33,66,1,1727,2,4,9,16,"0,125",6,0,0,0,1,1,0,0
38,1,2,1,25545,2574,35,32,1,64,16,12,85,3,210,2,2,3,10,"0,2",6,0,0,0,0,0,0,1
39,1,2,1,32880,2487,76,8,4,15,7,6,2,1,42,1,0,3,5,"0,2",8,0,0,0,0,0,0,0
57,4,1,0,77863,2129,20,881,38,319,16,25,12,1,1291,4,5,10,20,"0,2",2,0,0,0,0,0,0,0
48,3,2,0,50353,1936,72,141,15,153,67,31,35,1,442,4,4,6,15,"0,266666667",3,0,0,0,0,0,0,0
51,1,0,0,61839,2601,20,1000,155,379,224,17,120,1,1895,4,8,4,17,"0,235294118",8,0,0,0,0,0,0,0
55,4,2,2,49154,2153,69,206,10,67,30,27,71,6,411,4,1,8,19,"0,210526316",6,0,0,0,0,0,0,0
40,2,4,1,47682,2414,80,162,61,83,97,57,61,4,521,4,3,8,19,"0,210526316",5,0,0,0,0,0,0,0
46,1,0,1,72679,2199,65,619,54,260,127,54,54,1,1168,4,7,5,17,"0,235294118",1,0,0,0,0,0,0,0
48,3,1,2,57954,1926,52,456,4,24,0,0,9,7,493,8,2,6,23,"0,347826087",7,0,0,0,1,0,0,0
53,1,2,2,65316,2346,65,112,6,92,3,9,38,2,260,3,2,5,12,"0,25",4,0,0,0,0,0,0,0
43,1,0,1,28567,2292,57,11,3,22,2,2,6,2,46,2,0,3,7,"0,285714286",6,0,0,0,0,0,0,0
59,3,1,1,47352,2359,70,172,12,112,8,0,15,4,319,6,1,5,16,"0,375",7,0,0,0,0,0,0,0
48,1,1,1,44931,2077,0,78,0,11,0,0,7,1,96,2,1,3,7,"0,285714286",5,0,0,0,0,0,0,0
48,1,3,0,76982,2049,19,464,151,292,65,60,30,1,1062,8,3,4,16,"0,5",4,0,0,0,0,1,0,1
58,2,1,1,57247,2240,50,99,4,32,37,54,6,2,232,2,1,7,12,"0,166666667",2,0,0,0,0,0,0,0
44,3,0,1,22944,2103,67,19,3,19,4,5,26,3,76,3,0,3,9,"0,333333333",7,0,0,0,0,0,0,0
48,2,1,1,25315,2149,46,1,9,8,11,3,22,3,54,3,0,3,9,"0,333333333",8,0,0,0,0,0,0,0
46,1,4,1,43638,2607,37,63,10,83,7,19,19,2,201,4,1,4,11,"0,363636364",7,0,0,0,0,0,0,0
41,4,0,1,42710,2493,38,252,3,42,4,3,102,2,406,4,5,3,14,"0,285714286",6,0,0,0,0,0,0,0
43,4,2,0,84169,2241,9,1478,19,403,0,19,0,1,1919,7,6,6,20,"0,35",3,0,0,0,1,1,0,1
49,1,1,1,54058,2305,56,198,18,252,32,108,54,2,662,4,6,8,20,"0,2",3,0,0,0,0,0,0,0
35,2,2,1,24683,2028,98,8,4,10,6,7,6,2,41,2,0,4,8,"0,25",5,0,0,0,0,0,0,0
51,1,4,0,85620,2088,68,416,46,925,60,107,46,1,1600,3,6,4,14,"0,214285714",1,0,0,0,0,0,0,1
45,1,2,1,47850,2123,72,42,7,43,20,12,10,1,134,3,0,4,8,"0,375",6,0,0,0,0,0,0,0
47,1,2,2,19514,2069,47,14,3,21,2,1,28,4,69,3,1,2,10,"0,3",8,0,0,1,0,0,0,1
42,3,2,2,27159,2007,33,17,0,3,0,0,1,2,21,1,0,3,6,"0,166666667",6,0,0,0,0,0,0,0
52,2,0,2,39548,2005,87,15,4,10,3,4,18,2,54,1,1,3,7,"0,142857143",3,0,0,0,0,0,0,0
36,1,0,1,21474,1997,0,6,16,24,11,0,34,2,91,3,1,2,8,"0,375",7,0,0,1,0,0,0,1
44,4,0,1,60504,2057,73,458,0,24,6,4,34,2,526,6,2,8,18,"0,333333333",6,0,0,0,0,0,0,0
52,1,2,0,22419,2352,74,30,3,47,19,21,42,1,162,3,2,2,8,"0,375",8,0,0,0,0,0,0,0
61,3,2,0,81698,2150,4,179,28,520,111,123,47,1,1008,3,8,13,25,"0,12",1,0,0,0,0,0,0,1
58,1,1,2,43462,2570,50,90,17,97,15,6,15,6,240,4,1,5,16,"0,25",8,0,0,0,0,0,0,0
47,4,0,1,54880,2400,57,308,85,137,102,45,118,2,795,6,2,11,21,"0,285714286",5,0,0,0,0,0,0,0
43,1,2,0,79908,2365,30,557,129,761,29,185,111,1,1772,5,6,7,19,"0,263157895",2,0,0,0,0,1,0,0
45,2,2,0,15315,2245,27,7,4,13,15,8,17,2,64,2,0,4,8,"0,25",5,0,0,0,0,0,0,0
56,1,1,1,87771,2318,61,1492,38,287,50,57,33,1,1957,5,10,4,20,"0,25",6,1,1,0,1,1,0,1
47,1,2,1,33039,2208,4,30,8,12,8,8,12,1,78,2,0,4,7,"0,285714286",5,0,0,0,0,0,0,0
45,1,0,0,81741,2293,75,249,153,940,58,134,38,0,1572,6,6,7,19,"0,315789474",2,0,0,0,0,0,0,0
44,3,1,1,71499,2284,12,465,25,132,136,0,37,2,795,8,3,13,26,"0,307692308",4,0,0,0,0,0,0,0
45,2,2,1,62466,2080,13,129,129,259,168,121,83,5,889,6,3,12,26,"0,230769231",4,0,0,0,0,0,0,0
52,4,3,1,48799,2151,9,174,18,81,28,6,24,3,331,3,2,7,15,"0,2",3,0,0,0,0,0,0,0
60,4,1,1,52157,1937,48,189,2,29,3,2,40,2,265,3,2,5,12,"0,25",4,0,0,0,0,0,0,0
53,1,0,1,66565,2486,80,747,10,161,65,40,42,4,1065,4,2,9,19,"0,210526316",8,0,0,0,0,0,0,0
59,3,1,2,29298,2210,60,6,0,2,2,0,1,1,11,1,0,2,4,"0,25",5,0,0,0,0,0,0,0
46,1,0,1,47691,2274,43,14,0,3,0,0,4,1,21,1,0,2,4,"0,25",6,0,0,0,0,0,0,0
45,1,1,2,38200,2484,19,12,0,4,0,0,1,1,17,1,0,2,4,"0,25",7,0,0,0,0,0,0,0
41,1,2,1,44989,2570,26,98,0,106,49,10,106,5,369,5,1,5,16,"0,3125",6,0,0,0,0,0,0,0
47,4,2,2,38443,2068,58,32,0,5,0,0,1,2,38,1,0,3,6,"0,166666667",7,0,0,0,0,0,0,0
47,2,0,1,38593,2204,42,51,12,49,17,24,24,3,177,4,1,3,11,"0,363636364",8,0,0,0,0,0,0,0
45,4,1,1,64413,2247,27,200,5,44,0,10,20,1,279,5,1,5,12,"0,416666667",5,0,0,0,0,0,0,0
44,3,2,1,36959,2185,56,25,6,25,6,0,0,2,62,2,0,3,7,"0,285714286",8,0,0,0,0,0,0,0
48,4,2,1,61996,2429,27,1050,12,144,0,0,24,3,1230,6,4,8,21,"0,285714286",5,1,1,0,1,0,0,1
47,1,2,2,51287,2004,10,117,0,22,13,0,30,3,182,4,1,3,11,"0,363636364",7,0,0,0,0,0,0,0
45,1,2,2,13260,2225,48,9,4,17,10,2,7,4,49,3,0,3,10,"0,3",8,0,0,0,0,0,0,0
49,4,1,2,47472,2201,39,56,0,11,0,0,8,2,75,2,0,4,8,"0,25",5,0,0,0,0,0,0,0
59,3,1,2,54603,2270,85,145,13,46,17,2,4,6,227,4,2,4,16,"0,25",7,0,0,0,0,0,0,0
41,4,2,2,45207,2511,64,203,0,10,0,0,2,5,215,3,1,6,15,"0,2",6,0,0,0,1,0,0,0
59,1,1,1,40689,2383,69,270,3,27,39,6,99,7,444,7,1,5,20,"0,35",8,0,0,0,0,0,0,0
48,2,1,2,47821,2167,54,9,0,16,6,6,10,1,47,1,0,3,5,"0,2",8,0,0,0,0,0,0,0
59,3,2,0,27450,2355,57,37,12,23,8,11,52,1,143,2,1,3,7,"0,285714286",7,0,0,0,0,0,0,0
42,1,1,1,39453,2002,64,46,0,7,0,0,2,2,55,2,0,3,7,"0,285714286",6,0,0,0,0,0,0,0
44,2,1,2,26850,1987,10,31,1,13,7,2,9,4,63,2,1,4,11,"0,181818182",4,0,0,0,0,0,0,0
55,1,4,0,79800,2559,65,1060,21,530,32,0,224,1,1867,5,11,5,22,"0,227272727",3,1,0,1,0,1,0,1
54,3,2,1,61794,2203,74,264,47,188,54,47,11,2,611,4,4,10,20,"0,2",2,0,0,0,0,0,0,0
55,1,1,1,53863,1958,4,399,4,30,6,4,30,3,473,7,1,7,18,"0,388888889",7,0,0,0,1,0,0,0
56,1,1,0,24221,2228,94,8,9,9,2,5,22,1,55,1,1,3,6,"0,166666667",4,0,0,0,0,0,0,0
41,4,0,1,39684,2540,41,19,0,35,6,4,17,2,81,2,1,2,7,"0,285714286",7,0,0,0,0,0,1,1
40,3,2,0,92163,2479,25,817,183,797,106,163,20,0,2086,5,11,5,21,"0,238095238",2,1,0,0,0,1,0,1
50,3,0,0,69882,2146,94,292,127,635,132,127,165,1,1478,3,7,9,20,"0,15",1,0,0,0,0,0,0,0
48,1,1,1,33178,2065,9,12,6,2,11,2,16,1,49,1,0,3,5,"0,2",4,0,0,0,0,0,0,0
43,4,2,0,59973,2206,47,130,30,168,20,34,0,1,382,3,4,7,15,"0,2",1,0,0,0,0,0,0,0
40,3,1,1,17459,2198,12,6,4,16,3,10,30,3,69,3,1,2,9,"0,333333333",7,0,0,0,0,0,0,1
46,1,3,1,23910,2526,80,16,12,18,7,1,13,1,67,2,0,3,6,"0,333333333",7,0,0,0,0,0,0,0
46,3,2,2,42169,2168,20,19,0,9,0,0,2,2,30,1,0,3,6,"0,166666667",8,0,0,0,0,0,0,0
47,2,2,1,26224,2305,39,4,7,15,13,9,15,3,63,2,1,3,9,"0,222222222",6,0,0,0,0,0,0,0
44,1,1,1,31089,2596,57,31,3,31,2,8,4,3,79,3,0,4,10,"0,3",8,0,0,0,0,0,0,0
54,1,0,1,30081,2408,27,36,0,2,0,0,4,1,42,1,0,3,5,"0,2",7,0,0,0,0,0,0,0
55,1,1,1,62807,2582,83,526,28,135,10,21,99,3,819,5,3,12,23,"0,217391304",5,0,0,0,0,0,0,0
55,1,0,0,72906,2200,79,400,32,519,71,75,54,1,1151,3,4,9,17,"0,176470588",1,0,0,0,0,0,0,0
62,4,2,2,61467,2482,69,410,16,114,0,5,49,3,594,5,2,10,20,"0,25",5,0,0,0,0,0,0,0
49,3,1,2,49618,2434,77,80,3,26,4,2,14,4,129,3,1,3,11,"0,272727273",7,0,0,0,0,0,0,0
39,3,0,1,21888,2462,15,88,10,46,2,3,64,4,213,5,1,2,12,"0,416666667",10,0,0,0,0,0,0,1
42,1,4,1,42429,2053,99,55,0,6,2,0,4,2,67,1,1,3,7,"0,142857143",5,0,0,0,0,0,0,0
59,1,3,3,26150,2390,61,5,1,13,3,5,1,1,28,1,0,3,5,"0,2",7,0,0,0,0,0,0,0
40,0,2,1,30801,2526,23,8,4,5,15,2,11,2,45,1,0,3,6,"0,166666667",7,0,0,0,0,0,0,0
50,1,2,0,81168,1968,84,410,0,592,147,22,22,1,1193,6,4,7,18,"0,333333333",3,1,0,0,0,0,0,0
46,3,0,0,26877,2229,74,101,13,76,20,18,40,2,268,3,1,6,12,"0,25",6,0,0,0,0,0,0,0
66,3,4,0,45006,2261,90,162,25,53,16,0,10,1,266,3,1,7,12,"0,25",3,0,0,0,0,0,0,0
42,0,2,1,18978,2480,41,2,8,1,4,7,15,1,37,1,0,3,5,"0,2",8,0,0,0,0,0,0,0
48,1,2,3,22574,2159,28,25,0,8,2,0,2,2,37,2,0,3,7,"0,285714286",7,0,0,0,0,0,0,0
46,4,0,0,48240,2512,73,389,91,248,64,49,41,3,882,6,3,13,25,"0,24",5,0,0,0,0,0,0,1
41,1,2,2,45837,2253,88,215,13,87,17,17,24,5,373,6,2,5,18,"0,333333333",7,0,0,0,0,0,0,0
50,3,0,3,35791,2334,94,27,0,5,0,0,3,2,35,1,0,3,6,"0,166666667",8,0,0,0,0,0,0,0
49,4,1,2,162397,2306,31,85,1,16,2,1,2,0,107,0,0,1,1,0,1,0,0,0,0,0,0,0
47,1,4,2,54162,2383,31,5,6,10,6,5,10,1,42,1,0,3,5,"0,2",4,0,0,0,0,0,0,0
55,3,2,1,30522,2596,6,179,8,83,19,11,26,5,326,1,2,9,17,"0,058823529",2,0,0,0,0,0,0,0
54,4,2,1,54456,2268,23,352,0,27,10,0,15,3,404,6,1,7,17,"0,352941176",6,0,0,0,0,0,0,0
44,1,0,0,31632,2265,92,17,8,12,11,15,32,1,95,2,1,2,6,"0,333333333",7,0,0,0,0,0,0,0
61,1,4,0,72298,2026,52,625,35,169,58,17,35,1,939,4,3,6,14,"0,285714286",1,0,0,0,1,1,0,0
47,2,0,1,36975,2098,50,10,6,11,0,4,2,1,33,1,0,3,5,"0,2",7,0,0,0,0,0,0,0
55,2,2,0,72635,2306,54,390,22,323,104,35,107,1,981,6,8,6,21,"0,285714286",3,1,0,0,0,0,0,0
49,1,2,1,13624,2440,93,10,2,15,2,1,6,2,36,2,0,3,7,"0,285714286",6,0,0,0,0,0,0,0
40,1,0,1,84196,2306,56,215,63,507,231,31,190,1,1237,8,4,7,20,"0,4",3,0,0,0,0,0,0,0
55,1,1,1,70971,2561,28,1001,17,572,93,125,17,7,1825,11,11,5,34,"0,323529412",7,0,0,0,0,0,0,1
48,4,3,2,34487,2576,94,19,18,33,24,1,8,3,103,3,0,3,9,"0,333333333",9,0,0,0,0,0,0,0
48,1,0,1,28769,2473,76,41,5,129,10,3,3,3,191,4,1,4,12,"0,333333333",9,0,0,0,0,0,0,0
45,4,2,1,69084,2137,43,1181,107,199,39,30,30,2,1586,7,3,13,25,"0,28",8,0,0,0,0,0,0,0
57,4,1,0,65488,1931,46,603,45,207,36,18,54,1,963,3,4,6,14,"0,214285714",1,0,0,0,0,0,0,0
45,2,2,1,62466,2080,13,129,129,259,168,121,83,5,889,6,3,12,26,"0,230769231",4,0,0,0,0,0,0,0
55,2,0,0,32218,2049,27,10,24,15,13,1,30,1,93,2,1,3,7,"0,285714286",7,0,0,1,0,0,0,1
42,1,0,0,83917,2352,12,514,22,732,42,198,79,1,1587,6,7,7,21,"0,285714286",3,0,0,0,0,0,0,1
53,1,3,3,46102,2026,3,14,0,1,0,0,1,1,16,1,0,2,4,"0,25",7,0,0,0,0,0,0,0
58,1,0,0,84574,2305,72,387,20,713,38,54,163,1,1375,9,11,11,32,"0,28125",5,0,0,0,0,0,0,0
53,1,2,1,56181,2452,6,121,103,69,8,44,48,1,393,4,2,7,14,"0,285714286",4,0,0,0,0,0,0,0
60,3,3,1,63120,2554,53,965,69,279,54,41,69,5,1477,8,4,9,26,"0,307692308",7,0,0,0,0,0,0,1
44,1,2,1,73691,2150,58,707,21,250,85,43,73,2,1179,6,2,8,18,"0,333333333",2,0,0,1,0,0,0,0
55,1,1,1,63381,2547,78,571,50,142,33,50,159,4,1005,4,5,13,26,"0,153846154",2,0,0,0,0,0,0,0
62,4,1,0,76140,1962,57,586,66,653,17,0,26,1,1348,5,9,6,21,"0,238095238",2,0,0,0,0,0,0,0
56,4,3,1,62859,2461,37,1063,89,102,16,12,25,4,1307,9,4,6,23,"0,391304348",6,0,0,0,0,0,0,0
51,1,0,1,45906,2333,20,305,3,27,4,3,144,2,486,5,4,4,15,"0,333333333",5,0,0,1,0,0,0,0
63,3,1,0,77632,2391,73,1200,105,758,0,42,147,1,2252,4,2,6,13,"0,307692308",2,0,0,0,1,1,0,1
44,4,2,2,46463,2230,56,163,2,40,8,11,11,7,235,3,1,6,17,"0,176470588",6,0,0,0,0,0,0,0
45,1,1,0,105471,2439,36,1009,181,104,202,21,207,0,1724,9,8,13,30,"0,3",3,1,0,0,0,1,0,1
45,3,3,1,55282,2113,9,125,6,73,8,4,19,1,235,3,1,6,11,"0,272727273",4,0,0,0,0,0,0,0
48,3,2,1,78710,1952,42,721,0,152,119,50,50,3,1092,7,6,12,28,"0,25",4,0,0,0,0,0,0,0
57,1,1,1,66886,2201,28,315,4,62,41,31,146,2,599,7,1,7,17,"0,411764706",5,0,0,0,0,0,0,0
55,3,0,0,98777,2047,23,1000,19,711,125,115,38,0,2008,4,6,9,19,"0,210526316",1,0,0,0,1,0,0,0
40,1,1,1,29103,2586,38,16,0,17,6,3,6,2,48,1,0,3,6,"0,166666667",9,0,0,0,0,0,0,0
41,1,2,1,67445,2601,63,757,80,217,29,80,11,5,1174,9,6,12,32,"0,28125",6,0,0,0,0,0,0,0
60,4,1,1,50616,1992,71,30,2,25,0,1,9,1,67,1,1,4,7,"0,142857143",2,0,0,0,0,0,0,0
55,1,3,1,49431,2610,9,219,3,100,26,0,17,2,365,7,1,5,15,"0,466666667",8,0,0,0,0,0,0,0
40,1,3,0,153924,2057,81,1,1,1,1,1,1,0,6,0,0,0,0,0,0,0,0,0,0,0,0,0
57,1,1,1,61278,2091,87,111,3,28,2,6,15,2,165,3,1,4,10,"0,3",6,0,0,0,0,0,0,0
57,2,1,0,26490,2560,92,45,47,52,21,20,25,2,210,3,1,5,11,"0,272727273",6,0,0,0,0,0,0,0
63,4,1,1,73059,2217,36,410,112,420,0,82,71,1,1095,9,3,13,26,"0,346153846",4,0,0,0,0,0,0,0
49,4,0,3,46734,2166,86,100,1,39,6,1,76,4,223,3,2,3,12,"0,25",6,0,0,1,0,0,0,0
52,1,1,1,56253,2484,83,509,0,65,7,11,5,4,597,7,2,9,22,"0,318181818",6,0,0,0,0,0,0,0
40,1,2,1,19986,2142,74,3,6,5,0,2,6,1,22,0,0,3,4,0,7,0,0,0,0,0,0,0
40,1,4,1,58330,2101,87,445,53,213,104,98,151,1,1064,6,4,13,24,"0,25",4,0,0,0,0,0,0,0
45,0,2,0,25965,2575,29,2,2,11,41,7,11,1,74,2,0,3,6,"0,333333333",8,0,0,0,0,0,0,0
59,3,1,0,14661,2459,88,4,1,11,6,2,2,1,26,1,0,3,5,"0,2",6,0,0,0,0,0,0,0
56,1,2,0,18690,2463,77,6,1,7,23,4,19,1,60,1,1,2,5,"0,2",8,0,0,0,0,0,0,0
41,4,1,1,45068,2324,25,14,0,3,0,0,3,1,20,1,0,2,4,"0,25",7,0,0,0,0,0,0,0
38,0,0,1,21063,2192,34,1,10,11,19,3,15,2,59,2,0,3,7,"0,285714286",6,0,0,0,0,0,0,0
47,4,2,1,29187,2331,43,26,0,6,0,0,2,1,34,1,0,3,5,"0,2",8,0,0,0,0,0,0,0
44,2,2,2,54690,2149,76,111,16,37,7,9,18,3,198,3,1,5,12,"0,25",3,0,0,0,0,0,0,0
51,4,2,1,59304,2250,81,418,61,428,80,51,10,3,1048,7,8,10,28,"0,25",5,0,0,0,0,0,0,0
53,3,0,2,59247,2148,87,327,9,122,19,14,83,5,574,5,2,9,21,"0,238095238",6,0,0,0,0,0,0,0
45,1,4,1,66731,2570,33,371,159,194,58,106,141,4,1029,4,3,6,17,"0,235294118",3,0,0,0,0,0,0,0
45,1,2,1,77353,2110,38,275,59,107,69,101,59,2,670,6,4,8,20,"0,3",4,0,0,0,0,0,0,0
40,4,0,1,52614,2490,63,789,0,142,12,9,38,2,990,2,4,8,16,"0,125",8,0,0,0,0,0,0,0
41,1,2,2,26751,1953,26,1,1,5,0,3,1,1,11,1,0,2,4,"0,25",8,0,0,0,0,0,0,0
52,4,2,1,81300,2522,17,1004,12,145,32,12,36,3,1241,10,3,5,21,"0,476190476",5,1,0,0,0,0,0,1
46,1,0,0,70337,2093,75,187,81,149,25,43,91,1,576,2,2,12,17,"0,117647059",1,0,0,0,0,0,0,0
40,2,2,1,36145,2293,13,56,4,76,17,1,18,4,172,4,1,3,12,"0,333333333",9,0,0,1,0,0,0,1
45,4,0,0,65295,2103,19,365,32,117,34,110,6,1,664,3,3,13,20,"0,15",2,0,0,0,0,0,0,0
52,1,3,1,68118,2169,51,595,23,123,10,23,154,2,928,8,9,4,23,"0,347826087",6,0,0,0,0,0,0,0
48,1,3,0,68743,2583,81,1132,134,384,175,134,115,1,2074,11,5,13,30,"0,366666667",7,0,0,0,0,0,0,0
43,2,1,0,41039,2254,32,34,11,137,179,61,45,1,467,8,1,5,15,"0,533333333",8,0,0,0,0,0,0,0
55,1,1,1,38946,2163,84,116,6,82,6,6,41,2,257,3,1,6,12,"0,25",5,0,0,0,0,0,0,0
48,1,1,0,65777,2107,87,565,32,435,28,32,54,1,1146,2,8,6,17,"0,117647059",1,0,0,0,0,0,0,0
49,4,3,1,66476,2394,99,372,18,126,47,48,78,2,689,5,2,11,20,"0,25",4,0,0,0,0,0,0,0
43,4,0,0,86857,2570,96,899,102,838,133,102,40,1,2114,5,6,10,22,"0,227272727",2,0,0,0,0,0,0,1
43,4,2,0,160803,2609,21,55,16,1622,17,3,4,15,1717,0,28,1,44,0,0,0,0,0,0,0,0,0
36,4,1,0,77845,1959,40,760,40,480,0,40,26,1,1346,3,5,12,21,"0,142857143",1,1,0,0,0,1,0,0
46,4,1,0,69476,2187,3,260,86,559,63,9,67,1,1044,4,6,4,15,"0,266666667",2,0,0,0,0,0,0,0
55,4,3,1,50611,2548,98,459,0,24,6,0,4,6,493,4,5,7,22,"0,181818182",6,0,0,0,1,0,0,1
45,1,0,0,61209,2223,73,466,0,224,119,49,99,1,957,5,3,4,13,"0,384615385",2,0,0,0,0,0,0,0
57,3,1,1,42315,2267,90,67,15,80,17,11,80,3,270,1,4,4,12,"0,083333333",3,0,0,0,0,0,0,0
58,0,1,0,13084,2154,29,2,0,7,3,7,10,1,29,1,0,3,5,"0,2",6,0,0,0,0,0,0,0
61,3,4,2,47570,2311,3,67,1,20,0,2,31,3,121,2,2,2,9,"0,222222222",7,0,0,0,0,0,0,1
54,3,2,2,61923,2253,94,92,4,18,3,3,6,1,126,2,1,4,8,"0,25",3,0,0,0,0,0,0,0
30,1,0,0,34824,2010,65,4,2,11,2,0,4,1,23,1,0,2,4,"0,25",6,0,0,0,0,0,0,0
61,4,0,2,26518,2362,33,20,1,28,3,3,2,3,57,2,0,3,8,"0,25",8,0,0,0,0,0,0,1
54,1,0,0,45938,2153,46,273,11,178,62,83,29,2,636,8,4,6,20,"0,4",6,0,0,0,0,0,0,0
55,1,1,0,78468,1996,29,434,22,388,104,22,34,1,1004,10,7,10,28,"0,357142857",4,1,0,0,0,0,0,0
42,1,3,1,78901,2200,99,321,11,309,33,26,34,3,734,9,3,5,20,"0,45",4,0,0,0,0,0,0,0
47,1,2,2,71427,2024,26,212,123,177,15,64,23,2,614,8,2,8,20,"0,4",4,0,0,0,0,0,0,0
47,1,3,1,71022,2053,30,909,12,278,0,12,242,3,1453,5,2,11,21,"0,238095238",8,0,0,1,0,0,0,0
37,3,0,0,90247,1976,27,1184,32,352,21,16,16,1,1621,3,4,7,15,"0,2",1,1,0,0,1,1,0,1
47,3,3,1,41335,2100,24,112,19,21,16,14,5,3,187,4,1,4,12,"0,333333333",7,0,0,0,0,0,0,0
39,1,2,1,71952,2450,93,656,80,455,52,107,93,2,1443,8,4,8,22,"0,363636364",4,0,0,1,0,1,0,0
45,4,3,1,35682,1917,34,23,0,8,6,2,18,1,57,1,1,3,6,"0,166666667",2,0,0,0,0,0,0,0
59,1,3,1,43185,2360,88,537,6,42,16,6,30,2,637,9,3,6,20,"0,45",8,0,0,0,0,0,0,0
62,4,1,1,66375,2135,96,712,0,45,0,0,191,3,948,2,4,5,14,"0,142857143",7,0,0,1,0,0,0,0
44,3,2,1,35178,2450,10,23,1,13,2,2,18,1,59,1,1,2,5,"0,2",7,0,0,1,0,0,0,1
39,1,2,1,25252,2267,26,1,3,4,2,2,6,1,18,1,0,2,4,"0,25",8,0,0,0,0,0,0,0
50,3,0,1,55250,2531,49,664,58,83,32,0,66,4,903,7,5,10,26,"0,269230769",5,0,0,0,0,0,0,0
40,1,0,1,33249,2409,11,6,10,21,19,14,42,2,112,2,1,3,8,"0,25",6,0,0,0,0,0,0,0
57,1,1,0,58398,2326,44,299,5,201,21,21,49,3,596,5,4,8,20,"0,25",4,0,0,0,0,0,0,0
43,1,1,1,50272,2241,75,99,13,66,43,8,4,3,233,4,1,5,13,"0,307692308",7,0,0,0,0,0,0,0
40,4,2,0,76618,2484,64,749,40,294,121,160,147,1,1511,3,2,5,11,"0,272727273",1,0,0,0,0,0,0,0
55,2,3,0,87305,2559,19,345,25,501,63,138,80,1,1152,5,3,8,17,"0,294117647",2,0,0,0,0,1,0,1
47,1,1,1,25851,2418,45,9,4,18,7,5,5,2,48,2,0,3,7,"0,285714286",7,0,0,0,0,0,0,0
45,1,3,1,58710,2370,77,440,81,368,0,122,174,6,1185,11,5,9,31,"0,35483871",6,0,0,0,0,0,0,0
57,1,0,2,45160,2007,9,8,2,5,3,0,3,1,21,1,0,2,4,"0,25",7,0,0,0,0,0,0,0
50,3,2,1,74806,2472,1,670,9,249,0,28,9,2,965,5,4,5,16,"0,3125",4,0,0,0,0,0,0,0
56,1,2,0,59111,2338,90,524,0,134,28,28,155,1,869,11,1,8,21,"0,523809524",7,0,0,0,0,0,0,0
41,4,2,1,18988,1952,43,6,0,6,2,1,1,2,16,1,0,3,6,"0,166666667",7,0,0,0,0,0,0,0
50,1,2,0,72190,2416,79,597,166,597,172,166,249,1,1947,5,6,4,16,"0,3125",3,0,0,0,0,0,0,0
49,1,2,1,7500,2612,19,7,0,12,13,7,32,5,71,4,1,2,12,"0,333333333",9,0,0,1,0,0,0,1
49,1,2,1,44794,1936,99,54,0,7,0,0,4,1,65,2,0,3,6,"0,333333333",6,0,0,0,0,0,0,0
55,1,2,0,80395,2133,62,445,25,706,80,76,48,1,1380,6,5,12,24,"0,25",2,1,0,0,0,0,0,0
49,3,3,0,75012,2070,41,294,142,218,164,58,151,1,1027,3,8,11,23,"0,130434783",1,0,0,0,0,0,0,0
50,3,2,3,56962,2176,60,292,3,77,10,3,26,7,411,6,3,5,21,"0,285714286",7,0,0,0,0,0,0,0
34,1,1,0,89891,2355,17,412,22,132,59,28,183,1,836,11,6,8,26,"0,423076923",4,0,0,0,0,1,0,0
61,4,3,2,35946,2190,24,8,0,3,0,0,0,1,11,0,0,3,4,0,5,0,0,0,0,0,0,0
57,4,1,2,53593,2606,60,349,4,78,6,0,43,8,480,7,2,6,23,"0,304347826",8,0,0,0,0,0,0,0
47,1,2,2,66373,2297,57,328,9,124,12,24,109,7,606,4,2,10,23,"0,173913043",3,0,0,0,0,0,0,0
62,4,3,3,45072,2171,74,144,2,99,7,2,30,5,284,6,1,4,16,"0,375",8,0,0,0,0,0,0,0
42,1,3,2,89694,2178,22,1126,28,211,37,28,42,3,1472,4,3,4,14,"0,285714286",5,1,0,0,1,1,0,0
61,1,2,0,72025,1976,46,967,0,617,43,50,0,1,1677,4,8,13,26,"0,153846154",2,1,0,0,1,1,0,1
42,1,2,1,67432,2372,69,432,79,341,177,136,170,2,1335,8,5,4,19,"0,421052632",4,0,0,0,0,0,0,0
58,3,1,1,70545,1941,29,138,39,63,55,18,21,1,334,4,1,7,13,"0,307692308",2,0,0,0,0,0,0,0
36,0,2,1,17487,2383,37,0,0,1,7,4,6,1,18,1,0,2,4,"0,25",7,0,0,0,0,0,0,0
46,1,1,1,62882,2604,26,509,133,497,78,24,97,2,1338,7,5,6,20,"0,35",4,0,0,0,0,0,0,0
57,4,0,1,64108,2378,8,948,10,86,13,21,21,4,1099,6,9,11,30,"0,2",5,0,0,0,0,0,0,0
59,3,1,2,34941,2395,26,39,2,25,4,3,24,2,97,3,0,3,8,"0,375",8,0,0,0,0,0,0,0
60,4,0,3,48767,2094,79,28,1,21,3,0,10,3,63,2,1,3,9,"0,222222222",5,0,0,0,0,0,0,0
47,2,1,1,38702,2247,71,13,11,24,13,8,40,2,109,3,0,4,9,"0,333333333",6,0,0,0,0,0,0,0
51,1,2,0,82224,2070,83,307,26,360,138,31,40,1,902,6,9,5,21,"0,285714286",3,1,0,0,0,0,0,0
58,1,1,0,83844,2328,57,901,31,345,75,31,191,1,1574,4,4,11,20,"0,2",1,0,0,0,0,1,0,0
40,2,2,1,17003,2117,37,2,5,12,4,8,7,3,38,2,0,4,9,"0,222222222",5,0,0,0,0,0,0,0
30,1,0,0,71163,2027,30,283,17,372,138,106,44,1,960,3,8,12,24,"0,125",1,0,0,0,0,0,0,0
45,1,0,1,33697,2202,34,4,3,7,0,3,11,1,28,1,0,2,4,"0,25",7,0,0,1,0,0,0,0
56,2,2,0,63564,2066,0,769,80,252,15,34,65,1,1215,10,10,7,28,"0,357142857",6,0,0,1,0,0,0,1
43,4,1,0,83443,2095,89,518,42,742,55,56,84,1,1497,6,10,5,22,"0,272727273",2,0,0,0,0,0,0,0
57,4,1,1,51518,2184,92,350,8,66,17,4,4,2,449,3,2,10,17,"0,176470588",3,0,0,0,0,0,0,0
40,1,4,1,58330,2101,87,445,53,213,104,98,151,1,1064,6,4,13,24,"0,25",4,0,0,0,0,0,0,0
46,1,2,0,80952,2401,20,778,178,689,41,27,44,1,1757,8,5,11,25,"0,32",8,1,0,0,1,1,0,1
46,1,1,0,75507,1973,56,709,93,374,104,80,80,1,1440,8,6,6,21,"0,380952381",3,0,0,0,0,0,0,0
47,2,1,0,63855,2420,28,359,35,314,93,116,89,1,1006,7,3,13,24,"0,291666667",4,0,0,0,0,0,0,0
43,4,1,1,62220,2602,55,799,12,375,16,12,12,5,1226,7,6,5,23,"0,304347826",6,0,0,0,0,0,0,1
51,1,2,1,58512,2198,25,895,10,101,13,0,152,5,1171,3,4,8,20,"0,15",8,0,0,0,0,0,0,0
46,3,2,1,40662,2386,0,40,2,23,0,4,23,2,92,2,1,3,8,"0,25",4,0,0,0,0,0,0,0
56,4,2,1,38829,1999,86,76,0,7,0,0,16,1,99,3,2,2,8,"0,375",5,0,0,0,0,0,0,0
44,2,2,1,35523,2184,8,11,5,22,12,5,11,2,66,3,0,3,8,"0,375",7,0,0,0,0,0,0,0
48,1,0,2,79146,1981,33,245,16,223,21,43,16,2,564,8,1,8,19,"0,421052632",6,0,0,0,0,0,0,0
37,3,2,0,78285,2159,13,647,107,391,175,67,40,1,1427,6,4,10,21,"0,285714286",3,0,0,0,0,0,0,0
47,4,0,1,31626,2330,12,39,1,9,2,1,34,1,86,2,1,2,6,"0,333333333",7,0,0,1,0,0,0,1
58,1,0,0,75127,1953,92,203,35,305,46,17,227,1,833,2,11,5,19,"0,105263158",1,0,0,0,0,0,0,0
55,1,2,1,48726,2343,90,138,3,38,4,0,59,3,242,3,2,4,12,"0,25",6,0,0,0,0,0,0,0
48,1,2,0,74985,2571,8,587,51,898,247,0,86,1,1869,3,6,7,17,"0,176470588",2,0,0,0,0,0,0,0
38,1,1,0,67430,2577,6,595,97,291,127,133,121,1,1364,11,5,12,29,"0,379310345",6,0,0,0,0,0,0,0
50,2,2,1,46891,2216,91,43,12,23,29,15,61,1,183,2,1,4,8,"0,25",4,0,0,0,0,0,0,0
59,3,2,1,62058,2314,52,301,7,74,10,0,58,4,450,6,1,7,18,"0,333333333",6,0,0,0,0,0,0,0
46,1,2,1,72063,2276,3,180,32,348,76,32,90,2,758,5,2,12,21,"0,238095238",2,0,0,0,0,0,0,0
59,4,2,0,78939,2114,57,794,115,243,150,0,205,1,1507,8,5,6,20,"0,4",3,0,0,0,0,0,0,0
50,1,0,2,42720,2346,9,392,5,91,28,26,112,8,654,7,3,7,25,"0,28",8,0,0,0,0,0,0,1
43,1,2,2,33622,2357,22,39,1,22,3,4,12,3,81,2,0,4,9,"0,222222222",7,0,0,0,0,0,0,0
58,4,1,1,6835,2483,76,107,2,12,2,2,12,0,137,0,0,1,1,0,20,0,0,0,0,0,0,0
57,1,1,2,41452,2395,86,13,0,3,0,0,0,1,16,1,0,2,4,"0,25",7,0,0,0,0,0,0,0
50,4,0,1,40760,2218,64,70,0,17,0,0,6,2,93,2,1,3,8,"0,25",6,0,0,0,0,0,0,0
57,4,1,0,74250,2069,90,680,11,392,75,0,0,1,1158,2,11,4,18,"0,111111111",1,0,0,0,0,0,0,0
55,3,0,2,51124,2108,79,26,1,11,0,1,4,2,43,1,0,3,6,"0,166666667",3,0,0,0,0,0,0,0
44,1,0,1,72258,2205,28,522,0,522,227,120,134,2,1525,6,9,5,22,"0,272727273",2,0,0,0,0,0,0,0
41,4,0,0,71466,2000,86,412,12,546,78,182,0,1,1230,4,4,10,19,"0,210526316",1,0,0,0,0,0,0,0
49,1,1,2,36283,1991,42,6,5,5,8,0,5,2,29,1,0,3,6,"0,166666667",4,0,0,0,0,0,0,0
45,1,0,1,20587,1964,39,2,3,6,4,1,9,1,25,1,1,2,5,"0,2",7,0,0,0,0,0,0,0
43,1,2,1,30467,2017,8,1,3,8,2,5,5,1,24,1,0,2,4,"0,25",7,0,0,0,0,0,0,0
43,1,1,1,31590,2291,40,6,2,15,6,6,3,1,38,1,0,3,5,"0,2",8,0,0,0,0,0,0,0
39,0,2,1,20425,2523,5,4,12,5,3,16,17,2,57,2,0,3,7,"0,285714286",7,0,0,0,0,0,0,0
55,3,1,2,17144,2049,96,18,2,19,0,2,6,5,47,3,0,4,12,"0,25",7,0,0,0,0,0,0,0
47,4,3,1,42564,2458,28,324,48,186,39,18,198,6,813,6,8,4,24,"0,25",7,0,0,1,0,0,0,1
47,3,2,1,43783,1946,22,327,9,125,25,4,139,6,629,7,1,8,22,"0,318181818",7,0,0,1,0,0,0,0
49,1,3,1,40780,2574,30,229,27,71,13,3,34,4,377,7,1,5,17,"0,411764706",9,0,0,0,0,0,0,0
65,3,1,0,62847,2445,45,521,168,706,80,76,61,1,1612,3,6,4,14,"0,214285714",2,0,0,0,0,0,0,0
58,4,2,0,82017,2514,58,184,23,446,30,23,23,1,729,5,4,7,17,"0,294117647",2,1,0,0,1,1,0,1
60,1,0,0,16813,2260,49,4,8,11,12,2,13,1,50,2,0,3,6,"0,333333333",7,0,0,1,0,0,0,0
47,1,2,2,51267,2158,37,183,2,64,7,2,12,4,270,3,3,5,15,"0,2",4,0,0,0,0,0,0,0
54,1,0,1,46524,2365,70,31,19,35,26,14,52,2,177,1,1,5,9,"0,111111111",3,0,0,0,0,0,0,0
53,3,0,0,45183,2440,33,219,3,60,12,9,12,1,315,4,1,7,13,"0,307692308",7,0,0,0,1,0,0,0
56,4,2,1,70421,1916,98,479,28,136,75,14,35,3,767,10,3,7,23,"0,434782609",6,0,0,0,0,0,0,0
50,2,3,1,60161,2529,17,584,44,212,46,8,177,3,1071,11,4,8,26,"0,423076923",8,0,0,0,0,0,0,0
42,1,1,0,73926,2399,54,627,91,597,159,91,15,1,1580,6,5,12,24,"0,25",3,0,0,0,0,0,0,0
47,1,2,1,19329,2112,39,24,1,16,12,2,5,3,60,4,0,3,10,"0,4",8,0,0,0,0,0,0,0
45,3,2,1,61872,2113,81,330,5,159,36,27,16,4,573,4,4,9,21,"0,19047619",4,0,0,0,0,0,0,0
59,1,4,2,46984,2375,71,19,1,10,2,1,8,1,41,1,0,3,5,"0,2",5,0,0,0,0,0,0,0
59,1,2,2,34838,2441,62,28,23,29,29,14,47,3,170,2,1,4,10,"0,2",6,0,0,0,0,0,0,0
66,4,0,0,82716,2151,8,606,148,228,15,148,22,1,1167,6,8,13,28,"0,214285714",2,0,0,0,0,0,0,0
57,1,2,0,48192,2364,76,1039,43,204,153,58,29,3,1526,2,8,12,25,"0,08",8,1,1,0,1,0,0,1
49,3,2,2,49681,2152,66,411,0,26,0,0,21,6,458,7,1,7,21,"0,333333333",7,0,0,0,0,0,0,0
44,3,2,1,56850,2013,83,34,1,19,2,7,0,1,63,1,1,3,6,"0,166666667",2,0,0,0,0,0,0,0
58,1,2,1,55267,2166,28,161,28,136,32,3,45,4,405,3,4,6,17,"0,176470588",3,0,0,0,0,0,0,0
43,1,2,2,59666,2379,87,623,53,178,23,17,133,7,1027,3,2,8,20,"0,15",8,0,0,0,1,0,0,0
43,1,0,1,72504,2364,43,604,26,470,123,161,94,2,1478,5,9,6,22,"0,227272727",2,0,0,0,0,0,0,0
44,1,2,0,26872,2171,0,3,10,8,3,16,32,1,72,1,1,2,5,"0,2",6,0,0,0,0,0,0,0
43,1,0,1,21359,2350,1,12,2,17,6,1,10,2,48,2,0,3,7,"0,285714286",8,0,0,0,0,0,0,1
40,1,0,0,73170,1944,1,184,174,256,50,30,32,1,726,5,4,6,16,"0,3125",2,0,0,0,0,0,0,0
55,3,2,1,52750,2425,72,393,0,239,90,69,69,6,860,5,7,9,27,"0,185185185",4,0,0,0,0,0,0,0
39,4,1,0,91820,2133,72,410,73,747,76,161,30,0,1497,5,5,12,22,"0,227272727",1,0,0,0,0,0,0,0
45,4,1,1,65968,1963,12,376,9,83,19,4,4,2,495,5,4,7,18,"0,277777778",3,0,0,0,0,0,0,0
49,1,2,2,30772,2024,89,7,2,4,2,1,4,1,20,1,0,2,4,"0,25",6,0,0,0,0,0,0,0
56,1,0,0,22507,2497,67,68,0,226,51,157,68,3,570,10,2,4,19,"0,526315789",9,0,0,0,0,0,0,0
43,1,2,1,65685,2007,54,642,14,49,0,7,57,1,769,9,2,9,21,"0,428571429",5,0,0,0,0,0,0,0
47,2,2,1,25804,2216,34,8,7,9,13,6,12,2,55,2,0,3,7,"0,285714286",8,0,0,0,0,0,0,0
45,4,0,0,76412,2335,15,840,53,804,23,71,17,1,1808,5,4,8,18,"0,277777778",3,1,0,0,0,1,0,1
43,1,2,1,22063,2240,43,7,10,13,3,11,11,2,55,2,0,3,7,"0,285714286",7,0,0,0,0,0,0,0
54,1,0,0,57091,1929,0,464,5,64,7,0,37,1,577,7,3,7,18,"0,388888889",5,0,1,0,0,0,0,1
52,1,2,0,22419,2352,74,30,3,47,19,21,42,1,162,3,2,2,8,"0,375",8,0,0,0,0,0,0,0
56,1,1,1,87771,2318,61,1492,38,287,50,57,33,1,1957,5,10,4,20,"0,25",6,1,1,0,1,1,0,1
56,2,3,1,78353,2354,51,752,122,476,39,153,34,1,1576,10,2,11,24,"0,416666667",8,0,0,0,0,0,0,0
56,1,2,3,93404,2333,97,1279,15,287,20,0,15,3,1616,3,4,7,17,"0,176470588",5,0,0,0,1,1,0,0
53,1,3,3,37859,2448,75,22,1,8,2,1,2,2,36,1,0,3,6,"0,166666667",8,0,0,0,0,0,0,0
57,4,4,1,80995,2329,83,860,28,409,73,56,56,1,1482,8,9,4,22,"0,363636364",4,0,0,0,0,0,0,0
41,1,1,1,16529,2035,23,3,0,5,13,0,1,1,22,1,0,3,5,"0,2",6,0,0,0,0,0,0,0
49,4,3,2,55412,2134,65,10,5,28,11,1,8,1,63,2,0,3,6,"0,333333333",5,0,0,0,0,0,0,0
33,1,0,0,48789,2572,94,351,16,156,7,5,145,1,680,6,4,7,18,"0,333333333",6,0,0,0,0,0,0,0
48,4,1,2,56575,2335,42,421,5,90,0,16,10,3,542,7,3,7,20,"0,35",5,0,0,0,0,0,0,0
45,2,1,1,25130,2185,10,2,5,7,0,18,18,2,50,2,0,3,7,"0,285714286",7,0,0,0,0,0,0,0
48,1,2,2,35441,2415,94,25,1,9,2,1,1,2,39,1,0,3,6,"0,166666667",8,0,0,0,0,0,0,0
59,1,2,1,71391,2372,50,336,123,274,46,123,141,5,1043,6,5,12,28,"0,214285714",3,0,0,0,0,0,0,0
43,3,0,1,49494,2345,46,191,9,97,0,6,82,2,385,6,1,5,14,"0,428571429",7,0,0,0,0,0,0,0
45,1,3,0,81702,2559,98,563,50,774,28,31,187,1,1633,7,7,12,27,"0,259259259",3,0,0,0,0,0,0,0
45,2,0,1,45889,2277,42,31,0,6,0,1,8,1,46,1,0,3,5,"0,2",6,0,0,0,0,0,0,0
48,1,0,1,56628,2015,30,479,5,82,7,17,171,2,761,7,6,5,20,"0,35",5,0,0,1,0,0,0,0
60,1,1,2,34026,2243,11,18,6,15,12,8,17,3,76,2,1,3,9,"0,222222222",5,0,0,0,0,0,0,0
41,1,2,1,40049,2492,61,91,65,52,10,44,28,3,290,3,2,6,14,"0,214285714",5,0,0,0,0,0,0,0
37,1,0,1,34176,1963,12,5,7,24,19,14,20,4,89,3,0,4,11,"0,272727273",6,0,0,0,0,0,0,0
44,1,2,1,19419,2511,76,2,14,28,16,3,7,4,70,4,0,3,11,"0,363636364",9,0,0,0,0,0,0,0
55,2,2,0,82504,2252,2,362,50,431,134,35,54,1,1066,3,6,7,17,"0,176470588",1,0,0,0,0,0,0,0
45,1,1,0,81205,2082,43,724,74,929,97,55,130,1,2009,5,6,7,19,"0,263157895",2,0,1,1,0,1,0,1
34,2,0,0,61618,2553,27,605,91,399,0,45,205,2,1345,3,6,8,19,"0,157894737",3,0,0,0,0,0,0,0
59,3,0,1,55284,2467,60,547,7,140,0,7,63,3,764,7,5,8,23,"0,304347826",5,0,0,0,0,0,0,0
52,1,0,1,49980,2164,79,104,1,54,13,9,14,2,195,3,1,5,11,"0,272727273",5,0,0,0,0,0,0,0
45,1,2,2,15072,2330,96,8,2,15,0,10,18,4,53,3,1,3,11,"0,272727273",5,0,0,0,0,0,0,0
41,1,0,1,49166,2296,17,224,2,25,7,0,110,2,368,5,3,3,13,"0,384615385",6,0,0,0,0,0,0,0
56,4,2,1,65324,2084,0,384,0,102,21,32,5,3,544,6,2,9,20,"0,3",4,0,0,0,0,0,0,0
58,2,2,0,82347,2515,38,556,54,845,202,133,63,1,1853,7,7,10,25,"0,28",3,1,0,1,0,0,0,0
49,4,1,2,30843,1949,43,24,0,2,0,0,9,2,35,1,1,2,6,"0,166666667",5,0,0,1,0,0,0,0
41,4,2,1,46374,2019,1,408,0,21,0,0,17,3,446,7,1,7,18,"0,388888889",8,1,0,0,1,0,0,1
46,1,0,1,60474,2369,25,265,199,303,234,9,170,7,1180,10,2,12,31,"0,322580645",7,0,0,0,0,0,0,0
42,3,2,1,38576,2032,2,34,0,7,0,0,0,1,41,1,0,3,5,"0,2",7,0,0,0,0,0,0,0
40,1,2,2,55357,2410,66,374,64,116,84,25,64,3,727,6,2,11,22,"0,272727273",5,0,0,0,0,0,0,0
49,1,1,2,37758,2548,49,27,2,10,0,0,1,2,40,1,0,3,6,"0,166666667",8,0,0,0,0,0,0,0
36,2,2,0,85710,2335,5,600,20,350,29,30,33,1,1062,6,9,10,26,"0,230769231",2,0,0,0,0,1,0,0
46,1,1,1,23228,2069,71,13,2,18,6,1,0,2,40,2,0,3,7,"0,285714286",8,0,0,0,0,0,0,0
46,3,1,2,44602,2049,35,167,2,89,0,0,34,6,292,6,1,4,17,"0,352941176",8,0,0,0,0,0,0,0
38,1,2,0,7500,2451,94,0,2,3,4,1,5,1,15,0,0,3,4,0,6,0,0,0,0,0,0,0
36,2,1,1,38683,2548,80,46,35,69,84,41,66,6,341,4,1,6,17,"0,235294118",7,0,0,0,0,0,0,0
40,2,0,1,49514,2109,61,88,39,78,58,13,93,2,369,6,1,4,13,"0,461538462",7,0,0,0,0,0,0,0
42,4,1,1,57906,2298,29,243,11,119,10,3,15,3,401,4,2,8,17,"0,235294118",4,0,0,0,0,0,0,0
49,3,0,1,43456,2375,0,275,11,68,25,7,7,3,393,5,1,8,17,"0,294117647",5,0,0,0,0,0,0,0
39,3,0,2,19485,2193,80,6,0,4,0,0,0,1,10,1,0,2,4,"0,25",7,0,0,0,0,0,0,0
47,1,1,1,53172,2334,54,121,62,90,68,20,125,3,486,2,3,8,16,"0,125",3,0,0,0,0,0,0,0
46,1,1,1,30545,2535,71,4,12,15,19,7,12,2,69,2,0,3,7,"0,285714286",7,0,0,0,0,0,0,0
42,4,1,0,70123,2189,27,1308,0,396,23,0,0,1,1727,5,7,4,17,"0,294117647",3,0,1,0,1,0,0,0
56,1,0,1,62450,2089,61,515,47,267,62,66,38,2,995,5,5,4,16,"0,3125",3,0,0,0,1,0,0,0
49,1,1,1,21675,1933,55,4,0,16,17,4,4,3,45,4,0,3,10,"0,4",7,0,0,0,0,0,0,0
44,2,0,2,42395,2001,35,48,13,57,24,15,25,4,182,3,1,4,12,"0,25",7,0,0,0,0,0,0,0
47,3,1,1,61346,2181,34,562,58,168,43,16,142,1,989,5,7,10,23,"0,217391304",3,0,0,0,0,0,0,0
57,1,1,0,80812,2200,95,769,22,500,210,143,33,1,1677,4,8,5,18,"0,222222222",2,1,0,1,0,1,0,0
44,3,3,2,42835,2279,64,379,4,93,12,9,98,7,595,6,6,4,23,"0,260869565",6,0,0,0,0,0,0,0
42,1,2,1,39922,2415,30,29,12,59,19,1,36,2,156,3,0,4,9,"0,333333333",8,0,0,0,0,0,0,0
59,3,0,0,86424,2000,12,387,68,569,89,45,68,1,1226,6,9,12,28,"0,214285714",1,0,0,0,0,0,0,0
47,2,1,1,17117,2443,96,12,23,38,30,18,7,4,128,3,1,3,11,"0,272727273",9,0,0,0,0,0,0,0
43,1,0,1,24762,2054,16,6,10,12,3,15,40,3,86,3,1,2,9,"0,333333333",8,0,0,1,0,0,0,1
40,1,2,1,35797,2536,16,27,1,14,4,1,21,2,68,2,0,3,7,"0,285714286",8,0,0,0,0,0,0,0
40,1,3,2,36627,2256,78,9,1,5,0,0,1,1,16,0,0,3,4,0,5,0,0,0,0,0,0,0
44,2,2,2,51111,1925,83,22,0,19,6,5,3,2,55,2,0,3,7,"0,285714286",6,0,0,0,0,0,0,0
43,4,0,0,86857,2570,96,899,102,838,133,102,40,1,2114,5,6,10,22,"0,227272727",2,0,0,0,0,0,0,1
45,4,1,0,82072,2277,67,889,55,685,168,92,129,1,2018,3,2,13,19,"0,157894737",1,0,0,0,0,0,0,0
57,4,0,3,46231,2495,87,189,2,55,0,5,12,4,263,6,1,4,15,"0,4",9,0,0,0,0,0,0,0
56,1,2,2,42243,2115,34,48,0,2,0,0,5,2,55,2,0,3,7,"0,285714286",7,0,0,0,0,0,0,0
53,1,1,2,51195,2369,46,230,14,156,82,24,58,8,564,9,2,5,24,"0,375",8,0,0,0,0,0,0,0
47,3,0,0,68092,2110,7,852,60,207,78,36,48,2,1281,2,6,10,20,"0,1",5,0,0,0,0,0,0,0
42,1,2,1,31814,2420,73,35,3,20,4,1,20,2,83,2,0,3,7,"0,285714286",9,0,0,1,0,0,0,0
50,3,4,2,51390,2574,54,205,20,47,23,2,56,6,353,5,2,5,18,"0,277777778",5,0,0,0,0,0,0,0
42,1,2,0,76630,2081,93,255,31,446,40,56,175,1,1003,3,10,11,25,"0,12",1,0,0,0,0,0,0,0
34,0,0,1,26868,1975,52,0,0,1,8,3,2,1,14,1,0,2,4,"0,25",7,0,0,0,0,0,0,0
67,4,3,0,48948,2428,53,437,8,206,160,49,42,2,902,7,10,5,24,"0,291666667",6,0,0,1,0,0,0,1
43,4,0,1,55260,2479,81,825,8,53,11,0,242,2,1139,8,10,5,25,"0,32",6,0,0,0,0,0,0,0
59,1,1,1,64090,2241,8,316,58,161,76,51,135,1,797,6,9,4,20,"0,3",5,0,0,0,0,0,0,1
57,1,3,1,78331,2072,97,756,138,354,160,169,61,2,1638,10,6,7,25,"0,4",4,0,0,0,0,0,0,0
41,4,2,1,37087,2237,50,194,55,134,15,0,3,3,401,4,2,8,17,"0,235294118",6,0,0,0,0,0,0,0
39,1,3,1,21846,2165,38,7,17,18,6,10,26,4,84,4,0,3,11,"0,363636364",8,0,0,0,0,0,0,0
57,1,2,0,81320,2423,61,183,33,493,59,103,57,1,928,4,3,10,18,"0,222222222",2,0,0,0,0,0,0,0
45,1,3,1,54137,2232,46,171,0,11,0,1,20,2,203,4,1,4,11,"0,363636364",6,0,0,0,0,0,0,0
48,1,1,0,66825,2265,73,243,101,405,29,40,40,1,858,4,5,6,16,"0,25",2,0,0,0,0,0,0,0
42,1,1,0,57100,2122,19,181,21,69,39,3,96,1,409,3,3,6,13,"0,230769231",3,0,0,0,0,0,0,0
46,1,1,3,58917,2377,10,151,7,89,0,7,28,5,282,4,1,6,16,"0,25",5,0,0,0,0,0,0,0
48,1,0,0,85072,1996,94,494,92,391,194,11,241,1,1423,3,4,10,18,"0,166666667",0,0,0,0,0,0,0,0
54,1,0,0,86429,2135,10,464,28,873,29,18,37,0,1449,7,4,7,18,"0,388888889",2,1,0,0,0,0,0,1
44,1,4,1,45684,2124,37,5,1,5,10,0,7,1,28,1,0,2,4,"0,25",7,0,0,0,0,0,0,0
41,1,1,1,47889,2091,94,29,0,29,0,5,4,1,67,2,0,3,6,"0,333333333",5,0,0,0,0,0,0,0
39,4,2,0,45921,2026,23,102,9,49,24,3,12,1,199,2,1,6,10,"0,2",4,0,0,0,0,0,0,0
49,4,0,0,78420,2280,75,604,28,674,91,28,28,1,1453,3,10,8,22,"0,136363636",1,0,0,0,0,0,0,0
33,1,1,0,75114,2149,40,571,12,523,63,60,24,1,1253,3,10,5,19,"0,157894737",2,0,0,0,0,0,0,0
52,4,4,1,52278,2435,24,953,0,71,0,0,174,6,1198,10,5,10,31,"0,322580645",8,0,0,0,0,0,0,1
43,3,2,1,35641,2265,11,63,3,67,8,9,28,2,178,3,1,4,10,"0,3",7,0,0,0,0,0,0,1
31,1,0,0,95529,2488,29,770,29,890,250,27,24,1,1990,7,3,7,18,"0,388888889",3,0,0,0,0,1,0,1
56,1,2,0,62820,2329,51,398,61,265,138,61,53,1,976,3,4,6,14,"0,214285714",1,0,0,0,0,0,0,0
55,3,1,0,73113,2100,86,741,19,154,50,9,28,1,1001,3,4,7,15,"0,2",2,0,0,0,0,0,0,0
43,4,2,0,84169,2241,9,1478,19,403,0,19,0,1,1919,7,6,6,20,"0,35",3,0,0,0,1,1,0,1
56,2,0,1,42607,2139,30,156,29,56,30,32,47,2,350,3,2,7,14,"0,214285714",3,0,0,0,0,0,0,0
56,4,0,0,74637,2322,73,960,64,464,146,0,16,1,1650,6,9,9,25,"0,24",3,1,0,0,0,0,0,0
55,4,1,2,46015,1992,25,38,0,2,0,0,6,1,46,1,0,3,5,"0,2",7,0,1,1,0,0,0,0
32,1,0,0,72354,2353,67,315,26,473,220,12,182,1,1228,2,10,6,19,"0,105263158",1,0,0,0,0,0,0,0
46,3,0,1,39858,2436,67,15,20,25,2,7,26,1,95,2,0,4,7,"0,285714286",6,0,0,0,0,0,0,1
62,4,2,2,34469,1971,58,19,6,20,0,5,12,3,62,1,1,4,9,"0,111111111",4,0,0,0,0,0,0,0
39,1,1,1,83033,1957,82,812,99,431,237,149,33,1,1761,11,4,10,26,"0,423076923",5,1,0,0,0,0,0,0
46,3,1,0,24401,2582,98,73,28,217,10,24,115,3,467,6,1,6,16,"0,375",8,0,0,0,0,0,0,0
47,1,2,0,77583,2054,93,372,23,384,250,12,108,1,1149,4,5,9,19,"0,210526316",2,1,0,0,0,0,0,0
43,2,0,0,74116,2096,53,871,111,704,145,55,166,1,2052,4,4,10,19,"0,210526316",2,0,0,0,1,0,0,0
32,1,0,0,74293,1971,66,375,152,335,93,91,81,1,1127,5,4,6,16,"0,3125",2,0,0,0,0,0,0,0
49,4,2,1,68397,2139,6,760,80,466,17,13,80,1,1416,6,9,5,21,"0,285714286",3,0,0,0,0,0,0,0
41,4,1,0,79632,1997,42,471,0,510,99,21,12,1,1113,6,4,9,20,"0,3",2,0,0,0,0,0,0,0
36,1,0,1,46107,2054,78,31,9,27,16,9,33,1,125,1,1,4,7,"0,142857143",3,0,0,0,0,0,0,0
59,4,0,1,64950,2601,29,819,0,72,12,0,63,2,966,11,2,10,25,"0,44",7,0,0,0,1,0,0,0
36,0,2,1,25443,2469,82,1,4,3,8,9,7,1,32,1,0,3,5,"0,2",8,0,0,0,0,0,0,0
58,1,0,0,75127,1953,92,203,35,305,46,17,227,1,833,2,11,5,19,"0,105263158",1,0,0,0,0,0,0,0
44,4,1,1,32892,1950,78,26,0,15,2,1,2,2,46,3,0,3,8,"0,375",8,0,0,0,0,0,0,0
44,1,1,0,71796,2163,54,354,21,311,167,75,32,1,960,9,3,4,17,"0,529411765",4,0,0,0,0,0,0,0
45,4,2,1,67536,2318,45,1253,0,447,23,71,35,3,1829,11,5,11,30,"0,366666667",8,1,0,0,0,0,0,0
44,1,0,1,55239,2265,59,371,17,238,23,24,106,3,779,7,5,11,26,"0,269230769",5,0,0,0,0,0,0,0
40,4,3,1,60554,2239,8,588,7,76,110,15,15,2,811,8,4,9,23,"0,347826087",6,0,0,0,0,0,0,0
58,2,0,2,64831,2299,51,480,86,249,75,86,144,8,1120,6,3,5,22,"0,272727273",6,0,0,0,0,0,0,0
53,4,1,1,56067,2259,51,517,12,54,16,6,120,2,725,7,4,7,20,"0,35",5,0,0,0,0,0,0,0
42,1,3,0,82025,2312,76,267,98,606,48,70,98,1,1187,3,2,6,12,"0,25",1,0,0,0,0,1,0,1
57,1,1,0,94384,2397,62,1111,24,790,160,45,172,0,2302,5,8,5,18,"0,277777778",2,1,0,0,1,1,0,1
39,0,0,0,14906,2469,86,7,7,14,7,16,15,3,66,2,1,3,9,"0,222222222",7,0,0,0,0,0,0,0
38,4,2,0,51563,2551,60,1166,0,48,0,0,36,1,1250,4,4,10,19,"0,210526316",8,0,0,0,1,1,0,0
43,2,2,1,57937,2048,56,261,42,144,55,48,133,3,683,4,4,9,20,"0,2",3,0,0,0,0,0,0,0
46,1,3,2,68274,2187,83,135,25,51,23,25,46,2,305,4,2,5,13,"0,307692308",3,0,0,0,0,0,0,0
48,1,1,1,39771,2120,92,6,2,18,2,8,14,1,50,2,0,3,6,"0,333333333",4,0,0,0,0,0,0,0
40,2,3,1,67893,2551,31,711,28,142,49,18,47,2,995,3,2,9,16,"0,1875",8,0,0,0,0,0,0,0
46,4,1,1,27922,1965,80,11,0,13,2,4,11,1,41,2,0,3,6,"0,333333333",4,0,0,0,0,0,0,0
49,4,1,2,52190,1967,39,42,0,17,0,0,18,3,77,2,1,3,9,"0,222222222",5,0,0,1,0,0,0,0
42,3,3,2,44051,2431,20,79,7,58,6,3,18,4,171,3,1,4,12,"0,25",6,0,0,0,0,0,0,1
44,4,0,2,42767,2329,53,20,6,43,19,5,38,1,131,3,1,2,7,"0,428571429",8,0,0,0,0,0,0,0
49,3,1,2,46106,1964,84,30,0,8,2,0,14,1,54,1,1,2,5,"0,2",6,0,0,0,0,0,0,0
49,4,2,2,16927,2419,50,20,2,23,3,1,4,5,53,3,0,4,12,"0,25",8,0,0,0,0,0,0,0
50,1,2,1,59754,2490,96,115,27,44,4,146,139,3,475,5,2,6,16,"0,3125",5,0,0,0,0,0,0,1
58,1,0,1,53700,2596,94,263,5,233,69,41,83,4,694,5,5,8,22,"0,227272727",5,0,0,0,0,0,0,0
42,1,2,2,59041,1968,25,69,2,15,2,2,6,2,96,2,0,4,8,"0,25",5,0,0,0,0,0,0,0
58,4,3,1,54237,2343,48,267,3,30,4,0,57,4,361,5,2,5,16,"0,3125",6,0,0,0,0,0,0,0
48,1,3,1,70647,2561,65,561,85,171,25,123,114,2,1079,4,7,13,26,"0,153846154",2,0,0,0,0,0,0,0
53,4,0,1,52597,1968,69,492,0,37,7,0,42,3,578,6,3,8,20,"0,3",5,0,0,0,0,0,0,0
46,3,1,1,41021,2461,12,14,7,9,6,16,12,2,64,2,0,3,7,"0,285714286",6,0,0,0,0,0,0,1
40,4,2,1,40233,2173,84,80,4,46,0,17,2,5,149,2,1,5,13,"0,153846154",6,0,0,0,0,0,0,0
45,1,2,2,50183,1919,47,97,12,84,13,10,15,7,231,3,1,6,17,"0,176470588",5,0,0,0,0,0,0,0
56,1,1,1,54753,2205,87,197,107,227,7,59,131,3,728,5,2,11,21,"0,238095238",4,0,0,0,0,0,0,0
42,1,2,0,92955,2229,35,693,21,925,31,24,84,1,1778,6,7,9,23,"0,260869565",2,1,0,0,0,1,0,1
42,1,2,1,33471,2540,47,43,2,27,0,9,12,3,93,3,0,4,10,"0,3",7,0,0,0,0,0,0,0
41,4,2,1,34596,2357,48,14,0,2,0,0,7,1,23,1,0,2,4,"0,25",8,0,0,0,0,0,0,1
45,1,1,1,44010,2539,46,186,36,234,86,72,48,6,662,10,2,6,24,"0,416666667",9,0,0,0,0,0,0,0
37,1,2,0,84219,2062,27,434,137,400,45,137,45,1,1198,3,4,10,18,"0,166666667",1,0,0,0,0,0,0,0
47,4,1,3,40706,2443,37,59,0,11,4,2,5,4,81,3,0,4,11,"0,272727273",7,0,0,0,0,0,0,0
37,2,2,1,15716,2509,8,16,5,30,8,7,26,3,92,3,0,4,10,"0,3",8,0,0,0,0,0,1,0
56,2,3,1,59052,2139,29,230,35,75,63,57,31,3,491,7,1,7,18,"0,388888889",5,0,0,0,0,0,0,0
44,3,1,0,80573,2538,85,829,138,430,60,92,15,1,1564,4,6,13,24,"0,166666667",2,0,0,0,0,0,0,0
53,1,2,0,83715,2061,2,318,8,407,150,35,8,1,926,2,8,13,24,"0,083333333",0,0,0,0,0,0,0,0
56,3,1,0,82576,2612,66,1206,55,445,168,18,18,1,1910,2,4,12,19,"0,105263158",1,0,0,0,0,1,0,0
50,3,2,3,56962,2176,60,292,3,77,10,3,26,7,411,6,3,5,21,"0,285714286",7,0,0,0,0,0,0,0
58,1,2,2,35704,2092,54,30,9,12,2,11,30,3,94,2,0,4,9,"0,222222222",4,0,0,0,0,0,0,0
56,1,1,1,53103,2205,70,729,17,133,11,0,195,5,1085,10,6,7,28,"0,357142857",7,0,0,1,0,0,0,0
55,2,4,2,46779,2267,55,12,1,3,0,0,7,1,23,0,1,2,4,0,4,0,0,0,0,0,0,0
50,1,3,0,4861,1922,20,2,1,1,1,0,1,0,6,0,0,0,0,0,14,0,0,0,0,0,0,0
46,3,3,1,33462,2241,78,22,3,18,0,0,11,1,54,2,0,3,6,"0,333333333",7,0,0,0,0,0,0,0
47,1,3,1,63693,2173,63,587,43,337,42,87,54,3,1150,11,6,9,29,"0,379310345",6,0,0,0,0,0,0,0
60,1,2,0,80763,2233,17,674,168,108,192,42,231,1,1415,5,11,6,23,"0,217391304",3,1,0,0,0,1,0,1
41,4,2,1,65352,2227,43,284,3,84,4,7,23,2,405,4,2,8,16,"0,25",4,0,0,0,0,0,0,0
47,4,2,0,82170,2131,13,1023,93,651,49,55,37,1,1908,5,6,7,19,"0,263157895",2,0,0,0,0,0,0,0
46,1,2,0,75759,2162,46,1394,22,708,89,91,182,1,2486,9,7,9,26,"0,346153846",5,1,0,1,0,1,0,1
49,2,0,0,79689,2328,65,311,26,640,180,37,121,1,1315,4,9,13,27,"0,148148148",2,0,0,0,0,0,0,0
59,4,4,2,35340,1915,1,27,0,12,0,1,5,2,45,2,0,3,7,"0,285714286",5,0,0,0,0,0,0,0
56,1,3,0,85683,2015,6,1296,17,311,45,69,51,1,1789,2,4,10,17,"0,117647059",1,1,1,0,1,1,0,1
43,2,2,1,24884,2492,32,3,6,7,0,0,3,1,19,0,0,3,4,0,7,0,0,0,0,0,0,0
44,3,1,1,42021,2582,34,393,5,136,7,5,27,5,573,10,1,6,22,"0,454545455",9,0,0,1,0,0,0,0
36,1,0,1,64449,2046,70,218,63,282,137,35,70,4,805,5,3,12,24,"0,208333333",4,0,0,0,0,0,0,0
56,1,3,2,64587,1922,49,66,0,16,0,6,20,2,108,1,1,4,8,"0,125",3,0,0,0,0,0,0,0
30,1,0,0,34824,2010,65,4,2,11,2,0,4,1,23,1,0,2,4,"0,25",6,0,0,0,0,0,0,0
47,1,1,0,75437,2147,25,795,0,545,95,58,0,1,1493,8,4,10,23,"0,347826087",6,1,0,0,0,0,0,0
58,1,1,2,26091,2039,84,15,10,19,8,17,20,3,89,2,1,3,9,"0,222222222",5,0,0,0,0,0,0,0
42,1,2,1,52845,2235,7,384,25,292,130,41,64,3,936,8,8,6,25,"0,32",6,0,0,1,0,0,0,0
59,1,3,1,46086,2153,34,244,8,32,7,2,50,4,343,3,1,8,16,"0,1875",4,0,0,0,0,0,0,0
59,4,4,1,78028,2572,38,158,19,288,25,0,38,1,528,6,4,9,20,"0,3",7,0,0,0,1,1,0,1
38,4,0,0,95169,2178,1,1285,21,449,106,20,20,1,1901,4,3,4,12,"0,333333333",1,1,0,0,0,1,0,1
44,2,2,2,56337,2374,25,349,16,144,28,5,182,5,724,8,5,4,22,"0,363636364",8,1,0,1,0,0,0,1
38,1,1,1,22434,2416,25,4,12,11,3,13,15,2,58,2,0,3,7,"0,285714286",8,0,0,0,0,0,0,0
56,4,2,1,36930,2323,50,223,2,31,0,2,39,5,297,5,2,4,16,"0,3125",8,0,0,0,0,0,0,0
56,1,0,1,36130,2427,46,157,43,127,68,56,37,6,488,3,8,4,21,"0,142857143",4,0,0,1,0,0,0,1
57,3,2,1,65569,2516,96,397,46,288,20,38,70,2,859,6,5,10,23,"0,260869565",3,0,0,0,0,0,0,0
58,1,1,0,83844,2328,57,901,31,345,75,31,191,1,1574,4,4,11,20,"0,2",1,0,0,0,0,1,0,0
47,1,2,2,19514,2069,47,14,3,21,2,1,28,4,69,3,1,2,10,"0,3",8,0,0,1,0,0,0,0
52,4,0,2,36736,2330,52,10,0,3,0,0,4,1,17,1,0,2,4,"0,25",6,0,0,0,0,0,0,0
46,1,1,1,77568,2588,30,1230,0,396,232,178,158,1,2194,10,2,8,21,"0,476190476",5,1,0,0,1,1,0,0
49,4,1,1,49187,2084,63,81,1,31,2,1,0,1,116,1,1,5,8,"0,125",2,0,0,0,0,0,0,0
47,1,0,1,30168,2394,51,154,20,66,0,12,27,7,279,6,1,4,18,"0,333333333",9,0,0,0,0,0,0,0
47,3,1,1,34053,2572,14,63,0,21,7,0,12,1,103,3,0,3,7,"0,428571429",8,0,0,0,0,0,0,0
44,3,2,2,38196,1987,20,30,0,11,0,0,3,3,44,2,0,4,9,"0,222222222",5,0,0,0,0,0,0,0
59,3,2,0,59412,1986,56,90,67,165,30,43,11,1,406,4,2,8,15,"0,266666667",3,0,0,0,0,0,0,0
50,2,2,0,70924,1998,41,635,114,254,132,152,76,1,1363,6,6,7,20,"0,3",3,0,0,0,0,1,0,0
46,1,1,0,54165,2312,72,127,4,73,15,6,11,1,236,2,1,7,11,"0,181818182",2,0,0,0,0,0,0,0
42,1,2,1,32300,2457,1,13,3,6,6,5,6,1,39,1,0,3,5,"0,2",8,0,0,0,0,0,0,0
49,1,0,0,20180,2409,27,18,42,24,15,20,18,1,137,2,1,4,8,"0,25",7,0,0,0,0,0,0,0
42,1,2,1,34961,1925,77,45,2,26,4,1,1,3,79,3,1,3,10,"0,3",7,0,0,0,0,0,0,0
41,4,1,1,28440,2272,87,38,1,24,0,0,0,1,63,2,0,3,6,"0,333333333",8,0,0,0,0,0,0,0
57,4,1,3,64504,2397,81,986,36,168,16,0,108,7,1314,11,3,4,25,"0,44",7,0,0,0,0,0,0,1
49,3,1,1,33564,1920,51,61,0,3,0,0,7,1,71,1,1,3,6,"0,166666667",5,0,0,0,0,0,0,0
47,1,2,1,17345,2518,79,4,9,16,17,0,12,2,58,2,1,2,7,"0,285714286",8,0,0,0,0,0,0,0
48,4,2,1,56320,2362,11,201,53,172,116,77,83,3,702,5,4,9,21,"0,238095238",4,0,0,0,0,0,0,0
47,1,0,1,28647,2227,54,19,8,29,0,12,26,1,94,2,2,2,7,"0,285714286",7,0,0,1,0,0,0,1
38,0,0,1,15038,2431,93,4,8,11,19,12,26,2,80,2,1,2,7,"0,285714286",9,0,0,0,0,0,0,0
57,4,3,1,32173,2247,0,18,0,2,0,0,2,1,22,1,0,3,5,"0,2",4,0,0,0,0,0,0,0
51,2,1,1,68316,2517,54,806,80,161,120,11,33,5,1211,10,7,10,32,"0,3125",6,0,0,0,0,0,0,0
44,1,1,0,74538,2280,21,380,98,733,110,112,28,1,1461,8,8,5,22,"0,363636364",3,0,0,0,0,1,0,1
44,1,0,0,91700,2443,58,576,172,961,125,115,19,1,1968,8,6,5,20,"0,4",3,0,0,0,0,0,0,1
46,1,1,0,68695,1919,3,458,81,356,106,50,40,1,1091,4,4,7,16,"0,25",2,0,0,0,0,0,0,0
48,2,2,1,31056,2438,99,5,10,13,3,8,16,1,55,1,0,3,5,"0,2",8,0,0,0,0,0,0,0
42,1,2,0,79593,1963,70,350,60,568,110,133,145,1,1366,5,6,7,19,"0,263157895",2,0,0,0,0,1,0,0
45,1,0,0,28071,2584,65,39,33,130,41,26,44,2,313,5,1,5,13,"0,384615385",8,0,0,0,0,0,0,0
57,4,1,2,37334,2038,44,26,1,16,2,2,15,4,62,3,0,4,11,"0,272727273",4,0,0,0,0,0,0,0
43,3,0,2,46423,2199,6,68,0,16,0,0,8,3,92,2,0,4,9,"0,222222222",7,0,0,0,0,0,0,0
44,4,2,1,37126,2006,9,45,3,9,4,4,7,1,72,1,2,2,6,"0,166666667",6,0,0,1,0,0,0,1
57,1,2,1,47703,2311,95,359,0,134,13,26,123,4,655,6,3,8,21,"0,285714286",5,0,0,0,0,0,0,0
56,1,2,1,61180,1982,70,403,24,29,6,24,218,2,704,5,5,6,18,"0,277777778",3,0,0,1,0,0,0,0
56,1,2,2,38998,2518,92,34,1,14,0,0,5,3,54,2,0,3,8,"0,25",8,0,0,0,0,0,1,0
34,1,0,0,8028,2564,62,73,18,66,7,12,2,15,178,0,1,0,16,0,19,0,0,0,0,0,0,0
53,1,1,0,76081,1952,85,292,30,415,63,33,200,1,1033,4,5,4,14,"0,285714286",2,1,0,0,0,0,0,0
39,1,1,1,34728,2249,2,14,0,16,0,0,6,1,36,1,1,2,5,"0,2",6,0,0,0,0,0,0,1
50,3,0,1,33168,2539,0,80,1,37,0,1,3,3,122,2,1,4,10,"0,2",7,0,0,0,0,0,0,0
49,3,2,1,33585,2192,91,30,11,33,13,6,29,1,122,2,0,4,7,"0,285714286",4,0,0,0,0,0,0,0
55,4,2,1,77037,2174,3,463,96,333,168,53,10,1,1123,7,7,12,27,"0,259259259",3,0,0,0,0,0,0,0
41,1,1,1,35196,2508,68,75,12,141,43,39,187,6,497,6,1,5,18,"0,333333333",8,0,0,0,0,0,0,1
49,1,2,1,44529,2274,98,538,13,91,17,6,26,6,691,6,2,11,25,"0,24",5,0,0,0,1,0,0,0
50,2,2,0,70924,1998,41,635,114,254,132,152,76,1,1363,6,6,7,20,"0,3",3,0,0,0,0,1,0,0
49,4,1,2,28764,1939,16,8,0,3,0,0,1,1,12,1,0,2,4,"0,25",8,0,0,1,0,0,0,0
61,4,2,0,69098,2413,82,1315,22,780,145,0,178,1,2440,7,8,9,25,"0,28",5,0,0,0,0,0,0,0
45,2,3,2,25959,2415,1,4,2,12,7,5,26,2,56,1,2,2,7,"0,142857143",6,0,0,0,0,0,0,1
42,3,2,1,27100,2365,64,12,0,13,2,0,10,1,37,1,0,3,5,"0,2",7,0,0,0,0,0,0,0
40,1,0,0,70596,2547,68,347,44,534,17,0,26,1,968,3,5,12,21,"0,142857143",2,0,0,0,0,0,0,0
41,1,2,1,42557,2584,98,192,5,53,0,5,15,4,270,6,1,4,15,"0,4",8,0,0,0,0,0,0,0
59,4,2,0,53312,2239,32,241,0,12,0,0,25,1,278,5,1,5,12,"0,416666667",7,0,0,0,0,0,0,0
58,1,0,0,72228,2494,87,631,28,491,30,14,56,1,1250,6,7,8,22,"0,272727273",3,0,0,0,0,0,0,0
38,1,1,0,67605,2370,84,336,28,282,184,54,54,1,938,2,8,6,17,"0,117647059",1,0,0,0,0,0,0,0
61,3,2,2,62845,2551,3,1099,0,45,0,0,34,11,1178,3,4,10,28,"0,107142857",8,0,0,0,1,0,0,0
57,1,1,2,65196,2254,34,743,19,181,12,0,200,2,1155,7,6,11,26,"0,269230769",5,0,0,1,0,0,0,0
38,4,0,0,42000,2450,23,124,83,267,85,59,35,2,653,5,2,11,20,"0,25",5,0,0,0,0,0,0,1
42,4,3,2,35860,1956,37,15,0,8,4,2,20,2,49,1,1,2,6,"0,166666667",5,0,0,1,0,0,0,0
51,4,2,1,65526,1994,22,397,19,69,12,0,9,1,506,4,4,8,17,"0,235294118",2,0,0,0,0,0,0,0
54,1,2,2,16860,2570,19,10,4,4,3,3,14,3,38,1,1,3,8,"0,125",7,0,0,0,0,0,0,0
33,1,0,0,83528,1974,7,530,117,678,134,44,147,1,1650,4,10,8,23,"0,173913043",1,1,0,1,0,0,0,1
50,2,3,1,64176,2610,52,1215,33,249,64,116,149,8,1826,8,9,8,33,"0,242424242",6,0,0,0,0,0,0,0
59,1,3,0,22304,2609,91,3,2,7,0,4,2,1,18,1,0,2,4,"0,25",8,0,0,0,0,0,0,0
47,1,2,0,67023,2032,93,444,44,382,11,8,17,1,906,3,7,13,24,"0,125",2,0,0,0,0,0,1,0
44,4,1,1,32892,1950,78,26,0,15,2,1,2,2,46,3,0,3,8,"0,375",8,0,0,0,0,0,0,0
49,1,1,1,70713,2488,23,736,114,279,82,76,190,6,1477,5,6,8,25,"0,2",3,0,0,0,0,0,0,0
55,1,1,1,59925,2491,83,473,21,176,19,21,56,3,766,9,2,9,23,"0,391304348",6,0,0,0,0,0,0,0
57,1,2,1,39722,2040,92,32,0,5,2,0,8,2,47,2,0,3,7,"0,285714286",5,0,0,0,0,0,0,0
57,1,1,0,46610,2261,4,288,10,30,4,10,125,1,467,6,1,6,14,"0,428571429",6,0,0,0,0,0,0,0
54,1,1,0,88347,2276,32,1050,178,555,77,138,118,1,2116,4,7,9,21,"0,19047619",1,1,0,0,0,0,0,0
44,4,2,0,87171,2339,27,1001,44,107,58,44,44,1,1298,6,7,11,25,"0,24",2,0,0,1,0,1,0,0
49,2,1,2,26907,2228,10,9,1,7,0,3,2,2,22,1,0,3,6,"0,166666667",7,0,0,0,0,0,0,0
47,3,0,1,50014,2073,9,234,14,77,19,10,42,2,396,4,1,8,15,"0,266666667",5,0,0,0,0,0,0,0
47,4,2,1,41014,2348,65,7,2,6,2,0,3,1,20,1,0,2,4,"0,25",7,0,0,0,0,0,0,0
50,1,0,0,66294,2019,68,251,108,334,65,92,117,1,967,4,3,5,13,"0,307692308",2,0,0,0,0,0,0,0
44,1,2,1,36715,2504,16,172,10,125,21,13,16,6,357,7,2,4,19,"0,368421053",9,0,0,0,0,0,0,1
59,1,2,0,79456,2591,12,565,42,548,64,83,99,1,1401,5,6,4,16,"0,3125",3,0,0,0,0,0,0,1
43,1,1,1,40479,2231,95,5,0,8,2,0,0,1,15,0,0,3,4,0,4,0,0,0,0,0,0,0
45,3,0,0,75345,2427,16,918,57,842,99,38,133,1,2087,5,8,6,20,"0,25",3,1,0,0,0,0,0,1
48,1,2,1,54233,2425,46,652,8,158,21,0,142,4,981,11,6,5,26,"0,423076923",8,0,0,0,0,0,0,0
45,1,0,2,24163,2175,3,4,1,7,2,1,2,2,17,1,0,3,6,"0,166666667",4,0,0,0,0,0,0,0
57,4,1,0,84460,2456,80,152,27,103,106,54,81,0,523,9,9,4,22,"0,409090909",5,1,1,0,1,1,0,1
42,1,1,1,43776,1972,77,8,0,9,2,1,3,1,23,1,0,2,4,"0,25",6,0,0,0,0,0,0,0
57,4,0,0,71691,2019,0,336,130,411,240,32,43,1,1192,4,7,5,17,"0,235294118",2,0,0,0,0,0,0,1
42,4,2,0,85844,1946,62,938,19,843,25,95,38,1,1958,6,6,7,20,"0,3",2,0,0,0,0,1,0,0
41,4,0,1,39190,1979,91,68,8,18,19,8,12,2,133,2,1,4,9,"0,222222222",5,0,0,0,0,0,0,0
56,1,1,0,71367,2225,24,227,23,389,42,21,75,1,777,4,5,7,17,"0,235294118",2,0,0,0,0,0,0,0
43,4,0,2,38578,2287,2,38,4,22,3,3,3,3,73,3,0,3,9,"0,333333333",8,0,0,0,0,0,0,0
50,4,2,2,57236,2024,22,105,0,9,2,1,4,3,121,2,1,4,10,"0,2",3,0,0,0,0,0,0,0
46,1,0,1,61825,2241,56,162,50,100,55,30,27,1,424,4,2,8,15,"0,266666667",4,0,0,0,0,0,0,0
57,1,3,1,79803,1942,54,574,8,216,21,16,33,1,868,4,3,5,13,"0,307692308",1,0,0,0,0,0,0,0
39,2,0,0,80910,2521,71,160,80,369,67,39,41,1,756,3,3,8,15,"0,2",1,0,0,0,0,0,0,0
43,3,1,1,27590,2347,38,6,0,5,0,0,1,1,12,1,0,2,4,"0,25",7,0,0,0,0,0,0,0
46,1,2,1,56775,2458,62,614,35,160,58,35,35,2,937,5,8,10,25,"0,2",5,0,0,0,0,0,0,0
40,1,3,0,83829,2179,78,897,161,430,186,161,27,0,1862,4,7,6,17,"0,235294118",1,1,0,1,0,1,0,1
46,2,2,1,54210,2320,18,70,54,109,80,9,45,2,367,4,1,7,14,"0,285714286",5,0,0,0,0,0,0,0
39,1,2,1,38508,2246,95,120,19,206,25,19,54,6,443,7,2,5,20,"0,35",8,0,0,0,0,0,0,0
45,1,1,1,53187,2161,66,211,2,30,7,7,10,2,267,4,1,6,13,"0,307692308",5,0,0,0,0,0,0,0
43,1,2,1,30023,2012,28,11,0,16,7,6,21,1,61,2,0,3,6,"0,333333333",8,0,0,0,0,0,0,0
55,4,0,0,76045,2141,78,760,53,400,17,93,0,1,1323,4,5,11,21,"0,19047619",2,1,0,0,0,0,0,0
58,4,2,1,50870,1925,13,53,0,8,0,0,2,1,63,2,0,3,6,"0,333333333",5,0,0,0,0,0,0,0
45,2,2,0,15315,2245,27,7,4,13,15,8,17,2,64,2,0,4,8,"0,25",5,0,0,0,0,0,0,0
41,2,2,1,65463,2065,17,391,32,70,21,32,16,2,562,6,2,9,19,"0,315789474",5,0,0,0,1,0,0,0
50,1,2,2,66480,1944,71,199,9,57,20,21,6,7,312,4,1,7,19,"0,210526316",4,0,0,0,0,0,0,0
56,1,3,0,76773,2404,79,516,56,449,86,33,16,1,1156,2,2,11,16,"0,125",1,0,0,0,0,0,0,0
42,2,0,0,81698,2400,1,709,45,115,30,160,45,1,1104,8,2,5,16,"0,5",5,1,0,0,0,0,0,1
42,4,0,2,54466,2055,78,12,0,4,0,0,0,1,16,1,0,2,4,"0,25",5,0,0,0,0,0,0,0
55,3,0,0,98777,2047,23,1000,19,711,125,115,38,0,2008,4,6,9,19,"0,210526316",1,0,0,0,1,0,0,0
41,4,0,1,16269,2218,75,19,3,18,3,1,0,3,44,3,0,3,9,"0,333333333",8,0,0,0,0,0,0,0
44,1,1,1,71819,2220,70,1224,28,140,0,14,168,3,1574,3,3,5,14,"0,214285714",6,0,0,0,1,1,0,0
42,4,2,1,33569,2171,10,16,2,18,3,0,24,1,63,1,1,2,5,"0,2",8,0,0,1,0,0,0,1
42,3,2,0,36262,2197,24,88,39,54,64,28,153,1,426,3,5,3,12,"0,25",6,0,0,1,0,0,0,1
49,0,1,0,22634,2444,47,2,23,11,8,6,46,1,96,2,1,2,6,"0,333333333",8,0,0,0,0,0,0,0
47,2,2,1,47025,2205,98,508,11,59,23,5,29,5,635,11,1,6,23,"0,47826087",9,0,0,0,0,0,0,0
47,1,0,1,70566,2181,4,381,28,215,84,28,21,2,757,6,5,9,22,"0,272727273",3,0,0,0,0,0,0,0
46,4,2,1,31605,2499,15,74,0,42,2,1,6,2,125,2,1,4,9,"0,222222222",7,0,0,0,0,0,0,0
42,3,3,2,52034,2323,67,146,0,93,7,13,73,5,332,4,2,5,16,"0,25",7,0,0,0,0,0,0,0
46,1,0,1,48526,2102,32,23,17,23,43,20,9,1,135,2,1,4,8,"0,25",3,0,0,0,0,0,0,0
56,1,2,1,46734,2503,40,110,5,137,26,23,29,2,330,6,1,5,14,"0,428571429",7,0,0,0,0,0,0,0
53,1,3,2,39552,2473,54,165,3,147,4,24,41,7,384,6,2,5,20,"0,3",8,0,0,0,0,0,0,1
49,1,0,2,86358,2605,78,957,47,494,82,47,95,4,1722,5,3,6,18,"0,277777778",8,0,0,0,0,0,0,0
48,1,1,3,46931,1981,94,41,0,17,3,1,16,2,78,1,1,3,7,"0,142857143",3,0,0,0,0,0,0,0
40,0,0,0,16581,2448,51,1,3,4,2,3,11,1,24,0,0,3,4,0,4,0,0,0,0,0,0,0
58,2,3,0,63998,2106,42,176,29,818,0,33,112,1,1168,7,6,11,25,"0,28",4,0,0,0,0,0,0,1
59,3,2,1,67381,2445,67,815,8,53,11,0,70,4,957,2,2,9,17,"0,117647059",7,0,0,0,1,0,0,0
48,1,0,2,25930,2177,87,6,1,2,2,0,4,1,15,1,0,2,4,"0,25",7,0,0,0,0,0,0,0
47,1,2,1,42693,1937,29,8,4,20,6,3,16,1,57,1,0,3,5,"0,2",5,0,0,0,0,0,0,0
49,1,1,1,85606,2509,89,717,42,864,219,30,84,2,1956,6,7,9,24,"0,25",3,1,0,0,0,0,0,0
40,1,0,0,72903,2158,74,1067,138,750,0,19,39,1,2013,7,5,8,21,"0,333333333",4,1,0,0,1,1,0,1
41,2,1,1,49669,1951,97,166,5,107,11,8,29,2,326,5,1,6,14,"0,357142857",6,0,0,0,0,0,0,0
47,4,2,2,36778,2608,63,29,4,34,2,4,4,3,77,3,0,3,9,"0,333333333",9,0,0,0,0,0,0,0
53,4,3,0,85696,2337,88,714,76,395,116,0,12,1,1313,4,6,9,20,"0,2",1,0,0,0,0,0,0,1
36,3,3,0,10979,1953,34,8,4,10,2,2,4,2,30,3,0,3,8,"0,375",5,0,0,0,0,0,0,0
54,1,2,1,49678,2427,81,229,5,56,3,2,20,2,315,6,2,4,14,"0,428571429",7,0,0,0,0,0,0,0
57,3,1,1,56129,2289,65,320,48,133,39,72,48,4,660,6,2,10,22,"0,272727273",4,0,0,0,0,0,0,0
36,1,2,1,37155,2429,51,23,0,26,7,15,3,1,74,2,0,4,7,"0,285714286",5,0,0,0,0,0,0,0
47,2,3,1,21282,1964,76,1,5,8,4,8,20,2,46,2,1,2,7,"0,285714286",6,0,0,0,0,0,0,0
53,4,0,1,33419,2231,76,56,0,12,0,0,18,2,86,2,0,4,8,"0,25",7,0,0,0,0,0,0,0
65,1,4,0,63285,2151,84,508,124,249,50,38,134,1,1103,6,5,13,25,"0,24",3,0,0,0,0,0,0,0
41,3,1,1,21255,2074,56,29,0,25,2,2,3,4,61,2,1,4,11,"0,181818182",4,0,0,0,0,0,0,0
44,1,1,1,42162,2137,31,46,7,59,2,4,27,2,145,3,1,3,9,"0,333333333",6,0,0,1,0,0,0,1
59,1,1,2,54450,2568,0,454,0,171,8,19,32,12,684,9,2,8,31,"0,290322581",8,0,0,0,0,0,0,0
56,4,2,1,57744,2144,91,350,3,39,0,0,19,2,411,9,1,4,16,"0,5625",8,0,0,0,0,0,0,0
39,1,0,1,26576,2539,40,10,0,8,0,0,9,1,27,1,0,2,4,"0,25",9,0,0,1,0,0,0,1
67,4,4,0,57513,2273,59,735,40,183,52,20,30,2,1060,9,3,13,27,"0,333333333",6,0,0,0,0,0,0,0
51,1,1,1,68142,2584,96,897,126,196,91,112,37,3,1459,10,4,7,24,"0,416666667",6,0,0,0,0,0,0,0
46,1,2,1,7500,2584,61,5,2,3,3,0,5,1,18,1,0,2,4,"0,25",8,0,0,0,0,0,0,0
41,1,1,0,83145,2560,14,777,35,731,39,137,114,1,1833,5,9,11,26,"0,192307692",2,0,0,0,0,1,0,1
55,3,2,1,54197,2002,16,162,6,37,6,13,13,2,237,1,3,6,12,"0,083333333",1,0,0,0,0,0,0,0
52,4,0,2,23091,1947,98,35,0,11,0,0,2,4,48,2,1,3,10,"0,2",7,0,0,0,0,0,0,0
49,1,2,2,46049,2258,11,342,9,112,19,14,19,10,515,5,2,9,26,"0,192307692",7,0,0,0,0,0,0,1
41,1,1,0,56715,2486,52,258,105,239,237,172,9,1,1020,7,3,4,15,"0,466666667",4,0,0,0,0,0,0,0
54,1,2,0,79410,1946,19,658,80,483,123,13,13,1,1370,3,2,5,11,"0,272727273",1,0,0,0,0,0,0,0
59,1,2,1,57304,2390,61,356,80,329,138,17,106,2,1026,7,6,10,25,"0,28",5,0,0,0,0,0,0,0
50,1,2,1,44375,2013,73,213,5,28,7,7,41,1,301,4,1,6,12,"0,333333333",5,0,0,0,0,0,0,0
59,1,1,2,54450,2568,0,454,0,171,8,19,32,12,684,9,2,8,31,"0,290322581",8,0,0,0,0,0,0,0
50,1,2,1,59594,2532,74,457,4,29,0,0,9,1,499,8,1,7,17,"0,470588235",7,0,0,0,1,0,0,0
31,1,1,0,80685,2591,55,241,45,604,34,26,54,1,1004,6,4,10,21,"0,285714286",2,0,0,0,0,0,0,0
41,4,2,1,40344,2174,48,210,0,6,0,0,2,2,218,4,1,5,12,"0,333333333",7,0,0,0,0,0,0,0
43,1,2,1,62710,2317,53,441,35,83,7,29,11,4,606,4,2,12,22,"0,181818182",4,0,0,0,0,0,0,0
47,2,2,1,48985,2274,13,19,13,18,10,7,8,1,75,1,1,3,6,"0,166666667",3,0,0,0,0,0,0,0
47,1,1,3,35322,2591,34,28,9,37,12,7,13,3,106,2,0,4,9,"0,222222222",8,0,0,0,0,0,0,0
62,1,2,0,77142,2311,54,476,75,162,29,151,97,1,990,4,4,8,17,"0,235294118",2,0,0,0,0,0,0,0
46,1,0,0,81657,2073,69,364,40,425,158,60,50,1,1097,3,4,8,16,"0,1875",1,0,0,0,0,0,0,0
29,0,2,0,14421,2047,81,0,0,2,3,3,8,1,16,1,0,2,4,"0,25",5,0,0,1,0,0,0,0
41,2,2,0,20130,2019,99,0,6,3,7,6,12,1,34,1,0,3,5,"0,2",8,0,0,0,0,0,0,0
35,4,2,0,74214,2587,3,863,83,547,86,99,33,1,1711,8,2,5,16,"0,5",5,0,0,0,0,0,0,0
58,3,2,2,66726,2083,61,349,7,35,0,0,47,3,438,8,2,4,17,"0,470588235",7,0,0,0,1,0,0,0
46,0,1,1,23724,2452,65,5,23,15,0,18,14,2,75,2,0,3,7,"0,285714286",8,0,0,0,0,0,0,0
55,3,2,1,47353,2143,93,184,2,19,8,8,4,3,225,2,2,6,13,"0,153846154",5,0,0,0,0,0,0,0
58,3,2,2,33444,2518,24,8,0,8,0,0,2,1,18,1,0,2,4,"0,25",8,0,0,0,0,0,0,0
44,1,2,1,54386,2323,8,277,21,64,62,21,25,2,470,3,2,10,17,"0,176470588",3,0,0,0,0,0,0,0
44,1,3,2,28510,2357,72,44,5,19,0,4,19,3,91,2,0,4,9,"0,222222222",5,0,0,0,0,0,0,0
34,3,0,0,90638,2051,29,1156,120,915,94,144,96,1,2525,3,4,10,18,"0,166666667",1,0,0,0,0,1,0,0
60,1,1,1,48070,2447,33,373,14,83,6,9,19,3,504,8,2,6,19,"0,421052632",7,0,0,0,0,0,1,0
58,1,2,1,43140,2455,68,134,8,76,6,0,11,1,235,4,1,5,11,"0,363636364",6,0,0,0,0,0,0,0
54,4,3,1,54959,2441,55,1148,0,60,0,0,24,3,1232,9,5,4,21,"0,428571429",7,0,0,0,1,0,0,1
57,0,0,2,15056,2337,76,6,12,3,21,6,40,5,88,2,2,3,12,"0,166666667",5,0,0,0,0,0,0,0
44,1,0,1,26954,1967,17,4,1,11,0,0,1,1,17,1,0,2,4,"0,25",7,0,0,0,0,0,0,0
40,1,0,1,22327,2246,94,5,4,8,2,0,5,1,24,1,0,3,5,"0,2",5,0,0,0,0,0,0,0
50,1,2,2,44393,2226,86,24,2,20,2,2,10,2,60,1,0,4,7,"0,142857143",4,0,0,0,0,0,0,0
58,4,0,1,62000,2223,25,899,0,101,0,0,20,1,1020,6,6,13,26,"0,230769231",4,1,0,0,0,0,0,0
53,4,1,1,31497,2485,22,108,1,28,13,1,4,2,155,3,1,4,10,"0,3",8,0,0,0,0,0,0,0
41,2,2,2,45894,2037,15,27,2,7,0,2,13,1,51,1,0,3,5,"0,2",5,0,0,0,0,0,0,0
45,3,3,0,78579,2469,35,816,66,549,216,66,99,1,1812,5,6,4,16,"0,3125",3,0,0,0,0,0,0,1
46,3,4,1,67369,2504,81,1298,0,70,37,14,42,4,1461,7,4,10,25,"0,28",4,0,0,0,1,1,0,1
55,1,3,1,58401,1985,55,10,0,11,17,29,29,1,96,1,2,2,6,"0,166666667",4,0,0,0,0,0,0,0
58,1,0,1,62307,2047,94,87,13,34,10,6,10,1,160,4,0,4,9,"0,444444444",5,0,0,0,0,0,0,0
46,3,2,2,43641,2348,50,57,2,51,4,2,23,3,139,2,1,4,10,"0,2",6,0,0,0,0,0,0,0
47,3,3,1,63841,2349,64,635,15,100,20,7,131,1,908,9,3,9,22,"0,409090909",6,0,0,0,0,0,0,0
50,2,2,1,46891,2216,91,43,12,23,29,15,61,1,183,2,1,4,8,"0,25",4,0,0,0,0,0,0,0
46,3,2,1,70091,2370,11,964,34,137,15,0,11,2,1161,5,2,10,19,"0,263157895",8,0,0,0,1,0,0,0
43,4,2,0,78075,2000,72,572,8,259,34,35,80,1,988,3,5,5,14,"0,214285714",1,0,0,0,0,0,0,0
54,2,4,1,59184,2573,6,341,142,113,259,151,66,3,1072,6,6,12,27,"0,222222222",5,0,0,0,0,0,0,0
48,1,2,2,54809,2206,0,63,6,57,13,13,22,4,174,2,1,5,12,"0,166666667",4,0,0,0,0,0,0,0
56,1,2,1,58113,2435,66,221,104,169,102,78,84,3,758,9,2,8,22,"0,409090909",7,0,0,0,0,0,1,0
57,3,2,1,51412,2095,42,140,3,29,4,5,14,2,195,3,2,4,11,"0,272727273",4,0,0,0,0,0,0,0
46,1,3,1,15287,2542,60,1,2,8,4,3,13,2,31,1,1,2,6,"0,166666667",7,0,0,1,0,0,0,1
58,3,1,0,66636,2231,64,291,10,689,84,10,0,1,1084,3,4,9,17,"0,176470588",1,0,0,0,0,0,0,0
59,3,2,1,50965,2409,87,544,13,85,8,6,29,3,685,10,4,5,22,"0,454545455",8,0,0,1,0,0,0,0
50,4,2,0,84618,2134,96,684,100,801,21,66,0,1,1672,6,9,10,26,"0,230769231",2,0,0,0,0,1,0,0
35,1,2,0,18351,2158,1,1,12,9,0,14,7,1,43,2,0,3,6,"0,333333333",7,0,0,0,0,0,0,0
58,4,1,2,40451,2048,54,35,0,4,0,0,10,1,49,1,1,2,5,"0,2",5,0,0,1,0,0,0,0
50,1,1,1,36317,2318,53,87,3,25,3,2,13,2,133,3,0,4,9,"0,333333333",7,0,0,0,0,0,0,0
58,1,1,1,42213,2175,96,309,3,24,4,3,20,2,363,5,1,7,15,"0,333333333",7,0,0,0,1,0,0,0
55,1,1,1,65748,2355,58,172,73,93,95,78,34,2,545,2,4,10,18,"0,111111111",1,0,0,0,0,0,1,0
43,1,1,1,77044,2160,12,625,38,242,50,34,76,2,1065,7,11,11,31,"0,225806452",4,0,0,1,0,0,0,0
46,1,1,0,74918,2389,78,972,59,913,25,19,59,1,2047,5,9,6,21,"0,238095238",3,0,0,0,0,1,0,0
43,1,2,2,56721,2521,64,157,6,39,6,13,75,5,296,4,1,5,15,"0,266666667",6,0,0,0,0,0,0,0
40,1,0,2,42160,2281,26,48,9,45,3,15,20,4,140,2,1,4,11,"0,181818182",6,0,0,0,0,0,0,1
50,1,0,1,61559,2262,8,279,83,88,32,14,34,1,530,4,2,10,17,"0,235294118",3,0,0,0,0,0,0,0
52,4,1,2,33629,2605,49,132,0,16,0,0,4,5,152,3,1,4,13,"0,230769231",9,0,0,0,0,0,0,0
34,4,1,0,68682,2181,56,919,0,505,99,30,45,1,1598,4,9,10,24,"0,166666667",2,0,0,0,0,0,0,0
52,1,0,1,34377,2441,55,62,0,22,3,1,26,2,114,2,2,2,8,"0,25",7,0,0,0,0,0,0,0
39,0,0,1,8940,2591,25,1,45,3,4,6,42,3,101,3,1,3,10,"0,3",8,0,0,0,0,0,0,0
42,1,2,1,26228,2195,50,2,6,4,3,1,9,1,25,1,0,2,4,"0,25",8,0,0,0,0,0,0,0
58,2,3,0,77297,2434,84,408,61,109,48,122,41,1,789,5,7,9,22,"0,227272727",4,1,0,0,0,0,0,0
44,1,2,2,40211,2249,30,51,1,7,2,1,25,2,87,2,1,2,7,"0,285714286",8,0,0,1,0,0,0,0
57,4,4,2,33438,2195,81,62,1,16,3,2,6,4,90,2,1,4,11,"0,181818182",5,0,0,0,0,0,0,0
56,4,2,1,75032,2342,74,952,12,180,47,12,12,2,1215,5,4,9,20,"0,25",3,0,0,0,0,0,0,0
55,4,0,0,61284,2175,76,618,15,106,20,7,45,1,811,11,2,8,22,"0,5",6,0,0,0,1,0,0,0
39,1,2,1,22518,2530,36,11,7,12,2,2,27,2,61,2,1,2,7,"0,285714286",5,0,0,1,0,0,0,1
40,3,2,1,54730,2233,64,318,3,17,4,7,56,5,405,4,1,8,18,"0,222222222",4,0,0,0,0,0,0,0
55,3,2,2,38452,2006,62,56,0,14,0,0,2,3,72,3,0,3,9,"0,333333333",7,0,0,0,0,0,0,0
44,1,3,2,44421,2414,53,110,5,59,7,1,7,5,189,5,0,4,14,"0,357142857",8,0,0,0,0,0,0,0
39,4,1,1,38197,2280,86,23,0,11,2,1,3,1,40,1,0,3,5,"0,2",5,0,0,0,0,0,0,0
47,1,3,1,41986,2055,15,27,5,8,8,3,12,3,63,3,0,4,10,"0,3",4,0,0,0,0,0,0,0
42,1,1,1,28427,2380,67,18,3,19,3,3,6,2,52,2,0,3,7,"0,285714286",8,0,0,0,0,0,0,0
49,4,1,1,37395,1973,47,18,0,9,0,1,11,1,39,1,0,3,5,"0,2",6,0,0,0,0,0,0,0
44,1,2,1,64722,1949,47,303,0,280,60,147,15,4,805,8,2,11,25,"0,32",6,0,0,0,0,0,0,0
59,3,1,1,55249,1988,81,97,1,19,2,0,11,1,130,2,1,4,8,"0,25",3,0,0,0,0,0,0,0
43,1,1,0,84906,2183,98,997,15,414,99,30,76,1,1631,5,6,12,24,"0,208333333",2,0,1,0,1,1,0,0
36,1,2,1,28691,2275,56,5,4,13,8,0,4,1,34,1,0,3,5,"0,2",8,0,0,0,0,0,0,0
58,1,0,2,44213,2127,48,95,11,35,0,4,7,4,152,2,1,5,12,"0,166666667",6,0,0,0,0,0,0,0
41,0,0,1,25707,2077,18,1,6,2,3,6,3,1,21,1,0,3,5,"0,2",7,0,0,0,0,0,0,0
48,4,2,3,59062,2184,74,46,1,12,3,0,9,2,71,2,0,3,7,"0,285714286",4,0,0,0,0,0,0,0
53,1,0,1,76624,1951,68,411,106,147,54,115,66,1,899,5,10,7,23,"0,217391304",1,0,0,1,0,0,0,0
63,3,1,0,66000,1985,36,244,51,270,101,0,45,1,711,1,3,5,10,"0,1",1,0,0,0,0,0,0,0
47,4,1,1,27683,2609,90,152,9,121,12,12,45,4,351,6,2,4,16,"0,375",8,0,0,0,0,0,0,0
44,1,3,0,1730,1957,65,1,1,3,1,1,1,15,8,0,0,0,15,0,20,0,0,0,0,0,0,0
33,0,0,1,7500,2488,63,10,17,18,8,26,40,4,119,3,2,2,11,"0,272727273",9,0,0,0,0,0,0,0
47,1,1,2,40521,2365,82,12,0,5,0,0,4,1,21,0,1,2,4,0,5,0,0,0,0,0,0,0
42,4,1,1,20427,2012,63,5,0,4,0,0,1,1,10,1,0,2,4,"0,25",8,0,0,0,0,0,0,0
40,1,2,1,65106,1951,55,790,19,133,12,0,19,3,973,8,3,13,27,"0,296296296",6,0,0,0,1,0,0,0
50,4,2,0,69969,2221,64,882,29,514,38,29,44,1,1536,4,2,6,13,"0,307692308",3,1,0,0,0,1,0,1
58,1,2,2,67433,2263,51,615,28,259,12,48,30,4,992,6,5,13,28,"0,214285714",4,0,0,0,1,0,0,0
48,4,2,1,77766,2407,97,1004,59,265,115,59,27,2,1529,11,10,11,34,"0,323529412",6,0,0,1,0,0,0,1
43,1,2,1,74716,2205,92,133,27,421,13,195,71,2,860,7,3,5,17,"0,411764706",4,0,0,0,0,0,0,0
52,1,3,1,68118,2169,51,595,23,123,10,23,154,2,928,8,9,4,23,"0,347826087",6,0,0,0,0,0,0,0
45,4,2,2,55158,2614,72,293,0,87,4,11,23,4,418,7,2,5,18,"0,388888889",7,0,0,0,0,0,0,1
55,2,2,1,62972,2610,39,313,15,47,20,0,192,2,587,7,4,3,16,"0,4375",6,0,0,0,0,0,0,1
40,1,2,1,74190,1963,49,151,81,86,168,91,64,2,641,4,2,11,19,"0,210526316",2,0,0,0,0,0,0,0
49,1,2,2,39356,2017,21,15,0,2,0,0,6,1,23,1,0,2,4,"0,25",6,0,0,1,0,0,0,0
46,1,1,0,76653,2232,91,736,63,946,219,189,126,1,2279,4,7,11,23,"0,173913043",2,1,0,0,0,1,0,0
42,4,3,2,35860,1956,37,15,0,8,4,2,20,2,49,1,1,2,6,"0,166666667",5,0,0,1,0,0,0,0
42,4,3,0,90687,2318,98,982,17,672,23,34,51,1,1779,6,2,8,17,"0,352941176",2,0,0,0,0,1,0,1
43,3,1,0,73450,2121,85,1142,51,415,90,69,37,1,1804,7,8,11,27,"0,259259259",3,1,0,1,0,0,0,0
55,1,2,2,31454,2273,40,28,0,11,0,0,9,3,48,2,0,3,8,"0,25",8,0,0,0,0,0,0,0
58,1,0,2,47139,2030,2,46,0,12,0,2,23,2,83,2,1,2,7,"0,285714286",7,0,0,0,0,0,0,1
40,1,3,0,83829,2179,78,897,161,430,186,161,27,0,1862,4,7,6,17,"0,235294118",1,1,0,1,0,1,0,1
52,4,2,2,53378,2558,41,489,6,152,8,6,132,10,793,9,4,6,29,"0,310344828",8,0,0,0,0,0,0,1
45,1,1,1,19656,2421,94,25,4,9,6,8,32,3,84,2,1,3,9,"0,222222222",7,0,0,0,0,0,0,0
62,4,2,1,45579,2228,10,145,1,33,2,1,1,1,183,4,1,4,10,"0,4",6,0,0,0,0,0,0,0
57,2,0,0,85485,1923,73,630,26,611,44,18,54,1,1383,6,6,6,19,"0,315789474",2,0,0,0,0,0,0,0
66,1,2,0,55956,1998,22,760,38,104,50,9,38,2,999,7,3,4,16,"0,4375",4,0,0,0,1,0,0,0
52,3,0,1,64191,2438,30,420,15,186,151,38,15,3,825,5,3,13,24,"0,208333333",3,0,0,0,0,0,0,0
43,1,0,1,38808,2587,21,125,17,52,3,19,30,4,246,5,1,4,14,"0,357142857",8,0,0,1,0,0,0,1
49,3,2,2,57183,2382,51,464,5,64,7,0,70,8,610,9,1,7,25,"0,36",8,0,0,0,0,0,0,0
47,3,3,1,23748,2500,97,6,6,29,12,15,8,3,76,2,1,3,9,"0,222222222",8,0,0,0,0,0,0,0
44,1,2,1,66303,2403,56,1090,12,96,16,12,60,4,1286,3,4,11,22,"0,136363636",8,0,0,0,1,0,0,0
40,3,2,1,37368,2110,4,3,2,11,2,2,10,1,30,1,0,2,4,"0,25",6,0,0,1,0,0,0,0
51,1,2,3,40800,2459,77,24,0,27,8,30,10,2,99,3,0,3,8,"0,375",7,0,0,0,0,0,1,0
47,1,3,0,71847,2561,95,737,21,106,55,63,210,0,1192,6,7,9,22,"0,272727273",3,1,0,0,0,0,0,0
40,1,2,1,46149,2127,36,254,6,71,4,0,27,5,362,5,1,7,18,"0,277777778",5,0,0,0,0,0,0,0
42,1,1,0,78687,2604,13,817,185,687,145,55,241,1,2130,4,6,8,19,"0,210526316",2,0,0,0,0,1,0,1
44,2,3,0,49118,2595,90,620,54,239,99,98,119,2,1229,9,7,10,28,"0,321428571",7,0,1,0,1,0,0,1
58,4,2,2,37633,2562,49,13,4,20,0,0,1,2,38,1,0,3,6,"0,166666667",9,0,0,0,0,0,0,0
59,3,1,0,39767,2258,18,113,61,204,34,26,47,2,485,7,1,7,17,"0,411764706",8,0,0,0,0,0,0,0
59,0,2,0,26997,2516,89,7,23,78,133,49,144,2,434,4,2,5,13,"0,307692308",7,0,0,0,0,0,0,0
45,1,3,1,33986,2387,43,16,2,18,2,1,5,1,44,1,0,3,5,"0,2",7,0,0,0,0,0,0,0
43,4,2,1,57091,2498,82,462,0,24,6,0,4,2,496,9,2,5,18,"0,5",7,0,0,0,1,0,0,1
46,2,2,2,46831,2301,84,22,2,10,6,4,34,2,78,1,2,2,7,"0,142857143",4,0,0,0,0,0,0,0
43,3,2,0,83151,2419,80,968,147,842,137,42,210,1,2346,5,7,10,23,"0,217391304",2,1,0,1,0,1,0,1
44,1,2,0,52531,2461,68,283,112,151,51,72,125,2,794,7,2,10,21,"0,333333333",6,0,0,0,0,0,0,0
59,1,2,0,15759,2212,12,1,2,5,6,0,3,1,17,1,0,2,4,"0,25",7,0,0,0,0,0,0,0
44,1,0,1,22804,2248,75,14,1,7,2,1,1,1,26,2,0,2,5,"0,4",9,0,0,0,0,0,0,0
42,2,2,1,43050,2018,10,30,5,24,6,3,8,2,76,2,0,4,8,"0,25",5,0,0,0,0,0,0,0
48,4,0,2,42997,2119,91,4,0,5,0,1,5,1,15,1,0,2,4,"0,25",7,0,0,0,0,0,0,0
52,4,0,2,48918,1993,21,52,0,9,0,0,1,2,62,1,0,4,7,"0,142857143",4,0,0,0,0,0,0,0
56,3,1,1,60033,2007,28,62,1,57,19,11,48,2,198,2,1,5,10,"0,2",2,0,0,0,0,0,0,0
47,4,1,1,34043,2162,97,20,2,14,3,0,10,1,49,2,0,2,5,"0,4",9,0,0,0,0,0,0,0
49,1,1,1,57811,2285,49,545,7,114,37,21,78,5,802,7,2,11,25,"0,28",5,0,0,0,1,0,0,0
64,1,2,0,78569,2045,14,558,79,622,207,175,95,1,1736,4,6,4,15,"0,266666667",1,0,0,0,0,1,0,1
47,1,0,2,7500,2464,5,6,5,4,13,4,25,4,57,2,1,3,10,"0,2",6,0,0,0,0,0,0,0
44,3,1,1,157733,2305,37,39,1,9,2,0,8,0,59,1,0,1,2,"0,5",1,0,0,0,0,0,0,0
57,1,1,0,94384,2397,62,1111,24,790,160,45,172,0,2302,5,8,5,18,"0,277777778",2,1,0,0,1,1,0,1
40,2,2,0,23148,2046,83,4,6,8,6,3,10,1,37,2,0,3,6,"0,333333333",7,0,0,0,0,0,0,0
45,1,3,2,44267,2404,48,183,5,65,3,5,49,5,310,5,2,4,16,"0,3125",9,0,0,0,0,0,0,0
46,1,2,0,71626,2520,94,546,72,376,94,145,72,1,1305,5,5,8,19,"0,263157895",3,0,0,0,1,0,0,0
49,1,1,1,60894,2281,61,606,7,155,10,0,54,5,832,10,3,8,26,"0,384615385",7,0,0,0,0,0,0,0
49,1,1,2,50200,2367,70,266,6,51,8,6,64,6,401,7,1,5,19,"0,368421053",8,0,0,0,0,0,0,0
50,4,2,0,81051,1952,43,1142,29,249,38,29,14,1,1501,5,5,12,23,"0,217391304",2,0,0,0,1,1,0,0
43,1,2,0,65169,2081,23,1074,0,69,0,0,46,1,1189,10,4,13,28,"0,357142857",6,1,1,1,0,1,0,1
43,1,1,1,59868,2257,37,771,51,154,54,10,154,7,1194,11,2,12,32,"0,34375",6,0,0,0,0,0,0,0
55,4,2,1,65695,2064,50,371,32,189,0,58,6,2,656,5,4,10,21,"0,238095238",4,0,0,0,0,0,0,0
59,3,0,0,64857,2498,78,556,14,717,210,0,43,1,1540,7,5,10,23,"0,304347826",4,0,0,0,0,0,0,0
50,3,1,1,45143,2222,74,202,5,74,11,5,14,3,311,6,1,5,15,"0,4",7,0,0,0,0,0,0,0
55,2,1,1,74805,2150,14,209,162,209,41,162,37,5,820,4,7,10,26,"0,153846154",2,0,0,0,0,0,0,0
36,2,2,1,59060,2084,77,35,40,111,36,40,12,3,274,3,1,7,14,"0,214285714",4,0,0,0,0,0,0,0
53,4,0,2,27238,2350,39,37,0,17,0,0,3,3,57,3,0,3,9,"0,333333333",9,0,0,0,0,0,0,0
50,1,1,1,47009,2186,89,171,45,73,59,10,90,4,448,3,2,8,17,"0,176470588",4,0,0,0,0,0,0,0
42,2,2,2,46094,1934,62,12,2,20,3,2,5,1,44,1,0,3,5,"0,2",7,0,0,0,0,0,0,0
43,1,2,2,40321,2250,59,44,4,21,6,0,27,2,102,3,0,3,8,"0,375",7,0,0,0,0,0,0,0
41,1,1,1,37235,2063,68,20,2,9,4,6,20,1,61,1,1,2,5,"0,2",4,0,0,0,0,0,0,0
55,3,2,0,81843,2348,13,779,86,537,34,69,138,1,1643,5,9,12,27,"0,185185185",3,0,0,0,0,0,0,0
57,3,1,1,46692,2303,37,170,6,97,24,12,88,3,397,6,1,5,15,"0,4",6,0,0,0,0,0,0,0
47,1,1,1,77382,2088,36,491,48,231,112,105,134,2,1121,5,7,12,26,"0,192307692",1,0,0,0,0,1,0,0
48,1,0,2,37774,2579,28,173,8,107,7,2,176,4,473,7,2,3,16,"0,4375",9,0,0,1,0,0,1,1
41,0,2,1,18393,2007,2,7,10,13,16,0,4,2,50,3,0,3,8,"0,375",8,0,0,0,0,0,0,0
53,3,2,1,72828,2415,17,1205,0,235,19,14,205,6,1678,6,3,13,28,"0,214285714",7,0,0,0,0,0,0,0
43,1,2,0,24711,1987,86,10,7,25,6,3,7,1,58,3,0,3,7,"0,428571429",7,0,0,0,0,0,0,0
40,4,2,1,45503,2192,54,97,4,44,6,1,18,1,170,3,1,4,9,"0,333333333",5,0,0,0,0,0,0,0
43,3,0,0,6560,2114,2,67,11,26,4,3,262,0,373,1,0,1,2,"0,5",17,0,0,0,0,0,0,0
65,4,1,0,71604,2139,3,345,53,528,98,75,97,1,1196,8,3,5,17,"0,470588235",4,0,0,1,0,0,0,1
46,1,2,1,27244,2029,84,6,5,17,3,24,46,2,101,2,2,2,8,"0,25",7,0,0,0,0,0,0,0
46,1,2,2,48752,2479,8,73,57,100,71,15,0,5,316,6,1,5,17,"0,352941176",9,0,0,0,0,0,0,1
53,1,2,1,71434,2199,4,711,36,217,172,96,168,3,1400,7,4,7,21,"0,333333333",4,1,0,0,1,0,0,0
62,1,0,0,90842,2250,57,774,70,118,182,187,93,1,1424,4,9,13,27,"0,148148148",1,0,0,0,0,0,0,0
47,3,2,1,88097,2595,24,163,0,480,0,126,75,1,844,6,5,8,20,"0,3",9,1,0,0,1,1,0,1
40,1,2,1,51948,2200,51,82,33,54,71,30,41,2,311,5,2,4,13,"0,384615385",5,0,0,0,0,0,0,0
43,1,1,0,71853,2332,29,358,108,413,141,97,32,1,1149,2,8,6,17,"0,117647059",1,0,0,0,0,0,0,0
42,3,2,0,35876,1985,13,66,2,40,4,3,14,1,129,3,1,3,8,"0,375",6,0,0,0,0,0,0,0
58,1,4,1,40049,2171,23,13,6,7,0,3,3,1,32,1,0,3,5,"0,2",6,0,0,0,0,0,0,0
43,1,0,1,39660,2605,36,139,13,78,20,13,36,3,299,7,1,3,14,"0,5",9,0,0,0,0,0,0,1
53,1,1,1,50127,1946,88,274,0,21,4,6,15,1,320,5,1,6,13,"0,384615385",6,0,0,0,1,0,0,0
48,3,2,1,43263,2500,2,262,6,61,0,10,102,3,441,5,2,6,16,"0,3125",5,0,0,0,0,0,0,0
61,3,2,2,62845,2551,3,1099,0,45,0,0,34,11,1178,3,4,10,28,"0,107142857",8,0,0,0,1,0,0,1
35,1,2,0,18929,2413,15,32,0,8,23,4,18,1,85,1,0,4,6,"0,166666667",6,0,0,0,0,0,0,0
43,0,0,1,24367,2381,58,2,4,2,0,11,5,1,24,1,0,2,4,"0,25",9,0,0,0,0,0,0,0
40,1,0,1,33249,2409,11,6,10,21,19,14,42,2,112,2,1,3,8,"0,25",6,0,0,0,0,0,0,0
56,2,2,1,26887,2419,27,6,7,4,3,4,6,1,30,1,0,3,5,"0,2",6,0,0,0,0,0,0,0
42,4,2,0,50150,2289,32,135,46,92,65,61,11,2,410,5,2,7,16,"0,3125",5,0,0,0,0,0,0,0
49,1,1,1,62061,2217,12,641,7,84,0,30,38,3,800,10,4,7,24,"0,416666667",6,0,0,0,1,0,0,0
53,4,3,0,85696,2337,88,714,76,395,116,0,12,1,1313,4,6,9,20,"0,2",1,0,0,0,0,0,0,1
59,4,1,0,76542,2371,91,794,73,573,0,29,14,1,1483,4,8,10,23,"0,173913043",2,0,0,0,0,0,0,0
32,1,0,0,70515,2166,12,420,0,452,182,64,140,1,1258,6,6,4,17,"0,352941176",2,0,0,0,0,0,0,1
38,1,1,1,18227,2513,21,1,2,7,4,3,11,1,28,0,1,2,4,0,8,0,0,0,0,0,0,0
50,1,2,1,69139,2068,23,86,12,75,33,15,6,1,227,4,1,5,11,"0,363636364",4,0,0,0,0,0,0,0
43,1,2,0,69109,2512,10,823,25,459,124,29,95,1,1555,6,6,7,20,"0,3",4,0,0,0,0,1,0,1
53,1,0,1,69627,2384,35,231,161,215,171,30,53,2,861,8,2,11,23,"0,347826087",5,0,0,0,0,0,0,0
47,1,2,1,38136,2348,69,8,15,27,0,20,33,2,103,3,1,2,8,"0,375",8,0,0,1,0,0,0,0
64,4,0,0,62159,1977,68,182,17,259,77,70,29,1,634,6,2,10,19,"0,315789474",4,0,0,0,0,0,0,0
52,1,0,0,80695,2097,85,557,129,984,193,37,18,1,1918,5,8,5,19,"0,263157895",2,0,0,0,0,0,0,0
44,3,0,2,33316,2183,34,79,1,31,4,4,12,3,131,2,1,4,10,"0,2",6,0,0,0,0,0,0,0
47,1,1,2,58554,2556,55,368,24,68,38,0,88,6,586,8,2,6,22,"0,363636364",7,0,0,0,0,0,0,0
33,0,2,1,17256,2133,10,6,4,14,8,8,22,2,62,2,1,2,7,"0,285714286",8,0,0,1,0,0,0,0
41,1,3,2,53034,2310,30,160,15,196,15,11,50,8,447,6,1,7,22,"0,272727273",8,0,0,0,0,0,0,0
60,2,1,0,52203,2613,36,488,21,238,56,108,28,1,939,8,7,11,27,"0,296296296",6,0,0,0,0,0,0,0
48,2,3,1,59601,2254,14,691,7,69,0,7,23,4,797,2,2,7,15,"0,133333333",8,0,0,0,1,0,0,0
57,3,0,1,75154,2578,79,543,10,205,160,143,82,1,1143,6,3,6,16,"0,375",3,0,0,0,0,0,0,1
49,1,0,1,47025,2149,52,254,7,108,20,0,26,3,415,6,3,5,17,"0,352941176",6,0,0,0,0,0,0,0
42,1,2,1,37971,2131,97,5,4,10,2,2,7,1,30,1,0,3,5,"0,2",8,0,0,0,0,0,0,0
47,3,3,1,41335,2100,24,112,19,21,16,14,5,3,187,4,1,4,12,"0,333333333",7,0,0,0,0,0,0,0
57,1,2,1,67267,1962,0,134,11,59,15,2,30,1,251,3,2,5,11,"0,272727273",2,0,0,0,0,0,0,0
40,1,0,1,57338,1976,96,143,6,52,11,8,17,2,237,4,1,5,12,"0,333333333",5,0,0,0,0,0,0,0
55,2,1,2,50523,2101,89,51,4,24,4,7,1,2,91,2,0,4,8,"0,25",6,0,0,0,0,0,0,0
50,3,0,3,35791,2334,94,27,0,5,0,0,3,2,35,1,0,3,6,"0,166666667",8,0,0,0,0,0,0,0
55,4,3,1,50611,2548,98,459,0,24,6,0,4,6,493,4,5,7,22,"0,181818182",6,0,0,0,1,0,0,0
46,4,2,1,56242,2398,72,689,8,167,11,8,88,5,971,8,4,11,28,"0,285714286",6,0,0,0,0,0,0,0
55,1,0,1,48904,2489,1,283,10,38,0,13,27,4,371,7,2,4,17,"0,411764706",8,0,0,0,0,0,0,0
40,1,0,3,56243,2096,26,347,0,35,4,3,7,6,396,4,2,8,20,"0,2",5,0,0,0,0,0,0,0
40,1,2,1,21355,2228,5,5,13,14,0,5,31,2,68,2,1,2,7,"0,285714286",6,0,0,1,0,0,0,1
44,3,1,1,57420,2284,22,280,0,18,0,0,24,3,322,5,1,6,15,"0,333333333",7,0,0,0,1,0,0,0
55,3,3,1,46390,1970,56,95,14,64,2,9,38,1,222,4,2,3,10,"0,4",7,0,0,0,0,0,0,0
59,2,1,2,54342,2276,74,84,10,34,11,10,28,4,177,3,1,4,12,"0,25",6,0,0,0,0,0,0,0
42,1,2,1,20895,2546,24,18,3,17,3,0,4,1,45,2,0,3,6,"0,333333333",9,0,0,0,0,0,0,0
62,1,2,0,92344,2080,9,992,24,694,51,19,119,0,1899,5,10,5,20,"0,25",1,0,0,1,0,1,0,0
49,2,1,2,26907,2228,10,9,1,7,0,3,2,2,22,1,0,3,6,"0,166666667",7,0,0,0,0,0,0,0
45,1,1,2,44964,2475,35,19,1,17,2,0,2,1,41,1,0,3,5,"0,2",8,0,0,0,0,0,0,0
46,1,1,0,75507,1973,56,709,93,374,104,80,80,1,1440,8,6,6,21,"0,380952381",3,0,0,0,0,0,0,0
43,3,2,2,53761,2176,7,158,0,76,13,7,71,6,325,4,4,3,17,"0,235294118",5,0,0,0,0,0,0,0
42,1,1,1,22682,2184,51,10,14,29,4,2,36,3,95,2,1,4,10,"0,2",4,0,0,0,0,0,0,0
43,4,1,1,38887,2034,17,25,1,13,0,0,3,1,42,1,0,3,5,"0,2",7,0,0,0,0,0,0,0
40,2,0,2,41658,2512,30,8,4,12,15,4,29,2,72,1,1,2,6,"0,166666667",4,0,0,0,0,0,0,0
43,4,2,1,29791,1960,21,14,0,6,0,0,0,2,20,2,0,3,7,"0,285714286",5,0,0,0,0,0,0,0
59,3,2,2,63915,2249,2,622,7,115,30,0,15,2,789,6,3,12,23,"0,260869565",5,0,0,0,0,0,0,0
41,1,3,2,39996,1953,85,11,0,3,0,0,1,1,15,1,0,2,4,"0,25",6,0,0,0,0,0,0,0
43,1,3,1,26759,2057,65,25,3,16,8,5,2,2,59,2,1,3,8,"0,25",6,0,0,0,0,0,0,0
47,3,3,1,63841,2349,64,635,15,100,20,7,131,1,908,9,3,9,22,"0,409090909",6,0,0,0,0,0,0,0
46,4,2,2,51039,2481,11,100,64,79,65,0,109,2,417,6,2,4,14,"0,428571429",7,0,0,0,0,0,0,0
54,1,2,2,60544,2588,92,201,2,43,3,5,35,4,289,5,1,5,15,"0,333333333",6,0,0,0,0,0,0,0
43,1,2,1,65685,2007,54,642,14,49,0,7,57,1,769,9,2,9,21,"0,428571429",5,0,0,0,0,0,0,0
57,1,2,1,37716,1984,4,97,1,41,6,2,41,2,188,4,1,3,10,"0,4",7,0,0,0,0,0,0,0
58,1,0,1,36864,2600,53,204,5,39,17,0,89,3,354,5,2,4,14,"0,357142857",8,0,0,0,0,0,0,1
45,3,2,1,44511,2540,39,513,7,133,46,14,14,6,727,8,4,8,26,"0,307692308",8,0,0,0,0,0,0,0
48,4,2,2,36947,2606,49,88,3,21,4,1,29,4,146,3,0,4,11,"0,272727273",9,0,0,0,0,0,0,0
59,3,1,1,47352,2359,70,172,12,112,8,0,15,4,319,6,1,5,16,"0,375",7,0,0,0,0,0,0,0
57,3,2,1,67087,2109,40,329,35,222,130,35,43,2,794,7,5,8,22,"0,318181818",4,0,0,0,0,0,0,0
60,1,2,1,57045,2574,40,296,13,104,11,13,17,3,454,4,2,9,18,"0,222222222",3,0,0,0,0,0,0,0
57,4,3,2,36957,2576,43,100,2,16,2,1,31,4,152,3,2,2,11,"0,272727273",9,0,0,0,0,0,0,1
48,4,2,1,69389,2554,17,422,7,238,69,46,15,1,797,7,2,12,22,"0,318181818",4,0,0,0,0,0,0,0
43,1,2,1,80134,2320,40,1218,16,272,104,0,80,2,1690,5,3,6,16,"0,3125",6,1,0,0,1,1,0,1
46,3,2,2,43142,2046,84,5,1,7,2,1,4,1,20,1,0,2,4,"0,25",7,0,0,0,0,0,0,0
66,1,2,0,80589,2073,25,507,93,520,242,40,26,1,1428,5,10,5,21,"0,238095238",1,1,0,0,0,0,0,1
35,1,0,1,34412,2416,62,52,12,50,4,36,55,3,209,5,0,3,11,"0,454545455",9,0,0,0,0,0,0,0
46,1,0,1,57537,2299,83,191,56,139,51,8,100,4,545,4,3,8,19,"0,210526316",4,0,0,0,0,0,0,0
49,0,1,0,22634,2444,47,2,23,11,8,6,46,1,96,2,1,2,6,"0,333333333",8,0,0,0,0,0,0,0
62,1,1,0,51315,2041,45,68,28,39,16,30,41,1,222,2,2,5,10,"0,2",2,0,0,0,0,0,0,0
43,1,2,3,36026,2020,34,20,4,10,6,4,17,2,61,2,0,3,7,"0,285714286",6,0,0,0,0,0,0,0
42,1,2,2,24639,2067,3,20,3,16,0,4,1,3,44,2,0,4,9,"0,222222222",6,0,0,0,0,0,0,0
43,4,1,3,34578,1994,1,7,0,1,0,0,0,1,8,1,0,2,4,"0,25",6,0,0,0,0,0,0,0
43,2,0,0,65704,2174,18,279,172,74,38,8,246,1,817,2,10,10,23,"0,086956522",1,0,0,0,0,0,0,0
49,1,0,1,63810,2510,45,977,12,253,16,12,101,4,1371,4,3,12,23,"0,173913043",8,0,0,0,1,0,0,0
46,4,1,1,54132,2048,81,30,1,8,0,0,3,1,42,1,0,3,5,"0,2",7,0,0,0,0,0,0,0
56,1,2,0,18690,2463,77,6,1,7,23,4,19,1,60,1,1,2,5,"0,2",8,0,0,0,0,0,0,0
45,1,2,1,28164,2336,23,3,18,26,11,8,12,3,78,2,0,4,9,"0,222222222",7,0,0,0,0,0,0,0
41,4,2,1,34596,2357,48,14,0,2,0,0,7,1,23,1,0,2,4,"0,25",8,0,0,0,0,0,0,0
43,4,2,1,43269,2201,61,10,1,7,0,0,1,1,19,1,0,2,4,"0,25",8,0,0,0,0,0,0,0
57,2,0,2,38741,2006,60,7,10,17,8,6,13,2,61,2,0,3,7,"0,285714286",7,0,0,0,0,0,0,0
43,1,0,0,31907,2397,75,33,87,64,175,16,74,1,449,6,1,6,14,"0,428571429",7,0,0,0,0,0,0,0
42,3,2,1,27100,2365,64,12,0,13,2,0,10,1,37,1,0,3,5,"0,2",7,0,0,0,0,0,0,0
42,2,3,1,31163,2051,54,2,3,10,11,2,10,1,38,1,0,3,5,"0,2",6,0,0,0,0,0,0,0
40,1,2,0,92533,2107,84,693,21,118,110,147,42,1,1131,6,5,11,23,"0,260869565",2,1,0,0,0,1,0,0
42,1,0,2,34853,2103,75,9,3,15,2,3,2,2,34,2,0,3,7,"0,285714286",6,0,0,0,0,0,0,0
48,1,3,2,70844,2157,16,129,26,67,3,67,2,5,294,6,1,5,17,"0,352941176",7,0,0,0,0,0,0,0
46,2,2,2,31086,2336,79,16,2,11,3,0,16,2,48,1,1,2,6,"0,166666667",8,0,0,1,0,0,0,0
54,1,2,2,60544,2588,92,201,2,43,3,5,35,4,289,5,1,5,15,"0,333333333",6,0,0,0,0,0,0,0
39,2,1,0,20491,2435,16,5,4,5,4,2,10,1,30,0,1,2,4,0,7,0,0,0,0,0,0,0
51,1,2,0,42523,1982,96,14,36,11,3,26,35,1,125,1,1,4,7,"0,142857143",2,0,0,0,0,0,0,0
42,1,2,1,39922,2415,30,29,12,59,19,1,36,2,156,3,0,4,9,"0,333333333",8,0,0,0,0,0,0,0
58,1,1,2,33402,2261,60,26,2,19,10,5,8,3,70,2,1,3,9,"0,222222222",8,0,0,0,0,0,0,0
61,3,2,2,36408,2196,11,9,1,4,3,2,3,1,22,1,0,2,4,"0,25",6,0,0,0,0,0,0,0
46,1,1,1,21645,2579,75,14,0,23,4,5,19,3,65,3,0,3,9,"0,333333333",9,0,0,0,0,0,0,1
62,3,4,0,78427,2528,36,972,19,595,180,26,138,3,1930,3,7,10,23,"0,130434783",3,1,0,0,0,0,0,1
64,1,1,0,82657,2190,71,966,168,672,246,105,126,1,2283,7,5,10,23,"0,304347826",4,1,0,0,1,0,0,0
57,1,2,0,51876,2172,88,99,27,102,28,48,6,1,310,2,2,8,13,"0,153846154",1,0,0,0,0,0,0,0
44,2,2,0,78041,2475,93,482,35,553,72,160,17,1,1319,4,4,9,18,"0,222222222",2,0,0,0,0,0,0,0
58,1,2,1,52852,2490,93,714,8,99,11,0,47,4,879,10,7,5,26,"0,384615385",8,0,0,1,0,0,0,0
43,4,1,0,70038,2162,54,587,54,348,71,54,130,1,1244,4,4,8,17,"0,235294118",2,0,0,0,0,0,0,0
42,2,1,1,69401,2013,41,399,27,159,58,8,39,4,690,4,4,5,17,"0,235294118",2,0,0,0,0,0,0,0
43,1,1,1,46053,2412,46,56,10,92,19,7,25,3,209,3,2,4,12,"0,25",5,0,0,0,0,0,0,0
50,1,2,0,77343,1935,28,227,151,573,98,54,31,1,1134,3,4,9,17,"0,176470588",1,0,0,0,0,0,0,0
57,1,0,0,73892,2143,40,703,102,601,0,58,43,1,1507,3,11,8,23,"0,130434783",1,0,0,0,0,0,0,1
48,4,0,1,40304,2187,82,37,0,17,0,0,3,1,57,2,0,3,6,"0,333333333",7,0,0,0,0,0,0,0
50,4,1,0,32727,2585,38,167,13,180,86,13,70,2,529,7,3,5,17,"0,411764706",8,0,0,0,0,0,0,0
46,1,1,0,68695,1919,3,458,81,356,106,50,40,1,1091,4,4,7,16,"0,25",2,0,0,0,0,0,0,0
44,1,3,1,43300,2539,87,91,3,52,2,1,31,3,180,4,0,4,11,"0,363636364",8,0,0,0,0,0,0,1
43,1,1,2,26290,2448,49,15,8,16,11,5,22,4,77,2,0,4,10,"0,2",6,0,0,0,0,0,0,0
45,1,0,0,93790,2052,16,1302,68,731,89,114,45,0,2349,6,7,12,25,"0,24",2,1,0,0,1,1,0,1
41,4,2,0,38410,2568,65,153,64,123,116,64,14,2,534,5,2,9,18,"0,277777778",6,0,0,0,0,0,0,1
60,3,4,1,64866,2069,9,508,5,21,7,5,10,4,556,7,3,7,21,"0,333333333",5,0,0,0,1,0,0,0
56,1,1,1,57957,2229,24,290,59,177,77,5,29,7,637,4,6,8,25,"0,16",3,0,0,0,0,0,1,0
55,4,1,2,46015,1992,25,38,0,2,0,0,6,1,46,1,0,3,5,"0,2",7,0,1,1,0,0,0,0
47,1,1,1,16531,1926,43,2,13,6,7,5,11,3,44,3,0,3,9,"0,333333333",7,0,0,0,0,0,0,0
39,3,2,1,28072,2271,10,30,0,10,2,0,5,1,47,1,0,3,5,"0,2",7,0,0,0,0,0,0,0
52,3,3,1,49476,2289,29,386,23,95,54,41,196,4,795,2,11,5,22,"0,090909091",2,0,0,0,0,0,0,0
57,1,2,1,50725,2416,45,443,10,75,0,10,48,4,586,8,1,8,21,"0,380952381",8,0,0,0,0,0,0,0
58,1,1,0,83844,2328,57,901,31,345,75,31,191,1,1574,4,4,11,20,"0,2",1,0,0,0,0,1,0,0
60,4,2,2,41145,2056,20,9,0,3,0,0,1,1,13,0,0,3,4,0,3,0,0,0,0,0,0,0
45,1,1,1,67419,2444,29,846,84,352,91,56,42,4,1471,9,4,8,25,"0,36",5,0,0,0,0,0,0,0
45,2,2,2,23162,2105,82,8,3,9,19,4,22,3,65,1,1,3,8,"0,125",6,0,0,0,0,0,0,0
48,1,2,1,34380,2338,68,72,7,58,13,1,24,4,175,4,1,3,12,"0,333333333",8,0,0,0,0,0,0,0
49,1,0,1,34704,2343,65,29,0,5,0,1,5,1,40,1,0,3,5,"0,2",5,0,0,0,0,0,0,0
46,4,2,2,94871,2581,99,169,24,553,188,0,144,1,1078,8,5,4,18,"0,444444444",7,0,0,0,1,1,0,1
57,1,2,1,65148,2505,9,460,35,422,33,12,153,2,1115,6,6,7,21,"0,285714286",4,0,0,0,0,0,0,0
56,1,1,1,39898,2417,20,69,8,26,12,7,12,2,134,3,0,4,9,"0,333333333",7,0,0,0,0,0,0,0
59,3,0,0,64857,2498,78,556,14,717,210,0,43,1,1540,7,5,10,23,"0,304347826",4,0,0,0,0,0,0,0
45,4,2,1,59892,2154,26,73,0,13,0,1,0,1,87,2,1,3,7,"0,285714286",3,0,0,0,0,0,0,0
38,3,0,0,41020,2159,68,112,1,54,7,7,36,1,217,3,2,4,10,"0,3",3,0,0,0,0,0,0,0
54,4,2,1,57072,2071,79,944,0,60,0,0,30,2,1034,7,5,13,27,"0,259259259",5,0,0,1,0,0,0,0
46,1,0,1,60474,2369,25,265,199,303,234,9,170,7,1180,10,2,12,31,"0,322580645",7,0,0,0,0,0,0,0
55,1,1,1,62807,2582,83,526,28,135,10,21,99,3,819,5,3,12,23,"0,217391304",5,0,0,0,0,0,0,0
44,2,1,1,19414,2171,32,2,3,12,3,5,7,1,32,1,0,3,5,"0,2",8,0,0,0,0,0,0,0
45,1,2,1,19107,2226,49,2,4,9,10,5,16,2,46,1,0,3,6,"0,166666667",7,0,0,0,0,0,0,0
49,2,1,1,75484,2611,50,378,97,259,197,194,34,2,1159,7,3,6,18,"0,388888889",4,0,0,0,0,0,0,0
49,3,0,1,70379,2398,84,553,25,142,65,67,8,3,860,6,3,13,25,"0,24",4,0,0,0,0,0,0,0
45,3,1,0,79419,1922,96,751,127,687,20,15,31,1,1631,4,6,4,15,"0,266666667",2,0,0,0,0,0,0,0
64,4,1,3,64014,1934,56,406,0,30,0,0,8,7,444,8,2,5,22,"0,363636364",7,1,0,0,0,0,0,0
55,1,2,1,76998,2449,85,1449,89,161,69,35,107,2,1910,11,8,8,29,"0,379310345",6,0,0,0,0,1,0,0
43,3,1,1,49854,2146,63,123,17,171,39,0,30,5,380,6,2,5,18,"0,333333333",6,0,0,0,0,0,0,0
44,4,2,2,60585,2285,17,267,42,309,55,42,21,10,736,7,4,9,30,"0,233333333",5,0,0,0,0,0,0,1
60,4,3,2,42873,2439,11,209,0,40,3,2,15,4,269,6,1,4,15,"0,4",8,0,0,0,0,0,0,0
37,1,1,0,87679,2252,62,1259,172,815,97,148,33,1,2524,7,11,10,29,"0,24137931",4,1,0,1,0,1,0,1
47,1,1,1,57867,2186,48,344,35,178,15,23,17,7,612,7,2,9,25,"0,28",6,0,0,0,0,0,0,0
35,1,2,1,35765,2115,86,22,3,30,0,5,15,2,75,2,0,4,8,"0,25",6,0,0,0,0,0,0,0
56,1,2,0,65492,2069,73,247,161,295,210,85,47,2,1045,4,7,13,26,"0,153846154",2,0,0,0,0,0,0,0
48,1,3,1,32952,2125,36,38,0,12,3,1,1,1,55,2,0,3,6,"0,333333333",7,0,0,0,0,0,0,0
46,4,1,1,53374,2597,34,896,10,101,13,10,34,6,1064,4,2,9,21,"0,19047619",9,0,0,1,0,0,0,1
56,1,1,1,71706,2508,16,931,56,253,91,98,14,4,1443,9,5,7,25,"0,36",5,0,0,0,0,0,0,0
37,1,2,0,68487,2447,48,758,12,385,33,89,89,1,1366,9,7,13,30,"0,3",4,0,0,0,0,0,0,0
40,3,1,2,53253,2418,61,216,9,57,20,9,125,7,436,4,3,5,19,"0,210526316",5,0,0,0,0,0,0,0
42,2,3,1,31163,2051,54,2,3,10,11,2,10,1,38,1,0,3,5,"0,2",6,0,0,0,0,0,0,0
48,1,2,1,42014,2596,56,244,15,108,4,15,50,6,436,7,1,6,20,"0,35",8,0,0,0,0,0,0,1
42,3,2,2,54108,2516,74,539,6,91,8,6,97,13,747,8,2,9,32,"0,25",8,0,0,0,0,0,0,0
55,4,0,0,49667,2593,35,1181,26,120,17,13,39,2,1396,5,10,5,22,"0,227272727",8,0,0,1,0,0,0,1
41,3,2,0,63206,2016,65,750,8,125,11,8,26,1,928,4,3,6,14,"0,285714286",2,0,0,0,0,1,0,0
43,3,2,2,57136,2270,48,306,5,109,21,109,92,9,642,5,2,10,26,"0,192307692",6,0,0,0,0,0,0,0
40,2,1,1,46772,2514,88,350,104,189,197,151,57,6,1048,11,8,5,30,"0,366666667",8,0,0,1,0,0,0,0
44,4,2,0,78931,2162,19,331,197,170,58,152,35,1,943,2,8,13,24,"0,083333333",1,0,0,0,0,0,0,0
57,1,1,1,53977,2301,21,620,16,165,0,24,82,5,907,5,5,12,27,"0,185185185",5,0,0,0,0,0,0,0
37,1,2,0,84219,2062,27,434,137,400,45,137,45,1,1198,3,4,10,18,"0,166666667",1,0,0,0,0,0,0,0
40,3,0,2,46098,2595,86,57,0,27,0,0,36,4,120,3,2,2,11,"0,272727273",8,0,0,0,0,0,0,0
50,1,2,1,73538,2496,92,811,76,428,99,137,107,3,1658,10,4,9,26,"0,384615385",7,0,0,0,0,0,0,0
39,1,2,0,79529,1978,1,423,42,706,73,197,197,1,1638,4,8,9,22,"0,181818182",2,0,0,0,0,0,0,0
48,2,1,0,20981,2340,14,2,12,10,6,13,30,1,73,3,1,2,7,"0,428571429",8,0,0,0,0,0,0,1
45,1,0,1,51766,2025,74,60,51,87,6,20,51,2,275,4,2,4,12,"0,333333333",5,0,0,0,0,0,0,0
53,1,2,1,55759,2493,84,675,0,85,10,7,77,5,854,10,3,8,26,"0,384615385",8,0,0,0,0,0,0,0
47,1,2,1,33039,2208,4,30,8,12,8,8,12,1,78,2,0,4,7,"0,285714286",5,0,0,0,0,0,0,0
43,3,2,1,37787,2197,50,40,1,40,4,3,18,1,106,3,0,3,7,"0,428571429",8,0,0,0,0,0,0,0
45,1,0,1,27242,2510,2,3,17,26,20,1,39,2,106,2,0,3,7,"0,285714286",9,0,0,0,0,0,0,1
42,4,0,0,87188,2306,73,910,111,724,49,74,55,1,1923,10,2,6,19,"0,526315789",3,0,0,0,0,0,0,1
44,1,1,0,69930,2314,21,252,98,827,219,70,196,1,1662,4,5,12,22,"0,181818182",3,0,0,0,0,0,0,0
49,1,0,1,37697,2057,82,34,6,21,11,4,8,1,84,2,1,3,7,"0,285714286",6,0,0,0,0,0,0,0
42,4,2,1,37401,1969,14,19,3,19,3,1,3,2,48,2,0,3,7,"0,285714286",7,0,0,0,0,0,0,0
42,1,0,1,3502,2357,56,2,1,1,0,0,1,0,5,0,0,0,0,0,14,0,0,0,0,0,0,0
49,1,2,2,58597,2501,20,490,0,184,10,28,21,12,733,7,4,9,32,"0,21875",7,0,0,0,0,0,0,0
62,4,4,0,82032,2000,54,332,194,377,149,125,57,0,1234,4,6,7,17,"0,235294118",1,0,0,0,0,0,0,0
57,1,1,2,28087,2480,77,53,8,17,13,0,21,3,112,2,2,2,9,"0,222222222",7,0,0,0,0,0,0,0
38,4,0,0,74004,2040,5,784,48,560,42,176,48,1,1658,4,6,4,15,"0,266666667",3,1,0,0,0,1,0,1
55,1,1,1,19740,2377,65,7,11,3,10,4,20,2,55,1,1,3,7,"0,142857143",5,0,0,0,0,0,0,0
40,2,2,1,57036,2480,33,1171,43,219,19,14,47,4,1513,6,3,13,26,"0,230769231",9,0,0,1,0,0,0,0
57,2,1,2,53083,2325,65,215,7,33,3,0,13,6,271,5,1,5,17,"0,294117647",7,0,0,0,1,0,0,0
40,4,2,1,69283,1930,41,674,62,134,0,26,8,4,904,7,3,13,27,"0,259259259",5,0,0,0,0,0,0,0
40,3,0,2,46098,2595,86,57,0,27,0,0,36,4,120,3,2,2,11,"0,272727273",8,0,0,0,0,0,0,1
37,2,2,1,23331,2578,92,5,36,7,0,10,45,2,103,3,0,3,8,"0,375",8,0,0,0,0,0,0,0
37,2,0,1,23331,2547,97,104,20,101,24,15,5,6,269,5,1,5,17,"0,294117647",9,0,0,0,0,0,0,0
36,1,0,1,9255,2106,91,9,0,7,2,0,4,1,22,1,1,2,5,"0,2",8,0,0,0,0,0,0,0
56,4,4,0,67786,2119,0,431,82,441,80,20,102,1,1156,3,6,6,16,"0,1875",1,0,0,0,0,0,0,1
44,4,2,1,71969,2536,59,1000,0,76,0,0,10,3,1086,3,4,9,19,"0,157894737",8,0,0,0,1,0,0,0
48,3,0,1,59235,2448,4,448,40,469,80,0,91,3,1128,11,2,12,28,"0,392857143",7,0,0,0,0,0,0,0
36,1,1,1,31928,2008,5,33,4,24,4,2,5,2,72,3,0,4,9,"0,333333333",7,0,0,0,0,0,0,0
54,3,1,2,74881,2393,48,505,72,270,36,27,54,4,964,9,2,12,27,"0,333333333",5,0,0,0,0,0,0,0
47,1,2,0,65819,2492,99,267,38,701,149,165,63,1,1383,5,4,10,20,"0,25",3,0,0,0,0,0,0,0
57,4,0,3,51411,2314,81,14,0,3,0,0,1,1,18,0,0,3,4,0,5,0,0,0,0,0,0,0
51,1,3,1,51983,2582,95,631,0,115,10,7,30,3,793,9,2,10,24,"0,375",7,0,0,0,0,0,0,0
39,3,1,1,42386,2447,43,65,4,16,0,4,11,1,100,3,0,3,7,"0,428571429",8,0,0,0,0,0,0,0
38,2,2,0,30390,2215,5,10,12,12,25,1,20,1,80,2,0,3,6,"0,333333333",6,0,0,0,0,0,0,0
52,1,0,0,30983,2512,50,51,4,50,12,1,49,1,167,4,0,3,8,"0,5",8,0,0,0,0,0,0,1
58,1,4,1,66033,2440,76,293,35,179,46,59,65,2,677,8,3,7,20,"0,4",7,0,0,0,0,0,0,0
40,2,2,2,37284,2372,46,11,1,2,2,1,6,1,23,0,0,3,4,0,6,0,0,0,0,0,0,0
59,3,3,1,57530,2175,68,50,1,27,6,7,1,1,92,1,1,4,7,"0,142857143",1,0,0,0,0,0,0,0
50,2,2,0,76800,2028,33,173,26,255,35,71,81,1,641,4,4,7,16,"0,25",1,0,0,0,0,0,0,0
59,1,2,1,63943,2580,50,423,184,368,13,97,21,1,1106,6,4,6,17,"0,352941176",5,0,0,0,0,0,0,0
53,1,1,0,76081,1952,85,292,30,415,63,33,200,1,1033,4,5,4,14,"0,285714286",2,1,0,0,0,0,0,0
41,1,2,1,67445,2601,63,757,80,217,29,80,11,5,1174,9,6,12,32,"0,28125",6,0,0,0,0,0,0,0
48,3,2,2,37054,2202,89,12,1,6,0,1,5,2,25,1,0,3,6,"0,166666667",7,0,0,0,0,0,0,0
53,3,1,2,47175,2524,81,167,2,44,6,2,19,7,240,4,2,4,17,"0,235294118",8,0,0,1,0,0,0,1
49,1,3,1,31859,2295,77,3,1,3,8,0,5,1,20,1,0,2,4,"0,25",7,0,0,0,0,0,0,0
54,1,3,3,27215,2437,50,30,5,22,8,9,28,4,102,2,1,4,11,"0,181818182",6,0,0,0,0,0,0,0
49,4,3,1,70179,2258,10,532,88,168,69,44,133,3,1034,7,3,13,26,"0,269230769",5,0,0,0,0,0,0,0
42,1,2,1,39922,2415,30,29,12,59,19,1,36,2,156,3,0,4,9,"0,333333333",8,0,0,0,0,0,0,0
49,3,2,2,49681,2152,66,411,0,26,0,0,21,6,458,7,1,7,21,"0,333333333",7,0,0,0,0,0,0,0
37,1,2,1,24645,2520,16,5,3,4,4,1,0,1,17,1,0,2,4,"0,25",8,0,0,0,0,0,0,0
56,1,3,1,79865,1926,12,71,99,278,185,121,38,1,792,5,10,5,21,"0,238095238",1,0,0,0,0,0,0,0
40,1,2,1,44322,1928,30,46,0,40,3,0,3,2,92,3,0,3,8,"0,375",8,0,0,0,0,0,0,0
58,1,0,1,47958,2441,8,268,11,88,15,3,22,2,407,6,3,5,16,"0,375",5,0,0,0,0,0,0,0
51,3,0,1,63972,2489,93,928,63,254,0,12,12,4,1269,5,4,10,23,"0,217391304",4,0,0,0,1,0,0,0
56,1,1,1,75315,1990,14,459,15,171,142,23,31,2,841,5,4,12,23,"0,217391304",2,0,0,0,0,0,0,0
60,4,2,2,55517,2555,53,483,0,108,0,6,36,5,633,11,1,6,23,"0,47826087",9,0,0,0,0,0,0,1
58,4,2,3,75283,2374,26,733,9,180,12,19,66,11,1019,6,3,5,25,"0,24",4,0,0,0,0,0,0,0
64,4,0,0,82800,2497,23,1006,22,115,59,68,45,1,1315,7,6,12,26,"0,269230769",3,1,0,0,0,1,0,1
56,1,2,2,38998,2518,92,34,1,14,0,0,5,3,54,2,0,3,8,"0,25",8,0,0,0,0,0,1,0
34,3,0,0,90638,2051,29,1156,120,915,94,144,96,1,2525,3,4,10,18,"0,166666667",1,0,0,0,0,1,0,1
39,3,2,1,27161,2159,41,7,4,23,7,0,11,1,52,1,0,3,5,"0,2",7,0,0,0,0,0,0,0
48,1,2,1,42014,2596,56,244,15,108,4,15,50,6,436,7,1,6,20,"0,35",8,0,0,0,0,0,0,1
55,4,1,1,38201,2372,19,233,0,23,0,0,12,4,268,5,1,5,15,"0,333333333",8,0,0,0,0,0,0,0
43,1,1,2,45203,2013,4,35,3,67,10,8,24,1,147,3,1,3,8,"0,375",6,0,0,0,0,0,0,1
63,4,1,0,81574,1977,89,1252,0,465,46,35,0,1,1798,4,5,8,18,"0,222222222",1,0,0,0,1,1,0,0
33,1,2,0,34935,2288,71,34,4,66,3,10,20,1,137,2,1,4,8,"0,25",7,0,0,0,0,0,0,0
49,3,0,1,60482,2437,81,255,43,134,37,14,24,1,507,7,2,7,17,"0,411764706",7,0,0,0,0,0,0,0
59,1,1,3,34633,2072,31,8,1,5,0,0,1,1,15,1,0,2,4,"0,25",6,0,0,0,0,0,0,0
63,3,1,0,78093,2115,53,368,32,639,13,43,10,1,1105,4,7,5,17,"0,235294118",1,0,0,0,0,0,0,0
60,1,3,0,82460,2124,78,255,47,573,52,32,15,1,974,5,3,6,15,"0,333333333",1,0,0,0,0,0,0,0
49,3,1,1,45903,1982,80,33,8,10,2,10,3,2,66,2,1,3,8,"0,25",4,0,0,0,0,0,0,0
38,1,3,0,81361,2039,18,163,23,424,27,65,76,1,778,3,10,13,27,"0,111111111",1,0,0,0,0,0,0,1
42,4,3,2,35860,1956,37,15,0,8,4,2,20,2,49,1,1,2,6,"0,166666667",5,0,0,1,0,0,0,1
58,3,1,2,40442,2594,52,45,12,52,25,22,13,4,169,3,1,4,12,"0,25",7,0,0,0,0,0,0,1
50,1,2,0,61482,1917,39,48,58,68,16,66,43,1,299,3,2,6,12,"0,25",2,0,0,0,0,0,0,0
45,1,2,1,34968,2360,11,158,6,45,8,2,2,7,221,3,2,5,17,"0,176470588",7,0,0,0,0,0,0,0
38,1,2,0,75794,2102,33,754,160,625,63,32,48,1,1682,7,5,12,25,"0,28",3,1,0,0,0,0,0,0
53,4,1,1,31497,2485,22,108,1,28,13,1,4,2,155,3,1,4,10,"0,3",8,0,0,0,0,0,0,0
55,1,2,0,74268,2415,83,199,66,315,97,174,41,1,892,4,3,5,13,"0,307692308",2,0,0,0,0,0,0,0
37,0,1,1,13724,2582,43,2,7,5,2,15,27,1,58,2,0,2,5,"0,4",9,0,0,1,0,0,0,0
50,3,1,1,45143,2222,74,202,5,74,11,5,14,3,311,6,1,5,15,"0,4",7,0,0,0,0,0,0,0
48,4,0,1,52569,2000,54,85,0,3,0,0,7,1,95,2,0,4,7,"0,285714286",3,0,0,0,0,0,0,0
42,4,0,1,48432,2534,3,322,3,50,4,3,42,5,424,7,1,6,19,"0,368421053",8,0,0,0,0,0,0,1
55,3,1,2,17144,2049,96,18,2,19,0,2,6,5,47,3,0,4,12,"0,25",7,0,0,0,0,0,0,0
41,1,0,1,36108,2172,68,141,8,129,3,11,47,3,339,7,1,4,15,"0,466666667",9,0,0,1,0,0,0,0
44,1,2,1,76445,2554,2,739,107,309,140,80,35,1,1410,2,5,13,21,"0,095238095",6,0,0,0,0,0,0,0
40,4,2,1,36663,1980,40,18,0,6,3,3,5,1,35,1,1,3,6,"0,166666667",2,0,0,0,0,0,0,0
50,3,2,1,53843,2282,64,378,0,88,19,4,73,4,562,8,5,3,20,"0,4",7,0,0,0,0,0,0,0
59,3,2,0,90226,2556,26,1083,108,649,253,151,108,1,2352,4,7,12,24,"0,166666667",2,1,0,0,0,0,0,0
55,3,3,0,70638,2308,69,1016,12,215,16,12,63,1,1334,4,5,10,20,"0,2",3,0,0,0,1,0,0,0
55,1,1,2,44512,2218,57,23,1,6,0,0,2,2,32,1,0,3,6,"0,166666667",4,0,0,0,0,0,0,0
54,1,2,2,27116,2034,78,12,1,21,2,2,3,2,41,2,0,3,7,"0,285714286",7,0,0,0,0,0,0,0
52,4,2,2,54072,2252,71,35,0,4,0,0,0,1,39,2,0,2,5,"0,4",8,0,0,0,0,0,0,0
48,1,2,1,71855,2444,59,548,31,422,0,112,28,4,1141,5,5,11,25,"0,2",3,0,0,0,0,0,0,0
35,2,0,1,51250,2371,28,342,32,230,34,32,40,5,710,10,5,4,24,"0,416666667",9,0,0,1,0,0,0,0
42,3,2,1,60432,2027,61,365,3,15,4,3,11,5,401,7,2,5,19,"0,368421053",6,0,0,0,0,0,0,0
51,4,2,1,65526,1994,22,397,19,69,12,0,9,1,506,4,4,8,17,"0,235294118",2,0,0,0,0,0,0,0
37,1,0,0,68655,2603,95,456,19,832,75,118,38,1,1538,4,5,11,21,"0,19047619",3,0,0,0,0,0,0,0
47,2,2,0,12393,2487,38,5,6,15,11,7,13,1,57,2,0,3,6,"0,333333333",9,0,0,0,0,0,0,0
35,1,0,0,64509,2231,19,836,185,575,24,25,77,1,1722,6,3,9,19,"0,315789474",4,0,0,1,0,0,0,1
40,1,0,1,33955,2239,92,100,2,128,23,7,10,4,270,5,1,5,15,"0,333333333",8,0,0,0,0,0,0,0
48,1,2,2,31353,2097,24,10,0,10,3,1,7,2,31,1,1,2,6,"0,166666667",8,0,0,0,0,0,0,1
41,1,2,1,55434,2182,21,238,115,215,169,69,76,3,882,5,3,13,24,"0,208333333",4,0,0,0,0,0,0,0
42,1,1,1,28359,2160,35,6,0,5,2,1,2,1,16,1,0,2,4,"0,25",7,0,0,0,0,0,0,0
38,1,0,1,57100,1957,9,158,11,99,15,11,17,2,311,3,2,7,14,"0,214285714",3,0,0,0,0,0,0,0
50,1,2,1,69139,2068,23,86,12,75,33,15,6,1,227,4,1,5,11,"0,363636364",4,0,0,0,0,0,0,0
59,3,2,1,52973,2513,92,856,0,76,12,9,199,7,1152,9,6,9,31,"0,290322581",8,0,0,0,0,0,0,0
50,4,1,1,51717,2228,55,98,1,17,0,1,5,1,122,3,0,4,8,"0,375",7,0,0,0,1,0,0,0
44,1,2,1,18793,2448,14,4,16,20,0,17,20,3,77,2,0,4,9,"0,222222222",8,0,0,0,0,0,0,0
43,2,1,0,66664,2557,78,398,96,447,220,96,32,1,1289,5,7,6,19,"0,263157895",3,0,0,0,0,0,0,0
56,1,0,2,50664,2444,64,313,8,104,6,4,126,9,561,8,1,6,24,"0,333333333",9,0,0,0,0,0,0,0
52,1,1,2,54414,2437,49,109,18,16,24,26,18,4,211,3,1,5,13,"0,230769231",4,0,0,0,0,0,0,0
58,4,2,1,54549,2033,8,216,2,6,0,0,9,2,233,5,1,4,12,"0,416666667",7,0,0,0,0,0,0,0
44,4,4,1,47111,2574,35,595,71,153,120,112,41,6,1092,3,2,10,21,"0,142857143",9,0,0,0,0,0,0,0
52,4,3,0,41003,2384,11,123,133,142,71,44,88,1,601,6,2,8,17,"0,352941176",6,0,0,0,0,0,0,0
43,1,1,1,19444,2042,8,16,0,23,3,2,10,3,54,4,1,2,10,"0,4",7,0,0,0,0,0,0,1
49,2,1,1,36301,2162,53,11,12,35,3,5,12,1,78,3,0,3,7,"0,428571429",7,0,0,0,0,0,0,0
63,4,1,1,73059,2217,36,410,112,420,0,82,71,1,1095,9,3,13,26,"0,346153846",4,0,0,0,0,0,0,0
46,4,1,1,42731,2166,64,159,2,51,6,2,24,3,244,4,1,5,13,"0,307692308",5,0,0,0,0,0,0,0
56,4,2,2,52854,2012,43,105,0,10,0,1,0,2,116,2,1,4,9,"0,222222222",5,0,0,0,0,0,0,0
47,1,1,1,22775,2290,40,5,1,8,0,0,1,1,15,1,0,2,4,"0,25",8,0,0,0,0,0,0,0
62,4,1,2,46681,2179,52,269,15,69,15,19,38,2,425,4,6,4,16,"0,25",5,0,0,0,0,0,0,0
55,4,2,1,59821,2358,11,629,0,70,0,0,35,6,734,11,2,7,26,"0,423076923",8,0,0,0,0,0,0,0
56,1,3,1,50002,2292,21,443,5,71,21,16,82,2,638,8,2,7,19,"0,421052632",7,0,0,0,0,0,0,0
65,1,2,0,69755,2185,23,217,77,373,111,23,93,1,894,3,6,12,22,"0,136363636",1,0,0,0,0,0,0,0
46,1,2,2,44078,1925,17,24,1,10,2,0,4,2,41,2,0,3,7,"0,285714286",5,0,0,0,0,0,0,0
49,3,1,1,30560,2282,6,9,1,5,4,5,7,1,31,1,0,3,5,"0,2",7,0,0,0,0,0,0,0
46,3,1,2,35924,2013,56,8,0,14,2,3,7,1,34,1,0,3,5,"0,2",5,0,0,0,0,0,0,0
51,4,3,2,64140,2194,71,1459,0,61,0,15,215,5,1750,2,5,6,18,"0,111111111",5,0,1,1,0,1,0,1
44,1,1,2,56386,2525,51,230,48,214,13,32,75,8,612,9,1,7,25,"0,36",9,0,0,0,0,0,0,0
46,0,1,1,24594,2116,94,1,3,6,10,0,9,1,29,1,0,3,5,"0,2",5,0,0,0,0,0,0,0
44,2,1,1,75774,1973,27,340,21,134,258,14,56,1,823,7,5,8,21,"0,333333333",4,0,0,0,0,0,0,0
55,3,3,0,39228,2330,1,7,1,6,0,3,3,1,20,0,0,3,4,0,4,0,0,0,0,0,0,0
41,3,2,1,58494,2114,56,298,7,68,4,0,19,2,396,6,2,6,16,"0,375",6,0,0,0,0,0,0,0
44,1,0,0,58684,1928,71,479,35,179,28,7,85,1,813,5,3,12,21,"0,238095238",2,0,0,0,1,0,0,0
48,1,3,0,57136,2322,18,267,140,599,34,12,127,1,1179,7,5,7,20,"0,35",6,0,0,0,0,0,0,1
60,4,4,2,56551,1968,48,67,4,32,17,2,16,3,138,2,1,4,10,"0,2",4,0,0,0,0,0,0,0
43,1,2,1,22448,2038,86,3,1,8,23,2,18,3,55,2,1,3,9,"0,222222222",3,0,0,0,0,0,0,0
54,1,0,0,82014,2593,48,980,37,265,35,163,31,1,1511,3,6,12,22,"0,136363636",6,0,0,0,0,0,0,1
52,1,4,2,34213,2575,2,50,4,28,6,3,26,3,117,3,1,2,9,"0,333333333",9,0,0,0,0,0,0,1
48,1,1,0,157146,2341,13,1,0,1725,2,1,1,0,1730,0,28,0,28,0,1,0,0,0,0,0,0,0
63,4,4,1,25358,2257,57,19,0,5,0,0,8,2,32,1,0,3,6,"0,166666667",6,0,0,0,0,0,0,0
47,3,0,1,35544,2028,77,30,5,23,4,1,4,1,67,2,0,3,6,"0,333333333",7,0,0,0,0,0,0,0
56,3,1,1,36634,2312,0,213,9,76,4,3,30,3,335,5,2,5,15,"0,333333333",7,0,0,0,0,0,0,0
56,4,2,1,62670,2062,57,539,30,92,80,46,38,1,825,5,3,13,22,"0,227272727",3,0,0,0,0,0,0,0
43,2,1,1,50334,2255,24,284,16,160,84,16,134,6,694,7,4,6,23,"0,304347826",6,0,0,0,0,0,0,0
44,1,0,0,72066,1921,55,1003,34,536,134,51,34,1,1792,4,6,6,17,"0,235294118",2,1,0,0,0,1,0,1
57,4,0,2,50729,2338,62,239,13,143,45,4,52,9,496,6,2,7,24,"0,25",6,0,0,0,0,0,0,0
47,1,1,2,34916,2325,89,51,23,82,33,0,42,4,231,5,1,3,13,"0,384615385",9,0,0,0,0,0,0,0
49,1,3,1,64892,1946,77,527,24,230,32,24,65,2,902,6,4,12,24,"0,25",4,0,0,0,0,0,0,0
49,1,0,2,43602,2085,45,19,5,12,10,3,19,3,68,3,1,2,9,"0,333333333",6,0,0,0,0,0,0,0
36,4,0,0,33996,2206,46,40,2,15,8,0,6,1,71,1,1,3,6,"0,166666667",4,0,0,0,0,0,0,0
40,2,0,1,41473,2290,80,21,8,20,15,3,9,1,76,2,0,3,6,"0,333333333",7,0,0,0,0,0,0,0
48,4,2,2,63246,2228,60,593,30,91,29,22,7,1,772,6,3,12,22,"0,272727273",4,0,0,0,0,0,0,0
56,4,2,2,36732,2097,71,21,5,3,10,1,7,3,47,1,1,4,9,"0,111111111",2,0,0,0,0,0,0,0
45,4,2,1,69084,2137,43,1181,107,199,39,30,30,2,1586,7,3,13,25,"0,28",8,0,0,0,0,0,0,0
48,4,2,1,77766,2407,97,1004,59,265,115,59,27,2,1529,11,10,11,34,"0,323529412",6,0,0,1,0,0,0,1
40,4,0,0,37929,2249,49,202,2,46,3,2,10,2,265,4,2,5,13,"0,307692308",7,1,0,0,1,0,0,1
59,1,1,0,86610,2212,66,446,107,768,33,196,53,1,1603,5,6,6,18,"0,277777778",2,0,0,0,0,0,0,0
39,3,2,0,80141,2449,20,1184,102,673,52,40,40,1,2091,7,4,10,22,"0,318181818",6,0,0,0,0,1,0,1
55,2,2,0,72635,2306,54,390,22,323,104,35,107,1,981,6,8,6,21,"0,285714286",3,1,0,0,0,0,0,0
45,1,2,1,69016,2499,61,726,53,363,123,107,161,4,1533,8,9,13,34,"0,235294118",5,0,0,0,0,0,0,0
34,2,1,0,20193,2493,18,8,8,22,24,11,9,1,82,1,1,4,7,"0,142857143",4,0,0,0,0,0,0,0
40,1,2,1,27573,2376,45,50,15,110,39,15,15,4,244,5,1,4,14,"0,357142857",8,0,0,0,0,0,0,0
46,0,0,1,15862,2282,26,1,1,4,11,9,10,1,36,1,0,3,5,"0,2",8,0,0,0,0,0,0,0
49,4,2,1,49544,2417,0,308,0,73,0,0,23,2,404,5,1,8,16,"0,3125",7,0,0,0,0,0,0,0
45,1,2,1,33228,2072,28,22,2,31,7,4,5,1,71,2,0,3,6,"0,333333333",7,0,0,0,0,0,0,0
47,1,1,0,70440,2179,49,690,117,499,76,102,88,1,1572,5,10,7,23,"0,217391304",3,1,0,0,0,0,0,0
44,1,1,2,38232,2078,84,43,5,28,7,6,33,4,122,3,1,3,11,"0,272727273",5,0,0,0,0,0,0,0
55,4,2,2,22554,2518,38,27,0,10,0,0,4,4,41,2,0,4,10,"0,2",5,0,0,0,0,0,0,0
42,4,2,1,23536,1940,53,6,0,3,0,0,1,1,10,0,0,3,4,0,3,0,0,0,0,0,0,0
58,1,2,1,49413,2162,88,205,7,41,3,2,46,2,304,4,2,5,13,"0,307692308",5,0,0,0,0,0,0,0
46,1,2,2,42231,2011,99,24,0,8,0,1,4,1,37,1,0,3,5,"0,2",5,0,0,0,0,0,0,0
45,3,3,0,78789,2605,12,667,50,850,21,83,83,1,1754,4,6,5,16,"0,25",2,0,0,0,0,0,0,1
47,1,1,1,56534,2256,35,691,7,61,10,0,46,4,815,10,4,7,25,"0,4",8,0,1,0,1,0,0,1
44,1,0,1,58350,2456,5,493,26,206,116,80,80,4,1001,8,3,12,27,"0,296296296",6,0,0,0,0,0,0,0
36,1,0,0,81217,2260,77,493,70,324,146,40,84,1,1157,3,7,11,22,"0,136363636",1,0,0,0,0,0,0,0
59,1,0,1,49090,2260,45,494,5,82,7,0,100,3,688,7,2,9,21,"0,333333333",7,0,0,0,0,0,0,0
38,3,3,0,61787,2273,71,621,73,414,78,48,85,1,1319,8,4,6,19,"0,421052632",5,0,0,0,0,0,0,0
40,4,2,1,18169,2410,40,9,0,5,0,0,7,1,21,1,0,2,4,"0,25",8,0,0,0,0,0,0,0
44,2,0,1,24336,2586,82,1,6,2,8,2,12,1,31,1,0,2,4,"0,25",7,0,0,0,0,0,0,0
35,1,2,0,18222,2460,70,12,4,19,12,6,14,1,67,2,0,3,6,"0,333333333",8,0,0,0,0,0,0,0
58,1,3,1,62335,2317,87,243,131,217,85,6,26,2,708,3,3,13,21,"0,142857143",2,0,0,0,0,0,0,0
44,2,1,2,42033,2563,95,11,1,4,2,0,7,1,25,1,0,2,4,"0,25",7,0,0,0,0,0,0,0
42,4,2,0,86580,2402,72,532,21,127,26,20,20,0,746,4,2,5,11,"0,363636364",1,0,0,0,0,1,0,0
58,4,3,2,41437,2560,5,29,0,2,0,0,1,1,32,1,0,3,5,"0,2",7,0,0,0,0,0,0,0
59,3,4,2,73705,2031,86,612,91,520,258,107,107,2,1695,9,6,8,25,"0,36",5,0,0,0,0,0,0,0
49,1,2,1,61064,2582,80,387,126,342,0,45,180,5,1080,8,4,11,28,"0,285714286",6,0,0,0,0,0,0,0
55,3,2,2,38452,2006,62,56,0,14,0,0,2,3,72,3,0,3,9,"0,333333333",7,0,0,0,0,0,0,0
36,1,0,1,18358,2136,49,6,8,19,16,4,4,3,57,3,0,4,10,"0,3",7,0,0,0,0,0,0,0
42,4,1,1,55012,2015,85,582,0,65,0,0,13,6,660,8,2,9,25,"0,32",5,0,0,0,0,0,0,0
42,0,1,1,9722,2550,7,6,17,16,6,16,42,4,103,3,1,3,11,"0,272727273",8,0,0,0,0,0,0,1
41,4,2,1,38175,2194,6,70,6,69,2,3,3,3,153,3,1,4,11,"0,272727273",7,0,0,0,0,0,0,0
59,3,1,1,58656,2562,25,962,12,194,16,24,12,4,1220,7,8,13,32,"0,21875",6,0,0,0,0,1,0,0
50,1,1,1,52117,2597,55,112,10,107,30,0,20,2,279,5,2,4,13,"0,384615385",7,0,0,0,0,0,0,0
47,1,2,1,64813,2093,81,293,0,124,179,97,52,1,745,7,2,10,20,"0,35",5,0,0,0,0,0,0,0
42,4,2,1,54222,2035,98,199,12,31,3,12,7,1,264,3,3,5,12,"0,25",3,0,0,0,0,0,0,0
39,1,2,0,83512,1927,31,1060,61,835,80,20,101,1,2157,4,7,10,22,"0,181818182",1,1,1,1,0,1,0,1
56,3,2,1,77520,2220,30,940,44,396,0,88,58,1,1526,8,7,7,23,"0,347826087",4,1,0,1,0,1,0,1
47,1,1,1,41154,2361,98,44,2,11,2,3,7,1,69,1,0,4,6,"0,166666667",5,0,0,0,0,0,0,0
49,1,2,0,80398,2511,92,342,51,936,207,35,26,1,1597,5,8,12,26,"0,192307692",3,0,0,0,0,1,0,0
33,0,0,1,18746,1946,41,2,10,11,12,9,20,2,64,3,0,3,8,"0,375",6,0,0,0,0,0,0,0
41,1,1,1,35196,2508,68,75,12,141,43,39,187,6,497,6,1,5,18,"0,333333333",8,0,0,0,0,0,0,0
59,1,0,1,60230,2320,78,520,20,367,39,81,40,2,1067,6,3,6,17,"0,352941176",5,0,0,0,0,0,0,0
48,1,2,2,22108,1967,46,5,3,9,6,2,6,2,31,2,0,3,7,"0,285714286",7,0,0,0,0,0,0,0
41,1,1,2,44392,2212,71,87,5,71,7,12,29,5,211,4,1,4,14,"0,285714286",7,0,0,0,0,0,0,0
49,4,2,1,55424,2496,6,462,61,184,10,53,107,4,877,7,5,9,25,"0,28",6,0,0,1,0,0,0,1
46,1,2,1,17688,2447,82,2,2,1,3,1,2,1,11,1,0,2,4,"0,25",8,0,0,0,0,0,1,0
42,4,2,0,92491,2339,71,979,44,935,29,25,22,1,2034,7,5,12,25,"0,28",3,1,0,0,1,1,0,1
34,1,0,0,90273,2112,32,704,129,853,120,74,111,1,1991,5,6,7,19,"0,263157895",2,1,0,0,1,1,0,1
53,4,4,0,82571,2003,28,861,31,558,62,95,79,0,1686,6,5,13,24,"0,25",2,0,0,0,0,1,0,0
43,4,0,1,38513,2067,20,172,3,115,16,0,18,5,324,6,1,5,17,"0,352941176",8,0,0,0,0,0,0,1
46,3,0,1,16653,1987,10,5,7,31,15,4,7,3,69,2,1,3,9,"0,222222222",6,0,0,0,0,0,0,1
55,1,1,2,42586,2523,7,194,2,56,0,0,0,5,252,4,1,6,16,"0,25",8,0,0,0,0,0,0,1
50,0,0,1,23529,2453,67,9,7,13,3,2,20,1,54,1,1,2,5,"0,2",6,0,0,0,0,0,0,0
54,3,1,2,74881,2393,48,505,72,270,36,27,54,4,964,9,2,12,27,"0,333333333",5,0,0,0,0,0,0,0
59,1,2,1,71107,2412,61,533,10,217,198,174,195,2,1327,7,6,13,28,"0,25",4,0,0,0,0,0,0,0
51,4,1,2,46910,2013,36,48,0,14,0,0,6,2,68,2,0,3,7,"0,285714286",6,0,0,0,0,0,0,0
56,1,2,0,18690,2463,77,6,1,7,23,4,19,1,60,1,1,2,5,"0,2",8,0,0,0,0,0,0,0
55,1,3,2,37244,2343,90,18,2,10,0,0,25,1,55,1,1,2,5,"0,2",7,0,0,1,0,0,0,0
49,1,1,0,82427,2024,35,482,147,509,104,107,107,1,1456,3,5,12,21,"0,142857143",1,0,0,0,0,1,0,0
57,2,0,1,75342,2334,38,204,97,97,21,118,26,1,563,5,2,10,18,"0,277777778",4,0,0,0,0,0,0,0
56,1,3,1,70044,2411,46,1073,0,250,153,14,14,4,1504,7,10,5,26,"0,269230769",5,0,0,0,0,0,0,0
48,1,0,2,79146,1981,33,245,16,223,21,43,16,2,564,8,1,8,19,"0,421052632",6,0,0,0,0,0,0,0
52,1,2,0,77437,2130,70,560,21,442,29,44,29,1,1125,4,5,13,23,"0,173913043",1,0,0,0,0,1,0,0
56,1,2,1,54984,1951,51,173,13,131,32,3,6,4,358,6,1,6,17,"0,352941176",7,1,0,0,0,0,0,0
44,4,2,1,42403,2115,18,22,1,11,0,5,3,1,42,1,0,3,5,"0,2",8,0,0,0,0,0,0,0
51,1,1,1,55761,1981,97,136,1,12,0,3,32,2,184,4,1,3,10,"0,4",6,0,0,0,1,0,0,0
42,1,1,1,37292,2352,32,275,0,86,10,23,66,5,460,6,3,5,19,"0,315789474",8,0,0,0,0,0,0,0
65,4,0,0,45576,1947,9,56,19,29,2,14,25,1,145,3,1,3,8,"0,375",8,0,0,0,0,0,0,1
63,1,1,0,70321,2444,6,303,23,751,82,26,191,1,1376,6,5,13,25,"0,24",4,0,0,0,0,0,0,1
46,4,3,1,58086,2440,80,708,7,62,0,0,15,2,792,11,3,7,23,"0,47826087",8,0,0,0,0,0,0,0
58,1,2,0,81795,2526,74,324,132,693,27,118,88,1,1382,4,11,7,23,"0,173913043",2,0,0,0,0,0,0,0
63,0,1,0,28389,2501,49,1,5,3,7,4,8,1,28,1,0,2,4,"0,25",7,0,0,0,0,0,0,0
64,3,2,0,66835,2189,21,620,26,195,34,17,141,1,1033,6,4,13,24,"0,25",2,0,0,0,0,0,0,0
46,1,3,1,69901,2311,95,312,21,206,102,92,149,3,882,7,3,10,23,"0,304347826",5,0,0,0,0,0,0,0
61,4,2,0,80360,2398,56,1493,86,454,112,43,43,2,2231,4,4,5,15,"0,266666667",2,1,0,0,1,1,0,0
54,4,1,1,63342,2536,48,918,21,118,13,10,21,3,1101,8,3,5,19,"0,421052632",6,0,0,0,1,0,0,1
41,1,2,1,44989,2570,26,98,0,106,49,10,106,5,369,5,1,5,16,"0,3125",6,0,0,0,0,0,0,0
45,2,0,1,31859,2037,3,3,4,7,15,8,11,1,48,1,0,3,5,"0,2",7,0,0,0,0,0,0,0
61,4,4,1,51569,2417,39,380,0,47,6,0,34,4,467,7,1,7,19,"0,368421053",8,0,0,0,1,0,0,1
44,1,4,2,30372,2466,33,15,0,12,7,3,7,3,44,2,0,3,8,"0,25",7,0,0,0,0,0,0,0
46,0,0,2,16014,2384,42,3,9,4,7,8,7,4,38,1,1,4,10,"0,1",3,0,0,0,0,0,0,0
47,1,2,2,41120,2150,80,24,2,23,0,8,24,3,81,2,1,3,9,"0,222222222",6,0,0,0,0,0,0,0
44,3,0,1,39763,2244,9,80,1,60,4,6,16,2,167,5,1,2,10,"0,5",9,0,0,0,0,0,0,1
55,4,2,2,38725,1965,52,31,0,6,2,1,5,2,45,1,0,4,7,"0,142857143",4,0,0,0,0,0,0,0
43,1,2,1,77981,2314,78,138,120,204,16,126,60,3,664,7,4,7,21,"0,333333333",5,0,0,0,0,0,0,0
51,2,2,1,62905,2207,68,166,75,96,119,107,59,3,622,7,2,8,20,"0,35",4,0,0,0,0,0,0,0
46,2,3,1,13533,2391,45,12,3,8,8,0,17,2,48,2,0,3,7,"0,285714286",7,0,0,0,0,0,0,0
40,1,1,1,59481,2164,47,178,3,85,71,66,58,2,461,3,3,8,16,"0,1875",2,0,0,0,0,0,0,0
48,1,2,1,72117,2228,34,707,20,171,65,60,50,1,1073,9,7,9,26,"0,346153846",5,0,0,0,0,0,0,0
39,2,2,1,21955,2210,81,5,1,7,17,14,11,2,55,2,1,3,8,"0,25",6,0,0,0,0,0,0,0
59,1,2,1,67131,2375,72,465,71,250,93,35,62,3,976,9,2,12,26,"0,346153846",6,0,0,0,0,0,0,0
45,4,0,1,36802,1928,23,16,1,2,0,0,1,1,20,1,0,3,5,"0,2",5,0,0,0,0,0,0,0
43,1,1,0,71853,2332,29,358,108,413,141,97,32,1,1149,2,8,6,17,"0,117647059",1,0,0,0,0,0,0,0
54,0,2,0,28249,1929,80,1,9,7,2,14,10,1,43,2,0,3,6,"0,333333333",6,0,0,0,0,0,0,0
40,3,2,1,47808,2167,30,123,1,26,2,0,72,2,224,3,2,3,10,"0,3",7,0,0,1,0,0,0,0
41,4,3,1,25509,2564,15,40,3,30,10,7,11,3,101,3,0,3,9,"0,333333333",9,0,0,0,0,0,0,1
64,4,2,0,51012,2352,86,102,9,63,2,9,24,1,209,4,1,4,10,"0,4",6,0,0,0,0,0,0,0
40,1,0,0,70596,2547,68,347,44,534,17,0,26,1,968,3,5,12,21,"0,142857143",2,0,0,0,0,0,0,0
58,4,1,0,85431,2301,54,376,53,462,168,53,53,1,1165,2,7,7,17,"0,117647059",0,0,0,0,0,0,0,0
48,1,2,1,42664,2018,44,21,0,3,0,0,0,1,24,1,0,3,5,"0,2",6,0,0,0,0,0,0,0
55,1,1,2,42586,2523,7,194,2,56,0,0,0,5,252,4,1,6,16,"0,25",8,0,0,0,0,0,0,1
40,1,0,1,29760,2584,87,64,4,68,7,5,17,4,165,3,1,4,12,"0,25",8,0,0,0,0,0,0,0
48,4,2,0,28973,2539,59,206,0,46,3,2,12,2,269,5,1,5,13,"0,384615385",8,0,0,0,0,0,0,0
42,4,1,1,39435,2242,16,71,0,18,0,0,13,1,102,3,1,2,7,"0,428571429",7,0,0,0,0,0,0,0
41,2,2,0,65370,2247,1,71,22,112,138,89,29,1,461,2,3,13,19,"0,105263158",1,0,0,0,0,0,0,0
46,0,0,1,20194,2474,64,0,4,7,11,10,15,2,47,2,0,3,7,"0,285714286",6,0,0,0,0,0,0,0
49,4,0,2,42473,2047,72,93,1,21,0,4,25,3,144,2,1,4,10,"0,2",5,0,0,0,0,0,0,0
47,1,2,0,64590,2538,98,920,138,168,36,46,30,1,1338,9,4,10,24,"0,375",6,0,0,0,0,0,0,0
56,1,1,1,71232,2128,91,653,17,170,34,26,17,2,917,11,2,10,25,"0,44",7,0,0,0,0,0,0,0
44,1,1,2,34600,2459,8,199,33,60,8,3,15,5,318,5,2,5,17,"0,294117647",8,0,0,0,0,0,0,1
48,1,0,2,46904,2518,20,153,4,56,0,9,31,4,253,5,1,4,14,"0,357142857",8,0,0,0,0,0,0,0
42,1,2,1,49094,2561,6,376,0,38,11,8,69,5,502,6,3,6,20,"0,3",6,0,0,0,0,0,0,0
42,1,1,1,36075,2117,54,46,0,30,12,1,30,1,119,2,0,4,7,"0,285714286",6,0,0,0,0,0,0,0
46,2,1,2,60839,2585,72,600,21,128,223,150,128,13,1250,2,2,12,29,"0,068965517",8,0,0,0,0,0,0,0
46,1,1,1,77298,2154,46,425,115,292,23,35,79,1,969,6,6,11,24,"0,25",3,0,0,0,0,0,0,0
60,1,1,2,34026,2243,11,18,6,15,12,8,17,3,76,2,1,3,9,"0,222222222",5,0,0,0,0,0,0,0
52,4,0,2,48918,1993,21,52,0,9,0,0,1,2,62,1,0,4,7,"0,142857143",4,0,0,0,0,0,0,0
53,2,1,0,82122,2233,89,734,22,350,151,25,100,1,1382,3,9,13,26,"0,115384615",1,0,0,0,0,1,0,0
49,1,0,1,37697,2057,82,34,6,21,11,4,8,1,84,2,1,3,7,"0,285714286",6,0,0,0,0,0,0,0
58,1,1,2,34074,2266,69,135,1,41,10,1,67,5,255,3,3,3,14,"0,214285714",6,0,0,1,0,0,0,0
55,3,2,2,28520,2295,55,11,0,10,0,2,20,1,43,1,1,2,5,"0,2",6,0,0,0,0,0,0,0
55,1,0,1,62535,2184,13,163,48,90,0,45,52,1,398,3,2,8,14,"0,214285714",3,0,0,0,0,0,0,0
48,3,0,1,36273,1989,80,29,3,30,3,2,9,2,76,3,0,3,8,"0,375",6,0,0,0,0,0,0,0
51,1,1,2,63404,1938,97,734,26,70,11,44,17,2,902,6,3,4,15,"0,4",4,1,0,0,0,0,0,0
44,2,1,1,75774,1973,27,340,21,134,258,14,56,1,823,7,5,8,21,"0,333333333",4,0,0,0,0,0,0,0
49,1,1,1,78416,1917,99,453,38,279,188,38,183,2,1179,7,7,10,26,"0,269230769",3,0,0,0,0,0,0,0
41,1,1,1,75702,2538,87,1073,0,629,145,37,37,1,1921,10,5,13,29,"0,344827586",6,0,0,0,0,1,0,0
59,3,1,2,59385,2342,85,135,0,10,0,4,36,2,185,3,1,4,10,"0,3",5,0,0,0,0,0,0,0
49,1,0,2,37070,2381,30,231,7,137,4,15,39,9,433,5,1,8,23,"0,217391304",7,0,0,0,0,0,0,1
59,1,2,2,44689,2085,82,18,0,5,0,0,11,2,34,1,1,2,6,"0,166666667",7,0,0,1,0,0,0,0
57,1,1,1,53977,2301,21,620,16,165,0,24,82,5,907,5,5,12,27,"0,185185185",5,0,0,0,0,0,0,0
49,4,0,2,7144,2119,92,81,4,33,5,2,291,0,416,23,1,1,25,"0,92",0,0,0,0,0,0,0,0
51,1,0,2,18701,2305,95,12,4,2,10,6,10,4,44,2,0,4,10,"0,2",5,0,0,0,0,0,0,0
59,1,2,0,90369,1977,2,292,51,981,224,23,17,1,1588,4,6,6,17,"0,235294118",1,0,0,0,0,0,0,1
41,4,0,0,63159,2516,74,965,34,586,89,86,37,1,1797,3,5,8,17,"0,176470588",3,0,0,1,0,0,0,0
49,1,1,2,37758,2548,49,27,2,10,0,0,1,2,40,1,0,3,6,"0,166666667",8,0,0,0,0,0,0,0
52,4,0,1,46757,2505,71,777,30,163,0,51,122,6,1143,4,4,7,21,"0,19047619",9,0,0,0,0,0,0,0
46,3,2,0,79734,1916,72,572,8,232,23,62,17,1,914,4,3,6,14,"0,285714286",1,1,0,0,0,0,0,0
33,1,1,0,63207,2440,68,438,169,565,91,169,70,1,1502,2,3,6,12,"0,166666667",7,1,0,0,0,0,0,0
56,1,3,1,72071,2415,4,531,69,300,150,138,150,3,1338,5,4,8,20,"0,25",2,0,0,0,0,0,0,0
42,4,1,1,21840,2258,80,17,0,9,0,0,1,1,27,1,0,3,5,"0,2",9,0,0,0,0,0,0,0
43,2,1,1,58582,2189,15,402,35,106,101,77,42,2,763,9,2,9,22,"0,409090909",5,0,0,0,1,0,0,0
59,1,0,0,72282,2260,70,503,27,419,90,139,153,1,1331,5,7,9,22,"0,227272727",7,0,0,0,0,0,0,1
59,1,2,2,50387,2217,91,369,9,87,12,14,34,3,525,6,2,8,19,"0,315789474",5,0,0,0,0,0,0,0
54,4,1,2,32583,1929,10,5,0,3,0,0,1,1,9,1,0,2,4,"0,25",7,0,0,0,0,0,0,0
53,1,1,1,62568,1998,99,362,17,398,80,35,61,3,953,5,3,5,16,"0,3125",4,1,0,0,0,0,0,0
44,3,3,2,44635,2176,25,56,0,9,0,0,3,2,68,2,0,3,7,"0,285714286",7,0,0,0,0,0,0,0
44,3,0,2,33316,2183,34,79,1,31,4,4,12,3,131,2,1,4,10,"0,2",6,0,0,0,0,0,0,0
47,1,2,1,63967,2239,57,387,84,141,73,35,162,3,882,4,4,12,23,"0,173913043",2,0,0,0,0,0,0,0
47,2,1,0,52513,2578,84,367,17,241,104,188,232,2,1149,9,5,9,25,"0,36",7,0,0,0,0,0,0,0
46,1,2,1,25293,2202,51,15,0,11,0,2,9,1,37,1,1,2,5,"0,2",8,0,0,0,0,0,0,0
50,4,4,1,54111,2223,97,267,6,54,8,3,50,2,388,5,2,6,15,"0,333333333",5,0,0,0,0,0,0,0
39,1,1,0,78394,2414,13,298,27,697,216,24,166,1,1428,4,6,5,16,"0,25",2,0,0,0,0,0,0,1
57,3,2,0,80739,2317,92,674,92,736,39,0,92,1,1633,3,11,9,24,"0,125",1,0,0,0,0,0,0,0
40,3,1,1,22669,2318,30,16,14,36,37,22,48,3,173,4,1,2,10,"0,4",9,0,0,0,0,0,0,1
38,1,0,1,29236,2179,30,37,4,24,16,9,9,2,99,4,0,3,9,"0,444444444",9,0,0,0,0,0,0,0
56,1,1,1,44911,2386,11,159,0,22,2,1,31,3,215,4,1,4,12,"0,333333333",7,0,0,0,0,0,0,0
53,4,2,1,54693,2412,72,686,17,142,23,26,35,8,929,6,4,13,31,"0,193548387",6,0,0,0,0,0,0,0
41,1,1,1,48186,2016,39,97,3,66,12,7,34,3,219,4,1,4,12,"0,333333333",7,0,0,0,0,0,0,0
48,1,2,2,54809,2206,0,63,6,57,13,13,22,4,174,2,1,5,12,"0,166666667",4,0,0,0,0,0,0,1
47,1,1,2,41580,2481,15,56,5,24,4,0,3,3,92,2,1,3,9,"0,222222222",5,0,0,0,0,0,0,0
45,4,2,0,80336,2208,12,209,19,456,160,142,66,1,1052,2,9,13,25,"0,08",1,0,0,0,0,0,0,0
58,1,2,1,47743,2379,56,198,2,43,0,12,20,3,275,4,1,6,14,"0,285714286",6,0,0,0,1,0,0,0
55,2,2,1,62972,2610,39,313,15,47,20,0,192,2,587,7,4,3,16,"0,4375",6,0,0,0,0,0,0,0
56,4,3,1,57333,2560,55,941,14,397,76,58,176,11,1662,8,5,9,33,"0,242424242",6,0,0,0,0,0,0,1
43,4,1,1,32313,2418,60,86,4,56,2,4,7,3,159,4,0,4,11,"0,363636364",9,0,0,0,0,0,0,0
57,3,4,0,84953,2306,73,167,48,602,63,72,72,1,1024,3,10,4,18,"0,166666667",2,1,0,0,1,1,0,1
47,3,3,1,27071,1982,90,8,3,19,0,2,3,2,35,2,0,3,7,"0,285714286",6,0,0,0,0,0,0,0
58,3,1,0,68148,2217,86,389,66,408,37,57,85,1,1042,4,4,6,15,"0,266666667",2,0,0,0,0,0,0,0
50,3,1,2,65735,2119,37,239,7,119,4,15,11,5,395,6,2,6,19,"0,315789474",7,0,0,0,0,0,0,0
40,4,2,0,86836,2570,7,179,21,273,0,21,63,1,557,6,10,6,23,"0,260869565",5,1,0,1,0,1,0,1
52,4,2,2,4023,1921,29,5,0,1,1,1,1,15,9,0,0,0,15,0,19,0,0,0,0,0,0,0
35,1,2,0,30093,2271,19,2,6,28,13,4,16,1,69,2,0,3,6,"0,333333333",7,0,0,0,0,0,0,0
49,4,2,1,57705,2084,14,383,0,53,6,4,40,3,486,8,1,6,18,"0,444444444",6,0,0,0,0,0,0,0
37,1,0,1,25008,2062,72,2,8,8,6,1,9,2,34,1,0,3,6,"0,166666667",8,0,0,0,0,0,0,0
30,2,0,0,83257,2564,56,536,27,590,38,107,67,1,1365,5,10,12,28,"0,178571429",6,0,0,1,0,1,1,1
40,1,1,1,22280,2321,85,2,1,4,3,1,2,1,13,1,0,2,4,"0,25",8,0,0,0,0,0,0,0
47,4,2,0,72159,2523,62,322,53,899,34,40,53,1,1401,4,6,10,21,"0,19047619",2,0,0,0,0,0,0,0
54,1,1,0,64260,2449,1,539,169,816,20,0,30,1,1574,4,5,4,14,"0,285714286",3,0,0,0,0,0,0,1
41,4,0,0,82733,2207,28,712,50,420,65,38,38,1,1323,8,4,7,20,"0,4",4,0,0,0,0,0,0,1
44,3,3,1,74290,2236,70,1121,0,72,0,12,12,4,1217,10,8,10,32,"0,3125",6,1,0,0,1,0,0,0
59,3,0,3,58217,2504,84,68,1,13,3,5,13,1,103,2,0,4,7,"0,285714286",6,0,0,0,0,0,0,0
49,3,1,0,21024,2275,89,36,4,18,6,2,18,1,84,2,0,4,7,"0,285714286",7,0,0,0,0,0,0,0
43,4,2,0,70116,2434,73,707,44,603,95,58,29,1,1536,2,8,12,23,"0,086956522",1,0,0,0,0,0,0,0
40,1,1,1,54006,2564,42,174,77,203,6,24,97,2,581,8,1,7,18,"0,444444444",7,0,0,0,0,0,0,0
49,4,2,1,69063,2514,16,666,35,124,69,8,26,1,928,5,3,5,14,"0,357142857",3,0,0,0,0,0,0,0
40,2,3,0,11448,2111,16,0,0,0,6,2,6,1,14,1,0,2,4,"0,25",6,0,0,0,0,0,0,0
46,1,0,1,61825,2241,56,162,50,100,55,30,27,1,424,4,2,8,15,"0,266666667",4,0,0,0,0,0,0,0
44,1,2,1,70886,2173,65,407,70,239,103,88,53,1,960,5,4,4,14,"0,357142857",2,0,0,0,0,0,0,0
43,1,2,0,69109,2512,10,823,25,459,124,29,95,1,1555,6,6,7,20,"0,3",4,0,0,0,0,1,0,1
42,1,4,2,60208,2545,13,488,23,71,15,0,59,11,656,8,3,7,29,"0,275862069",7,0,0,0,1,0,0,1
47,3,1,2,32889,2211,78,28,0,13,4,2,8,3,55,2,1,3,9,"0,222222222",5,0,0,0,0,0,0,0
41,1,0,1,34738,1964,51,3,2,10,3,0,2,1,20,1,0,3,5,"0,2",6,0,0,0,0,0,0,0
44,3,1,1,30538,2551,27,284,0,52,8,3,20,4,367,9,0,4,17,"0,529411765",10,0,0,0,0,0,0,0
48,2,1,0,82326,2026,30,938,142,754,159,81,183,1,2257,5,10,6,22,"0,227272727",2,1,0,0,1,1,0,1
48,4,3,1,26642,2035,71,13,2,15,2,2,8,2,42,2,0,3,7,"0,285714286",6,0,0,0,0,0,0,0
51,1,3,1,69932,2297,97,412,172,153,150,105,57,2,1049,7,6,11,26,"0,269230769",4,0,0,0,0,0,0,0
43,1,0,2,44503,1989,83,31,1,8,0,0,8,2,48,2,0,3,7,"0,285714286",6,0,0,0,0,0,0,0
62,4,0,1,60200,2458,3,502,19,132,0,6,26,6,685,6,2,11,25,"0,24",6,0,0,0,0,0,0,0
58,1,3,1,49638,1986,71,18,10,3,3,5,0,1,39,1,0,3,5,"0,2",2,0,0,0,0,0,0,0
38,2,0,0,23830,2057,3,1,8,6,4,8,16,1,43,1,0,3,5,"0,2",7,0,0,0,0,0,0,0
56,3,4,0,33051,2597,15,100,71,243,108,94,219,3,835,9,1,8,21,"0,428571429",9,0,0,0,0,0,0,1
57,1,2,0,72905,2074,52,407,114,445,181,165,203,1,1515,3,7,9,20,"0,15",1,1,0,0,0,0,0,0
59,4,1,1,69702,2410,8,664,9,240,50,19,57,2,1039,7,7,10,26,"0,269230769",4,0,0,0,0,0,0,0
40,1,3,1,70300,2264,89,1045,61,338,60,46,46,3,1596,5,5,13,26,"0,192307692",8,0,0,0,0,0,0,0
41,4,2,0,70643,2537,66,1218,107,304,23,143,33,1,1828,5,8,4,18,"0,277777778",6,0,0,0,0,0,0,1
46,4,2,1,30396,1975,22,15,0,6,0,1,12,2,34,1,1,2,6,"0,166666667",7,0,0,1,0,0,0,1
47,4,3,1,50616,1987,56,128,0,16,0,1,4,2,149,4,0,4,10,"0,4",7,0,0,0,0,0,0,0
46,3,0,1,62772,2321,74,581,49,157,43,8,108,1,946,5,6,11,23,"0,217391304",2,0,0,0,1,0,0,0
40,4,0,0,30298,1956,48,6,3,12,6,1,0,1,28,1,1,3,6,"0,166666667",3,0,0,0,0,0,0,0
41,1,0,1,52413,2518,67,185,8,133,56,56,12,2,450,7,1,7,17,"0,411764706",7,0,0,0,0,0,0,0
58,4,2,2,44155,2076,24,22,1,9,0,0,14,1,46,1,1,2,5,"0,2",4,0,0,0,0,0,0,0
44,4,3,0,86979,2149,67,584,100,835,65,83,35,1,1702,5,5,5,16,"0,3125",2,0,0,1,0,0,0,1
40,1,1,2,76532,2208,38,355,30,177,90,138,30,4,820,9,5,7,25,"0,36",5,0,0,0,0,0,0,0
43,1,2,1,42081,2403,86,175,10,110,54,6,27,2,382,6,3,4,15,"0,4",6,0,0,1,0,0,0,0
37,4,2,0,67546,2582,90,864,134,768,150,38,172,1,2126,4,10,5,20,"0,2",3,0,0,0,0,0,0,0
36,3,1,0,88420,1973,87,957,153,612,99,95,153,1,2069,4,7,8,20,"0,2",1,1,0,1,0,1,0,0
40,1,2,1,31158,2433,62,25,6,16,20,0,5,2,72,2,0,3,7,"0,285714286",8,0,0,0,0,0,0,0
47,1,3,1,61671,1941,23,641,7,56,0,0,28,8,732,10,4,6,28,"0,357142857",8,1,0,0,1,0,0,0
41,1,0,0,69719,1949,99,273,86,208,177,14,43,1,801,2,3,5,11,"0,181818182",1,0,0,0,0,0,0,0
61,1,3,1,49160,2167,29,122,21,43,25,10,15,2,236,3,1,6,12,"0,25",6,0,0,0,0,0,0,0
47,0,1,1,24882,2573,52,1,4,10,29,0,36,1,80,1,1,2,5,"0,2",6,0,0,1,0,0,0,0
56,4,0,0,90933,2005,90,1020,31,430,62,63,79,1,1685,4,6,4,15,"0,266666667",1,0,0,0,0,1,0,0
65,4,0,0,113734,1947,9,6,2,3,1,262,3,0,277,27,0,0,27,1,1,0,0,0,0,0,0,0
60,4,1,1,59292,2296,71,378,14,68,19,14,14,2,507,3,5,8,18,"0,166666667",3,0,0,0,0,0,0,0
51,4,2,2,45759,2406,13,42,1,18,3,0,4,2,68,2,0,3,7,"0,285714286",7,0,0,0,0,0,0,0
42,1,0,0,22148,1992,16,15,5,14,0,4,11,1,49,1,0,3,5,"0,2",7,0,0,0,0,0,0,0
38,3,2,0,73395,2018,94,272,7,80,20,7,11,1,397,4,4,6,15,"0,266666667",2,0,0,0,0,0,0,0
44,1,3,1,29819,2163,77,9,1,24,2,1,2,3,39,3,0,3,9,"0,333333333",6,0,0,0,0,0,0,0
47,1,2,1,45688,2070,20,279,0,18,0,0,9,2,306,3,1,8,14,"0,214285714",4,0,0,0,1,0,0,0
56,1,2,0,62820,2329,51,398,61,265,138,61,53,1,976,3,4,6,14,"0,214285714",1,0,0,0,0,0,0,0
44,4,2,1,60491,2211,81,637,47,237,12,19,76,4,1028,6,11,7,28,"0,214285714",5,0,0,0,0,0,0,0
39,1,1,1,33235,2059,71,45,0,16,2,1,6,1,70,3,0,3,7,"0,428571429",7,0,0,0,0,0,0,0
56,1,2,0,35701,2382,36,21,1,9,7,3,5,1,46,1,0,3,5,"0,2",6,0,0,0,0,0,0,0
45,3,2,1,31535,2191,95,15,4,13,0,0,19,1,51,1,1,2,5,"0,2",7,0,0,1,0,0,0,0
55,2,1,0,92556,1985,32,493,183,352,184,23,28,0,1263,3,5,13,21,"0,142857143",0,0,0,0,0,0,0,0
45,1,0,1,67384,2511,32,957,40,175,158,53,107,2,1490,7,8,5,22,"0,318181818",5,0,0,0,1,0,0,0
44,3,1,0,80573,2538,85,829,138,430,60,92,15,1,1564,4,6,13,24,"0,166666667",2,0,0,0,0,0,0,0
48,1,2,1,77870,2591,93,1017,50,500,65,50,133,3,1815,5,5,5,18,"0,277777778",8,1,0,0,1,0,0,1
52,4,4,1,52278,2435,24,953,0,71,0,0,174,6,1198,10,5,10,31,"0,322580645",8,0,0,0,0,0,0,0
47,1,0,1,57107,2589,44,159,0,120,0,0,137,7,416,4,4,8,23,"0,173913043",8,0,1,0,1,0,0,1
35,1,2,0,18929,2413,15,32,0,8,23,4,18,1,85,1,0,4,6,"0,166666667",6,0,0,0,0,0,0,0
44,4,0,1,36038,2309,82,23,0,15,0,2,7,2,47,3,0,3,8,"0,375",6,0,0,0,0,0,0,0
49,1,0,0,20180,2409,27,18,42,24,15,20,18,1,137,2,1,4,8,"0,25",7,0,0,0,0,0,0,0
50,4,1,2,34230,2465,72,15,0,4,0,0,2,1,21,1,0,2,4,"0,25",7,0,0,0,0,0,0,0
48,2,0,1,31878,1922,7,23,4,5,10,5,23,1,70,1,0,4,6,"0,166666667",3,0,0,0,0,0,0,0
43,2,2,1,70932,2076,57,200,193,100,46,185,185,2,909,6,2,12,22,"0,272727273",3,0,0,0,0,0,0,0
59,1,0,0,91249,2532,84,1324,27,119,71,108,27,0,1676,7,9,6,22,"0,318181818",4,1,1,0,1,1,0,1
67,3,0,0,77598,2186,53,1193,33,281,129,66,33,1,1735,7,5,13,26,"0,269230769",3,0,0,0,0,1,0,0
56,1,0,2,80982,2452,48,505,137,401,104,22,22,3,1191,11,5,11,30,"0,366666667",5,0,0,0,0,0,1,0
48,3,2,1,22701,2212,2,2,4,9,0,4,5,1,24,1,0,3,5,"0,2",5,0,0,0,0,0,0,0
46,4,2,1,55212,2498,65,1103,0,45,0,0,34,3,1182,4,2,11,20,"0,2",8,0,1,0,1,0,0,0
45,1,2,0,70617,2286,45,353,61,753,40,46,27,1,1280,3,3,7,14,"0,214285714",2,0,0,0,0,0,0,0
58,1,0,0,64849,2508,42,652,48,350,94,84,108,1,1336,9,3,6,19,"0,473684211",5,0,0,0,0,0,0,1
50,3,2,2,62694,2292,29,379,6,157,25,91,91,5,749,9,3,7,24,"0,375",7,0,0,0,0,0,0,0
41,4,2,2,61917,2136,83,46,4,36,2,2,1,1,91,2,0,4,7,"0,285714286",5,0,0,0,0,0,0,0
63,4,2,1,67472,2189,93,162,31,127,8,17,69,2,414,4,2,7,15,"0,266666667",3,0,0,0,0,0,0,0
43,3,2,1,21059,2088,40,8,3,19,3,3,8,3,44,3,0,3,9,"0,333333333",6,0,0,0,0,0,0,0
47,3,2,2,29543,2004,47,17,3,18,3,4,18,2,63,3,1,2,8,"0,375",7,0,0,0,0,0,0,0
59,1,2,1,75903,2362,50,340,108,185,130,38,100,2,901,6,6,9,23,"0,260869565",3,0,0,0,0,0,0,0
40,2,1,2,34984,2576,40,8,4,15,3,5,3,2,38,1,0,3,6,"0,166666667",7,0,0,0,0,0,0,0
59,4,0,1,54998,2391,3,154,22,202,39,30,8,5,455,4,2,9,20,"0,2",4,0,0,0,0,0,0,1
61,4,4,1,54356,2502,62,710,15,30,20,0,0,3,775,11,2,8,24,"0,458333333",8,0,0,0,0,0,0,1
56,3,2,1,34242,2013,25,8,2,4,0,0,1,1,15,0,0,3,4,0,5,0,0,0,0,0,0,0
42,1,2,1,25410,2217,48,2,2,4,13,13,4,1,38,1,0,4,6,"0,166666667",4,0,0,0,0,0,0,0
41,4,2,0,73356,2058,56,1050,14,322,0,14,112,1,1512,5,11,5,22,"0,227272727",2,1,0,1,0,1,0,1
60,1,1,1,28320,2446,68,19,1,14,3,2,4,1,43,1,0,3,5,"0,2",8,0,0,0,0,0,0,0
48,1,0,1,23763,2606,64,22,0,6,6,2,6,1,42,1,0,3,5,"0,2",7,0,0,0,0,0,0,0
41,1,2,0,72570,1980,67,274,83,216,151,141,224,1,1089,4,6,12,23,"0,173913043",1,0,0,0,0,0,0,0
49,3,2,1,34529,2568,94,68,6,38,3,6,41,2,162,2,2,3,9,"0,222222222",7,0,0,0,0,0,0,0
59,1,4,0,70792,2423,82,344,45,654,104,11,114,2,1272,3,4,10,19,"0,157894737",3,0,0,0,0,0,0,0
43,1,2,0,63211,2519,3,145,193,459,205,26,145,2,1173,3,8,7,20,"0,15",2,0,0,0,0,0,0,1
41,3,2,1,83891,1924,24,217,38,350,111,85,15,1,816,4,7,10,22,"0,181818182",1,0,0,0,0,0,0,0
47,1,0,2,36065,2370,54,18,7,34,10,2,3,3,74,3,0,3,9,"0,333333333",8,0,0,0,0,0,0,0
56,1,1,1,39898,2417,20,69,8,26,12,7,12,2,134,3,0,4,9,"0,333333333",7,0,0,0,0,0,0,0
70,4,0,0,51141,2271,96,144,0,7,0,0,6,1,157,3,1,4,9,"0,333333333",5,0,0,0,0,0,0,0
49,1,2,1,56939,2199,19,256,34,103,90,29,49,2,561,3,3,10,18,"0,166666667",3,0,0,0,0,0,0,0
59,1,0,0,80872,1963,60,483,72,567,94,12,108,1,1336,4,4,10,19,"0,210526316",1,0,0,0,0,0,0,0
49,4,1,0,72335,2600,2,1285,105,653,28,21,0,1,2092,10,4,8,23,"0,434782609",8,0,0,0,0,0,0,1
51,4,0,0,61798,2133,13,338,4,89,11,8,13,1,463,4,2,9,16,"0,25",4,0,0,0,0,0,0,0
60,4,4,0,76842,1972,37,605,10,345,84,54,32,1,1130,1,8,7,17,"0,058823529",0,0,0,0,0,0,0,0
49,1,1,1,29478,2078,59,8,0,7,3,1,1,1,20,1,0,3,5,"0,2",6,0,0,0,0,0,0,0
59,1,0,1,46998,2530,55,172,41,86,45,6,27,5,377,5,3,5,18,"0,277777778",7,0,0,1,0,0,0,0
35,1,0,0,96843,2347,60,448,71,951,40,17,17,1,1544,6,11,10,28,"0,214285714",2,0,0,0,0,1,0,1
60,4,4,2,56551,1968,48,67,4,32,17,2,16,3,138,2,1,4,10,"0,2",4,0,0,0,0,0,0,0
50,3,2,1,70053,2276,38,512,53,98,81,179,89,3,1012,8,5,10,26,"0,307692308",5,0,0,0,0,0,0,0
53,4,4,0,71670,2270,8,1462,16,128,0,0,160,1,1766,5,3,6,15,"0,333333333",6,0,1,0,1,1,0,1
47,1,2,2,44359,1927,19,20,0,14,7,3,1,3,45,2,0,4,9,"0,222222222",3,0,0,0,0,0,0,0
58,1,0,2,40887,2334,32,50,4,44,10,10,43,3,161,3,1,3,10,"0,3",9,0,0,0,0,0,0,1
49,1,3,1,48877,2090,27,102,1,15,2,0,24,1,144,3,0,4,8,"0,375",7,0,0,0,0,0,0,0
63,1,1,0,74485,2224,58,499,149,815,173,49,49,1,1734,6,7,12,26,"0,230769231",3,0,0,0,0,0,0,0
43,1,1,1,64474,2165,59,381,35,172,56,86,93,2,823,8,2,10,22,"0,363636364",5,0,0,0,0,0,0,0
52,1,1,1,77226,2036,29,631,43,239,128,76,21,2,1138,6,8,12,28,"0,214285714",3,0,0,0,0,0,0,0
61,1,4,0,72643,2402,60,526,80,553,123,94,53,1,1429,3,10,7,21,"0,142857143",2,1,0,0,0,0,0,1
47,3,1,0,85738,2072,41,913,26,376,17,26,13,1,1371,3,6,11,21,"0,142857143",1,0,0,0,1,1,0,0
49,1,3,1,55686,2415,27,673,0,199,37,47,26,2,982,6,3,5,16,"0,375",4,0,0,1,0,0,0,0
42,1,0,1,39062,2011,28,23,0,9,0,0,12,1,44,1,0,3,5,"0,2",4,0,0,1,0,0,0,0
44,1,1,2,34600,2459,8,199,33,60,8,3,15,5,318,5,2,5,17,"0,294117647",8,0,0,0,0,0,0,1
40,1,2,1,40794,2363,18,261,23,73,4,23,50,2,434,6,3,5,16,"0,375",7,0,0,0,0,0,0,0
44,2,2,2,54690,2149,76,111,16,37,7,9,18,3,198,3,1,5,12,"0,25",3,0,0,0,0,0,0,0
46,1,2,1,4428,2182,0,16,4,12,2,4,321,0,359,25,0,0,25,1,1,0,0,0,0,0,0,0
52,2,2,0,32632,2611,32,63,151,137,153,19,53,2,576,4,4,8,18,"0,222222222",5,0,0,0,0,0,0,0
47,4,0,2,38236,2197,2,58,0,18,2,0,10,4,88,3,0,4,11,"0,272727273",7,0,0,0,0,0,0,0
46,1,2,1,36781,1995,16,29,1,17,0,3,13,1,63,2,1,2,6,"0,333333333",8,0,0,0,0,0,0,1
41,3,0,1,31385,2486,56,3,2,12,0,1,9,1,27,1,0,2,4,"0,25",8,0,0,1,0,0,0,1
41,1,2,1,24570,2402,97,28,34,62,11,14,44,3,193,4,0,4,11,"0,363636364",9,0,0,0,0,0,0,0
41,4,3,1,25509,2564,15,40,3,30,10,7,11,3,101,3,0,3,9,"0,333333333",9,0,0,0,0,0,0,1
59,1,2,0,94642,2052,35,879,143,797,106,143,143,0,2211,5,7,9,21,"0,238095238",1,1,0,0,0,1,0,0
53,3,2,1,58646,2299,3,62,1,44,6,5,22,1,140,2,1,4,8,"0,25",4,0,0,0,0,0,0,0
40,1,0,2,53201,2417,49,280,7,81,20,0,27,8,415,6,3,5,22,"0,272727273",7,0,0,0,0,0,0,0
58,1,1,1,21994,2467,4,9,0,6,3,1,3,1,22,0,0,3,4,0,5,0,0,0,0,0,0,0
47,1,2,2,57113,2423,45,182,4,33,0,2,42,6,263,4,1,5,16,"0,25",7,0,0,0,0,0,0,0
34,1,2,0,51373,2287,37,83,2,101,64,26,117,1,393,3,5,3,12,"0,25",4,0,0,0,0,0,0,0
39,1,2,1,23477,2166,39,38,15,54,3,8,29,3,147,3,0,4,10,"0,3",8,0,0,0,0,0,0,0
59,1,2,1,58116,1992,38,228,19,130,4,11,51,2,443,3,3,8,16,"0,1875",2,0,0,0,0,0,0,0
52,4,3,0,72968,2110,8,1092,37,592,145,37,55,1,1958,5,5,8,19,"0,263157895",3,1,0,0,0,0,0,1
44,3,2,1,39791,2373,89,85,15,27,13,13,21,2,174,3,1,4,10,"0,3",7,0,0,0,0,0,0,0
63,3,0,0,91712,2170,47,1276,24,746,94,29,48,0,2217,9,7,11,27,"0,333333333",3,0,0,0,0,1,0,1
57,1,0,1,94472,2002,75,1017,33,417,108,100,16,1,1691,5,5,5,16,"0,3125",5,0,0,0,1,1,0,0
55,1,1,2,13672,2353,86,6,2,9,2,1,5,2,25,1,0,3,6,"0,166666667",8,0,0,0,0,0,0,0
45,2,2,0,96547,1952,4,448,21,125,52,101,62,0,809,7,6,8,21,"0,333333333",2,1,0,1,0,1,0,1
40,1,2,0,79205,2584,73,504,23,117,179,28,44,1,895,6,5,4,16,"0,375",4,1,0,0,0,0,0,1
40,4,1,1,56559,2466,46,226,22,133,41,31,31,3,484,4,3,8,18,"0,222222222",4,0,0,0,0,0,0,0
42,4,2,1,32644,2444,38,239,3,141,0,7,23,4,413,7,1,6,18,"0,388888889",8,0,0,1,0,0,0,0
45,2,0,1,67506,2093,73,90,38,67,33,36,67,1,331,4,1,6,12,"0,333333333",3,0,0,0,0,0,0,0
45,1,0,1,24206,2393,66,7,2,8,3,2,3,1,25,1,0,3,5,"0,2",6,0,0,0,0,0,0,0
48,4,3,1,28420,2102,36,4,2,5,2,0,0,1,13,1,0,2,4,"0,25",6,0,0,0,0,0,0,0
45,1,2,1,22979,2576,29,16,17,19,20,21,22,3,115,3,2,2,10,"0,3",8,0,0,0,0,0,0,1
49,1,0,0,33279,1932,29,10,3,3,0,0,0,1,16,0,0,3,4,0,3,0,0,0,0,0,0,0
43,3,0,2,46423,2199,6,68,0,16,0,0,8,3,92,2,0,4,9,"0,222222222",7,0,0,0,0,0,0,0
48,1,2,1,30368,2149,97,35,0,13,2,0,2,2,52,2,0,3,7,"0,285714286",8,0,0,0,0,0,0,0
45,1,2,1,63684,2495,61,575,80,428,208,93,80,3,1464,8,4,8,23,"0,347826087",5,0,0,0,0,0,0,0
51,1,3,1,41638,2416,68,315,0,31,4,0,91,4,441,5,5,3,17,"0,294117647",8,0,0,1,0,0,0,0
56,4,3,1,68805,2200,73,182,2,49,17,13,20,1,283,3,1,7,12,"0,25",2,0,0,0,0,0,0,0
49,4,1,1,65814,2034,90,561,14,113,10,14,35,3,747,8,2,10,23,"0,347826087",5,0,0,0,0,0,0,0
57,1,3,0,71964,2320,81,587,51,932,180,34,86,1,1870,5,6,5,17,"0,294117647",3,0,0,0,0,0,0,0
39,1,0,1,39146,2415,1,94,1,33,13,12,12,3,165,4,0,4,11,"0,363636364",8,0,0,0,0,0,0,0
48,1,1,0,96876,2242,79,908,43,735,40,194,21,1,1941,7,7,9,24,"0,291666667",2,1,0,0,1,1,0,1
44,0,2,0,34445,2433,92,228,122,122,208,129,30,6,839,11,2,8,27,"0,407407407",9,0,0,0,0,0,0,0
57,1,0,0,68281,2606,31,995,112,417,42,48,41,1,1655,2,9,13,25,"0,08",5,0,0,0,0,0,0,1
40,2,2,2,37284,2372,46,11,1,2,2,1,6,1,23,0,0,3,4,0,6,0,0,0,0,0,0,0
42,1,2,0,36790,2400,14,3,3,14,15,21,10,1,66,2,1,2,6,"0,333333333",9,0,0,0,0,0,0,1
48,1,1,2,27943,2355,89,12,1,16,4,1,3,3,37,2,0,3,8,"0,25",8,0,0,0,0,0,0,0
59,1,3,2,22263,2006,31,17,0,2,0,0,2,2,21,1,0,3,6,"0,166666667",6,0,0,0,0,0,1,0
43,1,1,3,30261,2557,75,8,0,5,0,3,6,1,22,0,0,3,4,0,8,0,0,0,0,0,0,0
47,1,1,1,28587,2052,42,22,4,17,12,10,13,3,78,2,0,4,9,"0,222222222",6,0,0,0,0,0,0,0
43,3,2,1,43815,2365,53,14,10,29,4,7,15,1,79,2,0,3,6,"0,333333333",6,0,0,0,0,0,0,0
59,1,2,2,48195,2074,53,106,27,68,52,7,5,6,265,4,2,5,17,"0,235294118",6,0,0,0,0,0,0,0
58,3,2,1,77027,2059,23,820,57,242,45,0,11,2,1175,8,3,6,19,"0,421052632",4,0,0,0,0,0,0,0
50,4,2,1,71322,2413,57,753,43,226,69,10,204,2,1305,8,5,13,28,"0,285714286",4,0,0,0,0,0,0,0
46,3,2,1,32765,2041,49,13,3,17,7,3,3,2,46,2,0,4,8,"0,25",5,0,0,0,0,0,0,0
50,1,1,2,29672,2389,6,9,1,3,0,4,8,1,25,0,0,3,4,0,6,0,0,0,0,0,0,0
57,1,3,0,23272,2170,29,19,3,6,4,2,12,1,46,1,0,3,5,"0,2",4,0,0,0,0,0,0,0
61,3,1,1,49912,2575,5,520,8,223,32,49,42,4,874,10,5,7,26,"0,384615385",8,0,0,1,0,0,0,1
40,2,1,1,7500,2612,98,5,17,17,13,14,34,4,100,2,1,3,10,"0,2",9,0,0,0,0,0,0,0
63,4,4,1,68117,2391,80,618,44,215,0,17,36,2,930,11,8,4,25,"0,44",6,0,0,1,0,0,0,1
55,1,2,1,67225,2130,4,315,35,322,46,7,143,3,868,7,2,11,23,"0,304347826",5,0,0,0,0,0,0,0
49,1,2,1,17649,2144,70,15,1,23,0,5,1,3,45,3,0,3,9,"0,333333333",8,0,0,0,0,0,0,0
40,1,1,1,55914,2341,32,384,60,364,119,101,232,4,1260,11,6,8,29,"0,379310345",7,0,0,0,0,0,0,0
41,1,2,1,40059,2189,82,110,29,92,28,10,145,1,414,6,2,3,12,"0,5",8,0,0,1,0,0,0,0
60,1,1,1,60905,2121,27,208,17,76,36,17,38,2,392,3,3,7,15,"0,2",2,0,0,0,0,0,0,0
48,1,2,2,75330,2548,94,555,82,257,93,61,61,4,1109,10,3,12,29,"0,344827586",6,0,0,0,0,0,0,0
59,1,0,1,60689,2308,23,240,90,216,63,6,24,4,639,4,4,10,22,"0,181818182",3,0,0,0,0,0,0,0
41,1,2,1,38680,2373,97,11,0,36,15,5,12,1,79,2,0,3,6,"0,333333333",7,0,0,0,0,0,0,0
43,1,1,0,61416,2421,25,848,154,323,201,61,78,1,1665,10,3,10,24,"0,416666667",6,0,0,1,0,0,0,0
34,1,0,0,49767,2338,92,202,47,197,55,42,149,1,692,5,4,8,18,"0,277777778",4,0,0,0,0,0,0,0
45,1,0,3,83273,2557,98,433,89,650,16,102,102,10,1392,4,6,9,29,"0,137931034",7,0,0,0,0,0,0,0
44,1,2,1,29009,2127,19,6,6,15,10,5,2,2,44,2,0,3,7,"0,285714286",6,0,0,0,0,0,0,0
46,3,2,1,45057,2125,80,37,0,7,3,0,3,1,50,2,0,3,6,"0,333333333",5,0,0,0,0,0,0,0
44,1,2,1,37150,2571,80,167,37,64,49,34,116,8,467,4,3,6,21,"0,19047619",7,0,0,0,0,0,0,0
45,1,0,1,43020,2126,79,45,7,99,4,25,43,3,223,4,1,4,12,"0,333333333",6,0,0,0,0,0,0,0
56,1,2,1,53154,1935,50,129,0,21,0,1,7,1,158,3,1,4,9,"0,333333333",4,0,0,0,0,0,0,0
42,1,2,0,65308,2206,60,713,0,264,120,80,34,1,1211,7,8,12,28,"0,25",4,1,0,0,0,1,0,0
45,1,0,1,76467,2596,44,676,161,426,210,44,58,2,1575,2,5,5,14,"0,142857143",6,0,0,0,0,0,0,1
63,2,2,0,81044,2099,0,450,26,535,73,98,26,1,1208,5,6,10,22,"0,227272727",1,0,0,0,0,0,0,0
59,1,2,2,32871,2392,28,22,2,12,0,2,5,1,43,1,0,3,5,"0,2",4,0,0,0,0,0,0,0
40,1,0,2,55801,2195,35,367,4,51,6,4,95,6,527,7,2,6,21,"0,333333333",7,1,0,0,0,0,0,0
56,1,4,1,76320,1922,49,526,35,214,69,53,35,2,932,6,3,4,15,"0,4",2,0,0,0,0,0,0,0
55,3,0,2,36927,1942,46,51,0,16,0,0,4,2,71,3,0,3,8,"0,375",8,0,0,0,0,0,0,0
57,1,1,2,48794,1918,97,25,0,11,3,0,15,1,54,1,0,3,5,"0,2",4,0,0,0,0,0,0,0
50,1,0,0,23478,2382,51,28,6,27,12,17,39,1,129,3,0,3,7,"0,428571429",8,0,0,0,0,0,0,0
42,1,3,1,71128,2546,80,958,159,447,20,0,31,3,1615,2,10,12,27,"0,074074074",7,0,0,0,0,0,0,0
49,4,3,1,70179,2258,10,532,88,168,69,44,133,3,1034,7,3,13,26,"0,269230769",5,0,0,0,0,0,0,0
60,1,2,1,59462,2455,29,724,17,143,0,8,196,2,1088,9,2,12,25,"0,36",7,0,0,0,0,0,0,0
46,1,1,1,38361,2099,74,39,0,56,20,8,14,3,137,3,1,3,10,"0,3",7,0,0,0,0,0,0,0
43,4,1,0,70038,2162,54,587,54,348,71,54,130,1,1244,4,4,8,17,"0,235294118",2,0,0,0,0,0,0,0
47,1,1,2,42554,2448,93,29,1,11,0,0,0,2,41,2,0,3,7,"0,285714286",4,0,0,0,0,0,0,0
41,1,2,1,67445,2601,63,757,80,217,29,80,11,5,1174,9,6,12,32,"0,28125",6,0,0,0,0,0,0,0
59,1,4,1,67046,2454,92,544,35,133,23,151,107,2,993,4,5,4,15,"0,266666667",2,0,0,0,0,0,0,0
62,1,2,0,42192,2211,40,40,15,15,17,6,7,1,100,2,1,3,7,"0,285714286",4,0,0,0,0,0,0,0
58,4,2,1,77610,2523,70,1245,33,332,21,33,16,2,1680,4,7,4,17,"0,235294118",7,0,0,0,0,0,0,0
41,1,2,1,31761,2000,96,19,1,20,16,14,28,2,98,3,0,4,9,"0,333333333",5,0,0,0,0,0,0,0
46,1,1,1,34350,2168,81,16,3,15,2,1,11,1,48,1,0,3,5,"0,2",7,0,0,0,0,0,0,0
61,1,1,1,54591,2243,63,376,4,94,12,9,24,3,519,6,2,8,19,"0,315789474",5,0,0,0,0,0,0,0
59,1,2,1,71866,2101,85,184,178,178,103,39,33,1,715,6,3,10,20,"0,3",3,0,0,0,0,0,0,0
46,1,2,1,25293,2202,51,15,0,11,0,2,9,1,37,1,1,2,5,"0,2",8,0,0,0,0,0,0,0
38,4,0,0,42000,2450,23,124,83,267,85,59,35,2,653,5,2,11,20,"0,25",5,0,0,0,0,0,0,1
42,1,2,0,69520,2272,95,627,120,414,121,80,93,1,1455,9,6,5,21,"0,428571429",5,0,0,0,0,0,0,0
45,1,3,1,64713,2057,11,180,60,241,13,54,54,2,602,5,5,7,19,"0,263157895",4,0,0,0,0,0,0,1
48,3,2,1,27889,2274,42,14,0,4,0,0,8,1,26,1,1,2,5,"0,2",6,0,0,0,0,0,0,0
55,0,4,0,22123,2009,77,3,3,24,34,7,31,1,102,2,1,3,7,"0,285714286",5,0,0,0,0,0,0,0
42,1,2,1,27803,2587,40,8,26,46,38,9,49,2,176,3,0,4,9,"0,333333333",8,0,0,0,0,0,0,0
55,1,2,1,51651,2514,32,293,6,23,13,6,92,4,433,6,2,5,17,"0,352941176",8,0,0,0,0,0,0,0
37,1,2,0,68487,2447,48,758,12,385,33,89,89,1,1366,9,7,13,30,"0,3",4,0,0,0,0,0,0,0
46,1,2,1,56796,2413,24,656,38,161,62,47,37,3,1001,8,9,7,27,"0,296296296",7,0,0,0,0,0,0,0
33,2,2,0,87000,2476,61,196,25,607,67,17,49,1,961,4,6,7,18,"0,222222222",2,0,0,0,0,0,0,0
56,1,2,1,79823,2005,6,835,73,380,114,73,43,1,1518,6,9,7,23,"0,260869565",2,0,0,0,1,0,0,0
45,1,0,1,30828,2183,16,16,11,15,2,0,12,2,56,1,1,4,8,"0,125",3,0,0,0,0,0,0,0
44,3,2,1,34109,2150,39,9,1,5,2,1,4,1,22,0,0,3,4,0,4,0,0,0,0,0,0,0
41,3,3,2,53367,2217,2,229,7,140,10,3,11,7,400,5,1,8,21,"0,238095238",7,0,0,0,0,0,0,1
46,0,1,0,22390,2166,49,0,1,4,15,1,5,1,26,1,0,2,4,"0,25",7,0,0,0,0,0,0,0
49,1,1,1,71322,1973,31,121,24,124,24,15,42,1,350,4,1,7,13,"0,307692308",2,0,0,0,0,0,0,0
32,1,5,0,79244,2472,58,471,102,125,212,61,245,1,1216,4,10,7,22,"0,181818182",1,1,0,0,0,1,0,1
61,3,1,1,49912,2575,5,520,8,223,32,49,42,4,874,10,5,7,26,"0,384615385",8,0,0,1,0,0,0,1
60,4,2,2,48699,2319,90,26,1,10,2,0,1,1,40,1,0,3,5,"0,2",5,0,0,0,0,0,0,0
40,1,1,0,80144,2187,47,240,132,445,250,192,108,1,1367,3,7,8,19,"0,157894737",1,0,0,0,0,0,0,0
59,1,0,2,54252,2312,25,178,4,26,8,4,44,5,264,4,1,5,15,"0,266666667",6,0,0,0,0,0,0,0
49,3,2,1,81929,2553,60,1486,55,278,49,0,185,2,2053,4,4,10,20,"0,2",6,0,0,1,0,1,0,1
40,1,2,1,76068,2492,67,1115,12,128,33,12,76,1,1376,2,3,4,10,"0,2",6,0,1,0,1,0,0,0
49,3,2,2,53204,2016,40,29,0,8,2,0,6,1,45,1,0,3,5,"0,2",4,0,0,0,0,0,0,0
61,4,1,1,67911,1953,63,529,0,356,63,28,0,3,976,6,7,11,27,"0,222222222",3,0,0,0,0,0,0,0
41,2,2,1,14796,2565,1,13,3,8,7,4,16,2,51,1,0,3,6,"0,166666667",9,0,0,0,0,0,0,1
41,4,2,1,78128,2045,89,934,24,230,16,24,36,2,1264,8,4,6,20,"0,4",3,0,0,0,1,1,0,0
43,0,2,0,14188,2401,40,2,7,11,16,12,27,1,75,2,0,4,7,"0,285714286",6,0,0,0,0,0,0,0
39,0,2,1,20425,2523,5,4,12,5,3,16,17,2,57,2,0,3,7,"0,285714286",7,0,0,0,0,0,0,0
53,3,2,1,58646,2299,3,62,1,44,6,5,22,1,140,2,1,4,8,"0,25",4,0,0,0,0,0,0,0
45,1,3,1,72967,2476,1,158,35,179,0,0,125,2,497,7,2,8,19,"0,368421053",5,0,0,1,0,0,0,1
61,3,2,1,48150,2301,24,173,2,39,3,2,47,3,266,5,1,4,13,"0,384615385",7,0,0,0,0,0,0,0
54,1,0,0,82332,2565,89,830,59,968,51,79,19,1,2006,5,3,12,21,"0,238095238",2,0,0,0,0,1,0,1
55,1,4,2,58275,2307,48,189,10,253,56,43,64,6,615,8,2,7,23,"0,347826087",7,0,0,0,0,0,0,0
44,4,1,0,44953,2470,31,728,17,133,11,8,124,1,1021,7,3,13,24,"0,291666667",6,0,0,1,0,0,0,0
57,1,1,2,34587,1959,68,7,2,9,2,0,2,2,22,1,0,3,6,"0,166666667",4,0,0,0,0,0,0,0
41,3,1,1,43018,2155,46,35,4,17,7,6,64,1,133,2,2,2,7,"0,285714286",5,0,0,0,0,0,0,0
56,3,2,1,45736,2255,92,188,3,180,20,3,43,5,437,7,1,6,19,"0,368421053",7,0,0,0,0,0,0,0
46,3,1,1,66476,2122,80,742,28,152,25,9,57,2,1013,6,8,10,26,"0,230769231",4,0,0,0,0,0,0,0
44,2,2,1,27733,2222,16,0,7,5,26,2,17,2,57,2,0,3,7,"0,285714286",7,0,0,0,0,0,0,0
58,4,1,1,69805,2074,50,750,71,174,13,10,20,2,1038,6,8,11,27,"0,222222222",2,0,0,0,0,0,0,0
53,3,0,0,72217,2360,93,816,42,450,55,56,154,1,1573,3,10,8,22,"0,136363636",2,0,0,0,0,0,0,0
44,1,3,1,25818,2534,51,5,2,8,2,2,9,1,28,0,1,2,4,0,7,0,0,0,0,0,0,0
49,3,1,1,37509,2570,24,37,5,56,12,8,5,2,123,3,0,4,9,"0,333333333",7,0,0,0,0,0,0,0
49,2,1,2,25176,2238,79,4,0,4,0,0,5,1,13,1,0,2,4,"0,25",7,0,0,0,0,0,0,0
45,1,2,1,43586,2583,26,99,2,11,4,0,16,3,132,3,0,4,10,"0,3",8,0,0,0,0,0,0,0
59,2,2,1,53230,2610,86,176,72,98,136,21,229,4,732,5,2,12,23,"0,217391304",5,0,0,0,0,0,0,0
58,1,1,2,50116,1924,68,54,0,10,0,0,2,2,66,1,0,4,7,"0,142857143",5,0,0,0,1,0,0,0
43,1,1,0,84906,2183,98,997,15,414,99,30,76,1,1631,5,6,12,24,"0,208333333",2,0,1,0,1,1,0,0
49,1,2,1,61286,2246,34,356,0,107,19,9,117,2,608,7,1,8,18,"0,388888889",5,0,0,0,0,0,0,0
39,4,2,0,82333,2371,60,1311,0,359,46,89,17,1,1822,4,3,10,18,"0,222222222",2,0,0,0,0,1,0,1
50,4,1,0,65220,2579,3,890,63,292,0,25,12,4,1282,8,4,7,23,"0,347826087",6,0,0,0,0,0,0,1
41,1,1,3,33590,2153,65,4,0,2,0,0,2,1,8,1,0,2,4,"0,25",7,0,0,0,0,0,0,0
49,1,3,1,30992,2348,83,17,0,14,7,3,2,1,43,1,0,3,5,"0,2",7,0,0,0,0,0,0,0
49,3,0,0,72309,2390,64,960,0,883,50,38,0,1,1931,5,6,8,20,"0,25",3,1,0,0,0,0,0,1
61,4,2,0,156924,2219,85,2,1,2,1,1,1,0,8,0,0,0,0,0,0,0,0,0,0,0,0,0
45,0,2,1,16005,2599,69,1,3,2,20,30,47,3,103,2,1,2,8,"0,25",8,0,0,0,0,0,0,0
58,3,5,0,65487,2085,48,240,67,500,199,0,163,3,1169,3,5,6,17,"0,176470588",2,0,0,0,0,0,0,0
50,1,2,1,58692,1999,21,301,11,61,4,7,11,1,395,8,2,4,15,"0,533333333",7,0,0,0,0,0,0,0
46,1,4,2,40590,2185,30,154,0,50,6,11,37,5,258,3,4,3,15,"0,2",6,0,0,1,0,0,0,0
45,1,0,1,20587,1964,39,2,3,6,4,1,9,1,25,1,1,2,5,"0,2",7,0,0,0,0,0,0,0
56,3,3,1,62637,2035,76,104,12,48,4,12,5,1,185,2,2,5,10,"0,2",2,0,0,0,0,0,0,0
49,3,3,2,29435,2607,11,70,3,37,4,2,64,4,180,3,2,2,11,"0,272727273",9,0,0,0,0,0,0,1
41,1,3,1,19346,2065,26,2,0,9,3,6,2,1,22,1,0,3,5,"0,2",8,0,0,0,0,0,0,0
44,1,2,2,35788,2072,34,23,2,11,3,1,4,2,44,2,0,3,7,"0,285714286",6,0,0,0,0,0,0,0
47,1,3,2,36997,2428,72,43,4,12,8,0,27,5,94,2,1,4,12,"0,166666667",5,0,0,0,0,0,0,0
58,1,2,0,23539,2036,13,4,24,11,16,1,25,1,81,2,0,4,7,"0,285714286",6,0,0,0,0,0,0,0
42,1,0,1,65333,2078,58,654,7,92,0,15,30,7,798,9,4,8,28,"0,321428571",6,0,0,0,1,1,0,0
58,1,0,0,78499,2133,12,912,72,170,47,36,97,1,1334,11,3,4,19,"0,578947368",4,0,0,0,0,1,0,1
44,4,1,1,29732,2011,23,25,0,8,0,1,4,1,38,2,0,2,5,"0,4",9,0,0,0,0,0,0,0
55,3,1,3,41275,2012,33,24,4,22,0,2,9,4,61,3,1,3,11,"0,272727273",5,0,0,0,0,0,0,0
42,4,1,2,63516,2273,30,141,11,114,15,14,5,4,300,4,1,7,16,"0,25",5,0,0,0,0,0,0,0
53,4,2,1,42769,2175,15,71,0,13,3,1,0,2,88,1,1,4,8,"0,125",4,0,0,0,0,0,0,0
57,3,2,2,49572,2111,25,35,1,16,0,1,1,2,54,2,0,3,7,"0,285714286",7,0,0,0,0,0,0,0
43,1,2,0,69209,2565,4,496,32,849,229,48,128,2,1782,5,3,6,16,"0,3125",4,1,0,0,0,0,0,0
49,1,2,1,17148,2067,80,9,9,11,13,10,16,4,68,3,1,3,11,"0,272727273",8,0,0,0,0,0,0,0
46,1,4,2,40590,2185,30,154,0,50,6,11,37,5,258,3,4,3,15,"0,2",6,0,0,1,0,0,0,0
49,3,1,1,30560,2282,6,9,1,5,4,5,7,1,31,1,0,3,5,"0,2",7,0,0,0,0,0,0,0
42,2,2,1,32146,1963,16,26,3,23,4,7,3,2,66,2,0,4,8,"0,25",6,0,0,0,0,0,0,0
51,2,3,2,41713,1976,57,77,8,44,10,10,25,5,174,3,1,4,13,"0,230769231",6,0,0,0,0,0,0,0
40,3,1,1,34176,2073,9,11,2,7,4,2,2,1,28,1,0,3,5,"0,2",3,0,0,0,0,0,0,0
55,4,2,1,58482,2024,59,576,7,115,19,7,7,2,731,7,4,9,22,"0,318181818",6,0,0,0,1,0,0,0
50,1,0,1,59686,2070,78,89,15,89,34,42,5,1,274,4,1,6,12,"0,333333333",4,0,0,0,0,0,0,0
51,4,2,1,60896,2541,90,1013,30,399,60,46,153,3,1701,9,10,4,26,"0,346153846",6,0,0,0,0,0,0,1
45,1,1,1,62994,2032,74,224,12,48,4,12,12,1,312,6,2,4,13,"0,461538462",6,0,0,0,0,0,0,0
58,1,1,1,47320,2247,10,200,19,111,50,15,19,6,414,5,1,8,20,"0,25",6,0,0,0,0,0,0,0
61,2,4,0,74859,2306,63,570,73,614,133,102,73,1,1565,6,5,11,23,"0,260869565",3,1,0,0,0,0,0,0
33,0,0,1,15253,2159,13,1,3,3,8,1,13,2,29,1,0,3,6,"0,166666667",7,0,0,0,0,0,0,0
41,4,0,1,31560,2285,98,62,1,20,4,0,7,2,94,2,1,3,8,"0,25",8,0,0,0,0,0,0,0
56,1,3,1,72071,2415,4,531,69,300,150,138,150,3,1338,5,4,8,20,"0,25",2,0,0,0,0,0,0,0
35,3,0,0,91172,2374,94,162,28,818,0,28,56,0,1092,4,3,7,14,"0,285714286",3,1,1,1,0,1,0,1
41,1,2,0,90000,2103,91,675,144,133,94,192,241,1,1479,4,8,5,18,"0,222222222",1,1,0,1,0,1,0,0
44,1,0,2,41967,2133,66,23,4,10,0,2,15,1,54,1,0,3,5,"0,2",4,0,0,0,0,0,0,0
50,1,0,1,69263,2031,14,492,5,32,13,5,21,1,568,9,1,7,18,"0,5",6,0,0,0,1,0,0,0
45,2,3,0,65706,2281,77,918,10,129,13,0,129,1,1199,11,3,12,27,"0,407407407",7,0,1,0,1,1,0,1
40,1,1,1,60934,2078,41,224,155,155,192,93,54,2,873,6,4,11,23,"0,260869565",4,0,0,0,0,0,0,0
59,1,2,1,71965,2250,21,572,19,286,50,38,248,3,1213,6,3,5,17,"0,352941176",3,0,0,0,0,0,0,0
55,1,2,1,65210,2026,25,626,0,70,0,7,28,2,731,9,3,8,22,"0,409090909",6,1,0,0,1,0,0,0
40,4,2,0,79174,2449,2,1074,37,518,193,92,129,1,2043,5,6,7,19,"0,263157895",2,1,0,0,0,1,0,1
48,3,3,0,81380,2469,51,741,68,689,224,68,103,1,1893,4,2,10,17,"0,235294118",2,0,0,0,0,0,0,0
42,4,5,1,48432,2534,3,322,3,50,4,3,42,5,424,7,1,6,19,"0,368421053",8,0,0,0,0,0,0,0
44,1,2,1,52914,2453,32,254,10,44,30,10,227,2,575,7,3,3,15,"0,466666667",7,0,0,1,0,0,0,0
55,1,1,1,38946,2163,84,116,6,82,6,6,41,2,257,3,1,6,12,"0,25",5,0,0,0,0,0,0,0
41,1,2,1,26067,2152,49,22,2,18,0,2,12,3,56,3,0,3,9,"0,333333333",8,0,0,0,0,0,0,0
43,4,2,1,44325,2394,69,516,0,21,0,0,5,4,542,8,2,7,21,"0,380952381",8,0,0,0,1,0,0,0
51,1,2,0,42523,1982,96,14,36,11,3,26,35,1,125,1,1,4,7,"0,142857143",2,0,0,0,0,0,0,0
47,0,0,1,26487,2320,23,2,8,10,12,14,23,3,69,2,1,3,9,"0,222222222",5,0,0,0,0,0,0,0
58,2,2,1,53233,2018,18,28,0,9,3,0,0,1,40,1,0,3,5,"0,2",4,0,0,0,0,0,0,0
55,1,2,1,67716,2450,8,530,142,217,62,9,56,4,1016,7,4,13,28,"0,25",5,0,0,0,1,0,0,0
43,3,2,1,76234,2058,21,519,50,167,130,0,41,1,907,8,3,11,23,"0,347826087",3,0,0,0,1,0,0,0
59,4,2,0,84117,1964,60,611,76,749,59,45,26,1,1566,7,10,6,24,"0,291666667",2,0,0,0,0,1,0,0
58,3,1,0,65487,2085,48,240,67,500,199,0,163,3,1169,3,5,6,17,"0,176470588",2,0,0,0,0,0,0,0
43,0,2,1,25224,2020,36,4,9,12,11,2,8,2,46,1,1,3,7,"0,142857143",3,0,0,0,0,0,0,0
42,3,0,0,89616,2404,36,671,47,655,145,111,15,1,1644,7,5,12,25,"0,28",2,0,0,0,0,0,0,1
44,1,3,2,40851,2408,63,23,1,7,0,4,24,1,59,1,1,2,5,"0,2",7,0,0,0,0,0,0,0
63,1,2,0,27469,2611,2,9,1,2,3,2,0,1,17,0,0,3,4,0,6,0,0,0,0,0,0,0
58,2,2,0,82347,2515,38,556,54,845,202,133,63,1,1853,7,7,10,25,"0,28",3,1,0,1,0,0,0,1
58,1,2,1,73803,2612,61,833,80,363,52,26,174,2,1528,9,5,6,22,"0,409090909",6,0,0,1,0,0,0,1
58,3,0,2,8820,2379,52,12,0,13,4,2,4,4,35,3,0,3,10,"0,3",8,0,0,0,0,0,0,0
41,1,0,0,43322,1984,25,56,7,48,10,2,18,1,141,3,0,4,8,"0,375",7,0,0,0,0,0,0,0
42,1,1,1,55593,2227,63,293,8,124,11,4,106,2,546,6,6,3,17,"0,352941176",6,0,0,1,0,0,0,0
56,1,2,2,50501,2291,10,297,0,38,13,0,152,7,500,5,4,4,20,"0,25",6,0,0,1,0,0,0,1
40,1,2,2,37085,1918,65,39,1,16,2,0,3,4,61,3,0,3,10,"0,3",8,0,0,0,0,0,0,0
35,0,0,1,16185,2243,71,5,11,16,21,8,45,2,106,2,2,2,8,"0,25",8,0,0,0,0,0,0,0
46,1,0,1,57731,2498,0,266,21,300,65,8,44,4,704,8,8,6,26,"0,307692308",6,0,0,0,0,0,0,0
42,4,5,1,48432,2534,3,322,3,50,4,3,42,5,424,7,1,6,19,"0,368421053",8,0,0,0,0,0,0,1
47,1,2,1,73807,2458,88,366,124,156,71,78,54,2,849,5,5,11,23,"0,217391304",2,0,0,0,0,0,0,0
35,1,2,0,18929,2413,15,32,0,8,23,4,18,1,85,1,0,4,6,"0,166666667",6,0,0,0,0,0,0,0
47,1,0,2,35893,2537,80,158,0,23,0,0,18,6,199,3,1,5,15,"0,2",8,0,0,0,0,0,0,0
45,1,2,1,61014,2602,17,269,129,495,182,43,29,4,1147,9,3,4,20,"0,45",7,0,0,0,0,0,0,0
56,1,1,2,32144,2013,76,41,0,10,0,0,3,4,54,2,1,3,10,"0,2",7,0,0,0,1,0,0,0
52,0,1,1,14918,2484,52,3,3,3,15,4,15,1,43,1,0,3,5,"0,2",6,0,0,0,0,0,0,0
52,1,3,2,45146,2264,28,33,0,5,0,0,15,2,53,1,1,2,6,"0,166666667",4,0,0,0,0,0,0,0
55,2,3,1,41769,2416,31,302,29,131,32,0,27,6,521,8,1,7,22,"0,363636364",8,0,0,0,0,0,0,0
44,1,1,0,88325,2059,42,519,71,860,93,27,53,1,1623,6,2,9,18,"0,333333333",2,0,0,0,0,0,0,0
60,3,3,2,38054,1974,24,23,2,17,2,1,0,2,45,2,0,3,7,"0,285714286",7,0,0,0,0,0,0,0
30,2,0,0,80617,2540,42,594,51,631,72,55,32,1,1435,4,6,8,19,"0,210526316",2,0,0,0,0,0,0,0
49,1,2,1,5305,2249,12,12,4,7,1,3,5,0,32,1,0,0,1,1,13,0,0,0,0,0,0,0
56,1,1,2,36807,2471,88,4,2,5,0,0,5,1,16,1,0,2,4,"0,25",6,0,0,0,0,0,0,0
42,1,1,1,28427,2380,67,18,3,19,3,3,6,2,52,2,0,3,7,"0,285714286",8,0,0,0,0,0,0,0
62,4,4,0,82032,2000,54,332,194,377,149,125,57,0,1234,4,6,7,17,"0,235294118",1,0,0,0,0,0,0,0
47,1,1,1,22775,2290,40,5,1,8,0,0,1,1,15,1,0,2,4,"0,25",8,0,0,0,0,0,0,0
40,3,1,1,40101,2538,73,171,3,129,26,24,62,4,415,6,1,6,17,"0,352941176",7,0,0,0,0,0,0,0
46,1,2,1,58025,2130,81,270,31,88,11,48,22,3,470,3,2,10,18,"0,166666667",4,0,0,0,0,0,0,0
43,3,0,0,75777,2275,12,712,26,538,69,13,80,1,1438,3,6,11,21,"0,142857143",1,0,0,0,1,1,0,1
46,2,1,1,7500,2333,7,2,8,11,3,8,21,4,53,3,2,2,11,"0,272727273",7,0,0,0,0,0,0,0
52,3,2,3,33562,1919,33,21,12,12,0,3,3,3,51,2,0,4,9,"0,222222222",4,0,0,0,0,0,0,0
45,4,0,1,57642,2086,24,580,6,58,8,0,27,3,679,7,6,6,22,"0,318181818",4,0,0,1,0,0,0,0
47,1,1,2,58554,2556,55,368,24,68,38,0,88,6,586,8,2,6,22,"0,363636364",7,0,0,0,0,0,0,0
46,1,2,2,63777,2377,87,457,5,106,15,17,53,8,653,11,1,6,26,"0,423076923",8,0,0,0,0,0,0,0
53,1,0,1,57967,2398,39,229,7,137,4,0,91,5,468,4,2,8,19,"0,210526316",5,0,0,0,0,0,0,0
43,1,2,2,24434,1957,9,3,2,8,20,0,17,2,50,2,1,2,7,"0,285714286",7,0,0,0,0,0,0,0
41,1,0,1,11012,2385,82,24,3,26,7,1,23,3,84,3,1,2,9,"0,333333333",9,0,0,1,0,0,0,0
45,3,0,0,44802,2592,71,853,10,143,13,10,20,2,1049,9,4,12,27,"0,333333333",8,0,0,0,0,0,0,0
39,1,0,0,26816,2596,50,5,1,6,3,4,3,1,22,0,0,3,4,0,4,0,0,0,0,0,0,0
48,1,1,1,666666,2307,23,9,14,18,8,1,12,4,62,3,1,3,11,"0,272727273",6,0,0,0,0,0,0,0
41,1,2,1,34421,2278,81,3,3,7,6,2,9,1,30,1,0,2,4,"0,25",7,0,0,0,0,0,0,0
48,1,2,1,61223,2296,46,709,43,182,42,118,247,2,1341,9,3,4,18,"0,5",5,0,0,0,0,0,0,0
64,4,1,3,64014,1934,56,406,0,30,0,0,8,7,444,8,2,5,22,"0,363636364",7,1,0,0,0,0,0,0
44,1,3,0,56981,2070,91,908,48,217,32,12,24,1,1241,2,3,13,19,"0,105263158",6,0,0,0,1,0,0,0
59,3,1,1,69245,2071,8,428,30,214,80,30,61,2,843,6,5,10,23,"0,260869565",3,0,0,0,0,0,0,0
56,4,2,2,52869,2537,40,84,3,61,2,1,21,3,172,3,1,4,11,"0,272727273",7,0,0,0,0,0,0,1
