Year_Birth,Education,Marital_Status,Income,Dt_Customer,Recency,MntWines,MntFruits,MntMeatProducts,MntFishProducts,MntSweetProducts,MntGoldProds,NumDealsPurchases,NumWebPurchases,NumCatalogPurchases,NumStorePurchases,NumWebVisitsMonth,AcceptedCmp3,AcceptedCmp4,AcceptedCmp5,AcceptedCmp1,AcceptedCmp2,Complain,Response,Customer_Age,Age_Group,Total_Spending,Children
1957,Graduation,Single,58138.0,2012-09-04,58,635,81,546,120.5,81,88.0,3,8,10,4,7,0,0,0,0,0,0,1,58,50–59,1617,0
1954,Graduation,Single,46344.0,2014-03-08,38,11,1,6,2.0,1,6.0,2,1,1,2,5,0,0,0,0,0,0,0,61,60+,27,2
1965,Graduation,Together,71613.0,2013-08-21,26,426,49,127,111.0,21,42.0,1,8,2,10,4,0,0,0,0,0,0,0,50,50–59,776,0
1984,Graduation,Together,26646.0,2014-02-10,26,11,4,20,10.0,3,5.0,2,2,0,4,6,0,0,0,0,0,0,0,31,30–39,53,1
1981,PhD,Married,58293.0,2014-01-19,94,173,43,118,46.0,27,15.0,5,5,3,6,5,0,0,0,0,0,0,0,34,30–39,422,1
1967,Master,Together,62513.0,2013-09-09,16,520,42,98,0.0,42,14.0,2,6,4,10,6,0,0,0,0,0,0,0,48,40–49,716,1
1971,Graduation,Divorced,55635.0,2012-11-13,34,235,65,164,50.0,49,27.0,4,7,3,7,6,0,0,0,0,0,0,0,44,40–49,590,1
1985,PhD,Married,33454.0,2013-05-08,32,76,10,56,3.0,1,23.0,2,4,0,4,8,0,0,0,0,0,0,0,30,30–39,169,1
1974,PhD,Together,30351.0,2013-06-06,19,14,0,24,3.0,3,2.0,1,3,0,2,9,0,0,0,0,0,0,1,41,40–49,46,1
1950,PhD,Together,5648.0,2014-03-13,68,28,0,6,1.0,1,13.0,1,1,0,0,20,1,0,0,0,0,0,0,65,60+,49,2
1983,Graduation,Married,51381.5,2013-11-15,11,5,5,6,0.0,2,1.0,1,1,0,2,7,0,0,0,0,0,0,0,32,30–39,19,1
1976,Basic,Married,7500.0,2012-11-13,59,6,16,11,11.0,1,16.0,1,2,0,3,8,0,0,0,0,0,0,0,39,30–39,61,0
1959,Graduation,Divorced,63033.0,2013-11-15,82,194,61,480,120.5,81,30.0,1,3,4,8,2,0,0,0,0,0,0,0,56,50–59,1102,0
1952,Master,Divorced,59354.0,2013-11-15,53,233,2,53,3.0,5,14.0,3,6,1,5,6,0,0,0,0,0,0,0,63,60+,310,2
1987,Graduation,Married,17323.0,2012-10-10,38,3,14,17,6.0,1,5.0,1,1,0,3,8,0,0,0,0,0,0,0,28,<30,46,0
1946,PhD,Single,82800.0,2012-11-24,23,1006,22,115,59.0,68,45.0,1,7,6,12,3,0,0,1,1,0,0,1,69,60+,1315,0
1980,Graduation,Married,41850.0,2012-12-24,51,53,5,19,2.0,13,4.0,3,3,0,3,8,0,0,0,0,0,0,0,35,30–39,96,2
1946,Graduation,Together,37760.0,2012-08-31,20,84,5,38,120.5,12,28.0,2,4,1,6,7,0,0,0,0,0,0,0,69,60+,317,0
1949,Master,Married,76995.0,2013-03-28,91,1012,80,498,0.0,16,126.5,2,11,4,9,5,0,0,0,1,0,0,0,66,60+,1782,1
1985,2n Cycle,Single,33812.0,2012-11-03,86,4,17,19,30.0,24,39.0,2,2,1,3,6,0,0,0,0,0,0,0,30,30–39,133,1
1982,Graduation,Married,37040.0,2012-08-08,41,86,2,73,69.0,38,48.0,1,4,2,5,8,0,0,0,0,0,0,0,33,30–39,316,0
1979,Graduation,Married,2447.0,2013-01-06,42,1,1,556,1.0,1,1.0,15,0,28,0,1,0,0,0,0,0,0,0,36,30–39,1730,1
1949,PhD,Married,58607.0,2012-12-23,63,867,0,86,0.0,0,19.0,3,2,3,9,8,0,1,0,0,0,0,0,66,60+,972,1
1954,PhD,Married,65324.0,2014-01-11,0,384,0,102,21.0,32,5.0,3,6,2,9,4,0,0,0,0,0,0,0,61,60+,544,1
1951,Graduation,Together,40689.0,2013-03-18,69,270,3,27,39.0,6,99.0,7,7,1,5,8,0,0,0,0,0,0,0,64,60+,444,1
1969,Graduation,Single,18589.0,2013-01-02,89,6,4,25,15.0,12,13.0,2,2,1,3,7,0,0,0,0,0,0,0,46,40–49,75,0
1976,Graduation,Married,53359.0,2013-05-27,4,173,4,30,3.0,6,41.0,4,5,1,4,7,0,0,0,0,0,0,0,39,30–39,257,2
1986,Graduation,Single,51381.5,2013-02-20,19,5,1,3,3.0,81,126.5,0,27,0,0,1,0,0,0,0,0,0,0,29,<30,637,1
1989,Graduation,Married,38360.0,2013-05-31,26,36,2,42,20.0,21,10.0,2,2,1,4,3,0,0,0,0,0,0,0,26,<30,131,1
1965,PhD,Married,84618.0,2013-11-22,96,684,81,556,21.0,66,0.0,1,6,9,10,2,0,0,1,0,0,0,0,50,50–59,1672,0
1989,Master,Divorced,10979.0,2014-05-22,34,8,4,10,2.0,2,4.0,2,3,0,3,5,0,0,0,0,0,0,0,26,<30,30,0
1963,Master,Together,38620.0,2013-05-11,56,112,17,44,34.0,22,89.0,1,2,5,3,3,0,0,0,0,0,0,0,52,50–59,318,0
1970,Graduation,Together,40548.0,2012-10-10,31,110,0,5,2.0,0,3.0,2,2,1,4,5,0,1,0,0,0,0,0,45,40–49,120,1
1952,PhD,Divorced,46610.0,2012-10-29,8,96,12,96,33.0,22,43.0,6,4,1,6,6,0,0,0,0,0,0,1,63,60+,302,2
1946,Master,Married,68657.0,2013-02-20,4,482,34,471,119.0,68,22.0,1,3,5,9,7,0,0,0,0,0,0,0,69,60+,1196,0
1951,Master,Single,49389.0,2013-08-29,55,40,0,19,2.0,1,3.0,1,2,0,3,7,0,0,0,0,0,0,0,64,60+,65,2
1970,PhD,Married,67353.0,2013-12-31,37,702,17,151,0.0,8,35.0,5,5,6,12,2,0,0,0,0,0,0,0,45,40–49,913,1
1976,2n Cycle,Married,23718.0,2013-09-02,76,6,3,14,15.0,7,36.0,3,3,1,2,7,0,0,0,0,0,0,0,39,30–39,81,1
1973,Graduation,Widow,42429.0,2014-02-11,99,55,0,6,2.0,0,4.0,2,1,1,3,5,0,0,0,0,0,0,0,42,40–49,67,1
1943,PhD,Divorced,48948.0,2013-02-01,53,437,8,206,120.5,49,42.0,2,7,10,5,6,1,0,0,0,0,0,1,72,60+,902,0
1980,Graduation,Married,80011.0,2013-04-29,3,421,76,536,82.0,81,102.0,2,8,6,5,4,0,0,0,0,0,0,0,35,30–39,1395,1
1985,Master,Married,20559.0,2013-03-12,88,13,1,29,3.0,0,7.0,2,2,0,3,8,0,0,0,0,0,0,0,30,30–39,53,1
1957,Graduation,Together,21994.0,2012-12-24,4,9,0,6,3.0,1,3.0,1,0,0,3,5,0,0,0,0,0,0,0,58,50–59,22,1
1959,PhD,Single,51381.5,2013-11-05,80,81,11,50,3.0,2,39.0,1,1,3,4,2,0,0,0,0,0,0,0,56,50–59,186,0
1975,Master,Married,7500.0,2013-10-02,19,3,1,10,3.0,2,12.0,3,2,0,3,5,0,0,0,0,0,0,0,40,40–49,31,1
1976,Graduation,Single,79941.0,2014-06-28,72,123,81,266,120.5,30,126.5,1,2,4,9,1,0,0,0,0,0,0,0,39,30–39,984,0
1996,2n Cycle,Married,7500.0,2012-11-09,24,3,18,14,15.0,22,50.0,3,3,1,3,9,0,0,0,0,0,0,1,19,<30,122,0
1968,Graduation,Together,41728.0,2013-05-24,92,13,6,15,3.0,5,13.0,1,2,0,2,10,0,0,0,0,0,0,0,47,40–49,55,1
1951,Graduation,Single,51381.5,2014-01-01,96,48,5,48,6.0,10,7.0,3,2,1,4,6,0,0,0,0,0,0,0,64,60+,124,3
1954,PhD,Married,72550.0,2012-11-08,39,826,50,317,50.0,38,38.0,9,5,2,12,8,0,0,0,0,0,0,0,61,60+,1319,2
1957,Graduation,Widow,65486.0,2014-05-12,29,245,19,125,37.0,67,14.0,1,4,2,10,2,0,0,0,0,0,0,0,58,50–59,507,1
1964,Master,Married,79143.0,2012-08-11,2,650,37,556,27.0,81,32.0,1,6,9,13,3,0,0,0,0,0,0,0,51,50–59,1693,0
1977,Graduation,Single,35790.0,2013-01-02,54,12,6,20,30.0,1,3.0,2,2,0,3,7,0,0,0,0,0,0,0,38,30–39,72,1
1977,Graduation,Divorced,82582.0,2014-06-07,54,510,81,550,120.5,40,126.5,1,4,9,7,1,1,0,0,1,0,0,1,38,30–39,1617,0
1978,Graduation,Married,66373.0,2013-06-12,57,328,9,124,12.0,24,109.0,7,4,2,10,3,0,0,0,0,0,0,0,37,30–39,606,2
1955,Master,Together,82384.0,2012-11-19,55,984,51,432,120.5,81,126.5,1,3,10,13,1,0,0,1,0,0,0,1,60,60+,1957,0
1966,Graduation,Divorced,70287.0,2013-04-02,30,295,35,482,120.5,81,40.0,1,5,5,10,3,0,0,0,0,0,0,1,49,40–49,1093,0
1988,Graduation,Single,27938.0,2014-04-28,31,13,0,8,2.0,1,5.0,1,1,0,4,3,0,0,0,0,0,0,0,27,<30,29,1
1982,Graduation,Single,51381.5,2013-06-17,57,11,3,22,2.0,2,6.0,2,2,0,3,6,0,0,0,0,0,0,0,33,30–39,46,1
1968,PhD,Married,55954.0,2014-03-03,63,447,0,28,0.0,0,43.0,3,8,2,6,7,0,0,0,0,0,0,0,47,40–49,518,1
1982,Master,Single,75777.0,2013-07-04,12,712,26,538,69.0,13,80.0,1,3,6,11,1,0,1,1,0,0,0,1,33,30–39,1438,0
1975,Graduation,Together,66653.0,2012-09-07,18,452,18,102,16.0,18,6.0,4,4,2,12,3,0,0,0,0,0,0,0,40,40–49,612,2
1952,Graduation,Single,61823.0,2013-02-18,26,523,7,134,37.0,14,126.5,4,8,2,10,7,0,0,0,0,0,0,0,63,60+,884,1
1951,PhD,Widow,67680.0,2013-06-11,8,546,0,48,0.0,6,6.0,1,7,3,8,5,0,0,0,0,0,0,0,64,60+,606,1
1948,Graduation,Together,70666.0,2013-12-06,29,398,40,367,119.0,81,30.0,1,7,4,4,4,0,0,0,0,0,0,0,67,60+,1076,0
1971,Graduation,Married,25721.0,2013-05-21,75,1,3,6,3.0,6,15.0,1,1,1,2,7,0,0,0,0,0,0,1,44,40–49,34,1
1967,Graduation,Together,32474.0,2014-05-11,0,10,0,1,0.0,0,0.0,1,1,0,2,7,0,0,0,0,0,0,0,48,40–49,11,2
1979,2n Cycle,Single,88194.0,2014-03-19,19,688,14,309,120.5,24,38.0,1,11,10,10,5,1,0,0,1,0,0,1,36,30–39,1274,1
1958,Graduation,Together,69096.0,2013-09-27,4,247,49,159,7.0,81,109.0,1,5,2,10,4,0,0,0,0,0,0,0,57,50–59,653,1
1970,Graduation,Together,74854.0,2013-04-08,90,856,59,487,58.0,29,73.0,7,2,5,5,5,0,0,0,0,0,0,0,45,40–49,1562,3
1954,Master,Married,66991.0,2012-09-11,1,496,36,460,120.5,60,12.0,3,4,8,6,3,0,0,0,0,0,0,0,61,60+,1253,0
1973,2n Cycle,Married,51381.5,2012-09-14,25,25,3,43,17.0,4,17.0,3,3,0,3,8,0,0,0,0,0,0,0,42,40–49,109,1
1959,Graduation,Married,65031.0,2013-03-17,29,258,81,291,84.0,37,86.0,4,10,3,13,7,0,0,0,0,0,0,0,56,50–59,863,1
1975,PhD,Married,60631.0,2013-04-05,88,565,6,65,0.0,6,19.0,5,9,2,8,7,0,1,0,0,0,0,0,40,40–49,661,2
1952,Graduation,Married,28332.0,2014-04-30,58,14,10,13,4.0,15,9.0,1,2,1,4,2,0,0,0,0,0,0,0,63,60+,65,0
1977,Graduation,Divorced,40246.0,2012-12-19,68,2,1,6,2.0,1,1.0,1,1,0,2,6,0,0,0,0,0,0,0,38,30–39,13,1
1972,Master,Married,75251.0,2012-08-27,34,721,81,556,97.0,18,18.0,1,7,6,5,5,0,0,0,0,0,0,1,43,40–49,1890,0
1976,Graduation,Single,75825.0,2012-10-12,40,1032,81,556,120.5,81,51.0,0,5,8,9,4,1,0,0,0,0,0,1,39,30–39,2209,0
1976,2n Cycle,Together,26326.0,2013-09-04,12,1,0,5,0.0,3,9.0,1,0,0,3,3,0,0,0,0,0,1,0,39,30–39,18,0
1965,Graduation,Together,56046.0,2013-01-02,9,577,0,64,0.0,0,51.0,2,10,1,8,8,1,0,0,0,0,0,1,50,50–59,692,0
1985,Graduation,Single,29760.0,2012-08-29,87,64,4,68,7.0,5,17.0,4,3,1,4,8,0,0,0,0,0,0,0,30,30–39,165,1
1969,Graduation,Married,26304.0,2013-06-23,5,4,1,5,2.0,0,4.0,1,1,0,2,7,0,0,0,0,0,0,0,46,40–49,16,1
1973,2n Cycle,Married,23559.0,2013-07-03,87,25,5,19,7.0,0,23.0,3,3,0,3,7,0,0,0,0,0,0,0,42,40–49,79,1
1963,Master,Together,38620.0,2013-05-11,56,112,17,44,34.0,22,89.0,1,2,5,3,3,0,0,0,0,0,0,0,52,50–59,318,0
1987,Graduation,Divorced,81361.0,2014-02-25,18,163,23,424,27.0,65,76.0,1,3,10,13,1,0,0,0,0,0,0,0,28,<30,778,0
1960,Graduation,Married,29440.0,2013-08-11,95,17,8,14,10.0,4,3.0,2,1,0,4,7,0,0,0,0,0,0,0,55,50–59,56,2
1970,Master,Married,36138.0,2013-07-16,48,130,0,16,0.0,0,5.0,5,3,1,4,7,0,1,0,0,0,0,0,45,40–49,151,2
1957,Graduation,Single,50388.0,2014-05-28,3,292,6,37,0.0,3,34.0,4,6,1,6,7,0,1,0,1,0,0,1,58,50–59,372,1
1973,Graduation,Married,79593.0,2014-05-12,70,350,60,556,110.0,81,126.5,1,5,6,7,2,0,0,1,0,0,0,0,42,40–49,1366,0
1967,Graduation,Together,54178.0,2014-01-21,79,135,9,39,4.0,0,7.0,1,2,2,5,2,0,0,0,0,0,0,0,48,40–49,194,1
1957,PhD,Married,51381.5,2012-11-19,4,230,42,192,49.0,37,53.0,12,7,2,8,9,0,0,0,0,0,0,0,58,50–59,603,3
1957,Graduation,Single,51381.5,2014-05-27,45,7,0,8,2.0,0,1.0,1,1,0,2,7,0,0,0,0,0,0,0,58,50–59,18,2
1973,Master,Together,51381.5,2013-11-23,87,445,37,359,98.0,28,18.0,1,2,4,8,1,0,0,0,0,0,0,0,42,40–49,985,0
1972,Master,Single,42394.0,2014-03-23,69,15,2,10,0.0,1,4.0,1,1,0,3,7,0,0,0,0,0,0,0,43,40–49,32,1
1970,PhD,Married,23626.0,2014-05-24,84,27,2,14,0.0,0,0.0,3,3,1,3,5,0,0,0,0,0,0,0,45,40–49,43,1
1983,Graduation,Married,30096.0,2014-05-22,30,5,3,11,12.0,5,9.0,1,2,0,3,6,0,0,0,0,0,0,0,32,30–39,45,1
1960,Graduation,Widow,47916.0,2012-11-22,72,505,0,26,0.0,0,75.0,5,7,4,6,6,0,1,0,0,0,0,0,55,50–59,606,1
1972,Graduation,Divorced,51813.0,2013-04-11,37,51,2,7,0.0,1,2.0,2,2,0,3,7,0,0,0,0,0,0,0,43,40–49,63,2
1951,2n Cycle,Married,78497.0,2013-12-01,44,207,26,447,75.0,0,126.5,1,5,7,12,2,0,0,0,1,0,0,0,64,60+,978,0
1983,PhD,Married,50150.0,2013-06-20,32,135,46,92,65.0,61,11.0,2,5,2,7,5,0,0,0,0,0,0,0,32,30–39,410,0
1960,2n Cycle,Single,47823.0,2013-07-23,0,53,1,5,2.0,1,10.0,2,2,0,3,8,0,0,0,0,0,0,0,55,50–59,72,1
1959,PhD,Single,34554.0,2014-03-30,43,41,1,6,2.0,0,5.0,2,2,0,3,6,0,0,0,0,0,0,0,56,50–59,55,1
1979,Graduation,Together,85693.0,2013-04-20,59,386,81,183,120.5,81,111.0,2,9,5,11,5,0,0,0,0,0,0,0,36,30–39,1169,1
1945,PhD,Married,65846.0,2013-05-17,68,562,81,276,80.0,40,81.0,1,6,3,6,4,0,0,0,0,0,0,0,70,60+,1120,0
1959,Graduation,Married,87195.0,2014-05-08,35,217,76,556,50.0,26,38.0,1,3,11,5,1,0,0,0,0,0,0,1,56,50–59,1097,0
1979,Basic,Together,24594.0,2013-12-10,94,1,3,6,10.0,0,9.0,1,1,0,3,5,0,0,0,0,0,0,0,36,30–39,29,1
1964,Graduation,Married,49096.0,2013-09-24,15,144,1,32,2.0,1,7.0,4,4,1,4,7,0,0,0,0,0,0,0,51,50–59,187,2
1969,Graduation,Married,52413.0,2013-02-02,56,295,81,271,75.0,81,65.0,4,6,4,12,6,0,0,0,0,0,0,0,46,40–49,910,2
1978,Graduation,Single,38557.0,2012-12-19,17,76,3,31,4.0,4,27.0,2,3,1,3,7,0,0,0,0,0,0,0,37,30–39,145,1
1960,Master,Married,89058.0,2012-12-07,18,454,81,106,31.0,22,43.0,1,5,4,4,2,0,0,0,0,0,0,0,55,50–59,850,0
1979,Graduation,Together,77298.0,2013-11-02,46,425,81,292,23.0,35,79.0,1,6,6,11,3,0,0,0,0,0,0,0,36,30–39,969,1
1991,PhD,Single,68126.0,2012-11-10,40,1332,17,311,23.0,51,86.0,1,7,4,5,9,0,1,0,0,0,0,1,24,<30,1820,0
1963,Master,Together,57288.0,2014-06-25,27,527,0,21,0.0,0,60.0,3,8,1,8,6,0,1,0,0,0,0,0,52,50–59,608,1
1991,Graduation,Single,86037.0,2013-01-02,95,490,44,125,29.0,20,22.0,1,6,7,11,3,0,1,1,0,0,0,1,24,<30,730,0
1980,PhD,Married,43974.0,2012-12-12,19,378,0,101,0.0,0,72.0,5,6,4,6,7,0,0,0,0,0,0,0,35,30–39,551,1
1962,Graduation,Single,50785.0,2013-09-10,27,64,1,21,0.0,1,27.0,2,2,1,3,6,0,0,0,0,0,0,0,53,50–59,114,2
1970,Graduation,Married,90765.0,2014-01-24,25,547,81,556,120.5,81,33.0,0,4,6,5,1,0,0,1,1,0,0,0,45,40–49,1724,0
1978,2n Cycle,Married,36550.0,2013-02-19,74,47,81,94,120.5,81,120.0,5,9,1,5,9,0,0,0,0,0,0,0,37,30–39,577,1
1967,2n Cycle,Together,30753.0,2013-07-11,85,12,5,25,0.0,9,30.0,2,1,1,3,5,0,0,0,0,0,0,0,48,40–49,81,2
1969,Graduation,Together,21918.0,2013-11-14,37,1,6,7,11.0,5,3.0,2,2,0,3,6,0,0,0,0,0,0,0,46,40–49,33,1
1953,Master,Together,56129.0,2013-06-20,65,320,48,133,39.0,72,48.0,4,6,2,10,4,0,0,0,0,0,0,0,62,60+,660,1
1967,Master,Single,32557.0,2014-02-24,13,34,3,29,0.0,4,10.0,3,2,1,3,5,0,0,0,0,0,0,1,48,40–49,80,1
1985,Master,Married,19510.0,2013-09-04,63,9,0,7,3.0,4,7.0,2,1,0,3,7,0,0,0,0,0,0,0,30,30–39,30,2
1976,Graduation,Divorced,30992.0,2013-04-22,83,17,0,14,7.0,3,2.0,1,1,0,3,7,0,0,0,0,0,0,0,39,30–39,43,1
1983,Graduation,Single,101970.0,2013-03-12,69,722,27,102,44.0,72,126.5,0,6,8,13,2,0,1,1,1,0,0,1,32,30–39,1135,0
1965,2n Cycle,Together,71488.0,2013-02-18,87,162,33,124,40.0,28,126.5,2,3,4,7,1,0,0,0,0,0,0,0,50,50–59,559,0
1984,Graduation,Single,79607.0,2013-04-21,37,450,81,556,120.5,0,126.5,1,3,6,6,1,0,0,0,0,0,0,1,31,30–39,1923,0
1953,Master,Married,54348.0,2014-06-08,51,70,0,16,0.0,0,4.0,2,2,0,4,6,0,0,0,0,0,0,0,62,60+,90,2
1961,PhD,Married,51381.5,2013-07-11,23,352,0,27,10.0,0,15.0,3,6,1,7,6,0,0,0,0,0,0,0,54,50–59,404,1
1956,PhD,Together,77376.0,2014-05-10,72,492,19,110,16.0,12,12.0,4,6,3,10,4,0,0,0,0,0,0,0,59,50–59,661,2
1952,Graduation,Married,62998.0,2013-09-30,10,120,58,73,65.0,81,58.0,5,5,4,5,5,0,0,0,0,0,0,0,63,60+,463,1
1958,Master,Single,61331.0,2013-03-10,42,534,5,47,0.0,5,41.0,5,11,1,6,8,0,0,0,0,0,0,0,57,50–59,632,2
1969,Graduation,Married,73448.0,2014-02-10,10,236,81,189,23.0,41,126.5,1,7,2,9,4,0,0,0,0,0,0,0,46,40–49,725,0
1963,Graduation,Married,51381.5,2013-08-11,96,231,65,196,38.0,71,124.0,1,6,5,7,4,0,0,0,0,0,0,0,52,50–59,725,1
1964,PhD,Married,41551.0,2013-08-14,51,220,0,33,3.0,0,23.0,5,5,1,5,8,0,0,0,0,0,0,0,51,50–59,279,2
1967,PhD,Together,62981.0,2013-03-17,21,796,14,556,38.0,44,0.0,1,4,5,13,3,0,1,0,0,0,0,0,48,40–49,1482,0
1976,Basic,Divorced,9548.0,2012-08-08,31,0,1,3,10.0,6,9.0,2,1,0,3,8,0,0,0,0,0,0,0,39,30–39,29,1
1959,PhD,Married,33762.0,2013-07-07,61,53,1,34,2.0,0,16.0,3,2,2,2,8,0,0,0,0,0,0,0,56,50–59,106,3
1973,PhD,Single,35860.0,2014-05-19,37,15,0,8,4.0,2,20.0,2,1,1,2,5,1,0,0,0,0,0,1,42,40–49,49,2
1965,PhD,Divorced,36921.0,2013-07-28,74,17,1,12,3.0,1,4.0,2,2,0,3,7,0,0,0,0,0,0,0,50,50–59,38,2
1992,Master,Single,92859.0,2012-10-19,46,962,61,556,52.0,61,20.0,1,5,4,12,2,0,0,0,0,0,0,0,23,<30,2077,0
1976,Master,Together,65104.0,2013-11-14,4,738,0,232,13.0,20,50.0,2,3,5,7,7,0,0,0,0,0,0,1,39,30–39,1053,1
1962,Graduation,Married,86111.0,2013-04-19,73,399,28,556,36.0,40,126.0,1,5,7,10,2,0,0,0,0,0,0,0,53,50–59,1385,0
1974,PhD,Single,68352.0,2013-08-28,47,614,16,132,43.0,33,33.0,3,8,5,9,6,0,0,0,0,0,0,0,41,40–49,871,1
1988,Graduation,Together,41883.0,2013-03-19,13,32,34,41,73.0,16,116.0,3,4,2,3,7,0,0,0,0,0,0,0,27,<30,312,1
1976,Graduation,Married,59809.0,2012-10-18,36,598,16,141,32.0,41,49.0,3,3,3,6,8,0,0,0,0,0,0,0,39,30–39,877,2
1975,Graduation,Married,23957.0,2012-10-28,47,2,1,18,20.0,11,16.0,1,2,0,3,6,0,0,0,0,0,0,1,40,40–49,68,1
1981,Graduation,Together,38547.0,2013-08-28,49,6,1,10,0.0,1,4.0,1,1,0,2,8,0,0,0,0,0,1,0,34,30–39,22,1
1973,2n Cycle,Married,35688.0,2012-08-22,94,73,3,90,12.0,1,32.0,7,4,1,4,8,0,0,0,0,0,0,0,42,40–49,211,3
1966,Master,Married,49605.0,2014-06-21,65,42,16,29,12.0,20,8.0,1,2,1,4,3,0,0,0,0,0,0,0,49,40–49,127,0
1953,Master,Married,59354.0,2014-04-24,59,295,21,78,39.0,13,13.0,1,4,4,7,3,0,0,0,0,0,0,0,62,60+,459,2
1969,Graduation,Married,65747.0,2014-03-07,96,346,17,48,23.0,13,13.0,4,8,1,6,6,0,1,0,0,0,0,0,46,40–49,460,1
1972,2n Cycle,Together,46344.0,2012-12-14,28,233,20,57,8.0,20,91.0,4,7,1,5,7,0,0,0,0,0,0,0,43,40–49,429,1
1988,Graduation,Single,34176.0,2014-05-12,12,5,7,24,19.0,14,20.0,4,3,0,4,6,0,0,0,0,0,0,0,27,<30,89,1
1952,PhD,Together,61010.0,2012-10-09,57,888,0,57,0.0,0,76.0,2,8,5,11,5,0,0,0,0,0,0,0,63,60+,1021,1
1949,Graduation,Together,69372.0,2013-02-19,10,997,26,269,34.0,13,42.0,1,10,4,6,4,0,1,1,0,0,0,1,66,60+,1381,0
1958,Graduation,Single,49967.0,2013-07-08,4,212,6,69,4.0,12,3.0,3,6,1,5,7,0,0,0,0,0,0,0,57,50–59,306,1
1978,Graduation,Single,60199.0,2013-09-12,49,8,1,7,2.0,0,0.0,1,0,0,3,4,0,0,0,0,0,0,0,37,30–39,18,3
1977,Graduation,Together,55375.0,2013-10-17,3,42,11,57,10.0,28,14.0,1,1,1,6,2,0,0,0,0,0,0,0,38,30–39,162,1
1955,Graduation,Single,80317.0,2013-08-20,64,536,11,387,120.5,81,57.0,1,3,4,10,1,0,0,0,0,0,0,0,60,60+,1231,0
1958,Master,Single,30523.0,2013-07-01,0,5,0,3,0.0,0,5.0,1,1,0,2,7,0,0,0,0,0,0,0,57,50–59,13,3
1945,PhD,Married,70356.0,2012-11-05,20,1349,16,249,43.0,16,33.0,2,10,6,9,6,0,0,0,0,0,0,0,70,60+,1706,0
1984,Graduation,Married,23228.0,2014-01-05,91,53,3,49,7.0,4,5.0,4,3,0,4,8,0,0,0,0,0,0,0,31,30–39,121,1
1975,PhD,Divorced,74165.0,2013-05-01,9,1001,12,240,16.0,12,12.0,1,5,4,10,2,0,0,0,0,0,0,0,40,40–49,1293,0
1973,PhD,Married,157243.0,2014-03-01,98,20,2,556,1.0,2,1.0,15,0,22,0,0,0,0,0,0,0,0,0,42,40–49,1608,1
1966,Graduation,Together,43482.0,2013-11-13,83,18,1,32,6.0,3,28.0,3,2,0,4,6,0,0,0,0,0,0,0,49,40–49,88,3
1953,Graduation,Divorced,62551.0,2013-11-18,27,125,16,98,120.5,21,27.0,1,6,7,4,3,1,0,0,0,0,0,0,62,60+,421,0
1959,Graduation,Divorced,52332.0,2013-08-28,63,212,5,33,7.0,0,2.0,1,3,2,6,4,0,1,0,0,0,0,0,56,50–59,259,0
1988,Graduation,Single,66951.0,2013-11-02,46,277,81,305,120.5,76,124.0,1,3,4,7,1,0,0,0,0,0,0,0,27,<30,1117,0
1957,Graduation,Together,26091.0,2014-02-25,84,15,10,19,8.0,17,20.0,3,2,1,3,5,0,0,0,0,0,0,0,58,50–59,89,2
1965,Graduation,Together,33456.0,2014-04-21,58,7,3,10,8.0,1,7.0,2,1,0,3,7,0,0,0,0,0,0,0,50,50–59,36,2
1982,Graduation,Married,28718.0,2013-07-13,78,12,4,6,11.0,8,16.0,2,2,0,3,8,0,0,0,0,0,0,0,33,30–39,57,1
1970,Graduation,Married,50447.0,2014-04-21,4,85,7,24,2.0,3,27.0,1,3,1,3,6,0,0,0,0,0,0,0,45,40–49,148,2
1959,PhD,Together,53537.0,2014-01-30,17,81,0,6,0.0,0,6.0,2,2,1,3,5,0,0,0,0,0,0,0,56,50–59,93,2
1967,Graduation,Single,52074.0,2014-04-04,77,59,0,12,0.0,0,48.0,1,2,2,2,4,1,0,0,0,0,0,0,48,40–49,119,1
1975,PhD,Married,80427.0,2012-09-12,56,1149,71,449,69.0,71,26.0,1,11,8,8,5,0,0,0,0,0,0,0,40,40–49,1835,1
1948,PhD,Married,83837.0,2012-12-16,79,847,66,119,86.0,81,111.0,1,9,10,5,4,0,1,0,1,0,0,1,67,60+,1318,0
1970,PhD,Married,38853.0,2014-05-23,90,29,0,14,0.0,0,2.0,2,2,0,3,7,0,0,0,0,0,0,0,45,40–49,45,2
1959,Graduation,Together,38285.0,2014-06-24,96,2,0,5,2.0,0,1.0,1,0,0,3,2,0,0,0,0,0,0,0,56,50–59,10,3
1951,2n Cycle,Married,78497.0,2013-12-01,44,207,26,447,75.0,0,126.5,1,5,7,12,2,0,0,0,1,0,0,0,64,60+,978,0
1976,PhD,Married,51650.0,2014-05-11,81,152,3,22,2.0,5,7.0,1,4,1,4,5,0,0,0,0,0,0,0,39,30–39,191,1
1988,2n Cycle,Married,16248.0,2014-05-10,77,12,11,10,3.0,12,9.0,3,2,1,3,6,0,0,0,0,0,0,0,27,<30,57,1
1946,Master,Married,66835.0,2013-09-28,21,620,26,195,34.0,17,126.5,1,6,4,13,2,0,0,0,0,0,0,0,69,60+,1033,0
1984,Master,Married,30477.0,2014-01-22,16,47,1,6,0.0,0,12.0,1,1,1,3,6,0,0,0,0,0,0,0,31,30–39,66,1
1961,Basic,Married,28249.0,2014-06-15,80,1,9,7,2.0,14,10.0,1,2,0,3,6,0,0,0,0,0,0,0,54,50–59,43,0
1983,Graduation,Married,25271.0,2012-12-05,45,10,1,18,10.0,4,7.0,1,1,1,2,9,0,0,0,0,0,0,0,32,30–39,50,1
1970,PhD,Single,32303.0,2014-03-08,63,35,0,2,0.0,0,2.0,2,1,0,4,5,0,0,0,0,0,0,0,45,40–49,39,1
1966,Graduation,Married,61286.0,2013-08-02,34,356,0,107,19.0,9,117.0,2,7,1,8,5,0,0,0,0,0,0,0,49,40–49,608,1
1976,Graduation,Married,74068.0,2013-03-19,14,783,30,537,120.5,76,15.0,1,4,10,9,2,0,0,0,0,0,0,0,39,30–39,1581,0
1964,PhD,Married,45759.0,2013-02-23,13,42,1,18,3.0,0,4.0,2,2,0,3,7,0,0,0,0,0,0,0,51,50–59,68,2
1978,Basic,Together,24882.0,2012-09-09,52,1,4,10,29.0,0,36.0,1,1,1,2,6,1,0,0,0,0,0,0,37,30–39,80,1
1989,PhD,Together,66973.0,2013-05-17,98,466,22,432,120.5,81,102.0,1,8,7,12,3,0,0,0,0,0,0,0,26,<30,1282,0
1900,2n Cycle,Divorced,36640.0,2013-09-26,99,15,6,8,7.0,4,25.0,1,2,1,2,5,0,0,0,0,0,1,0,115,60+,65,1
1988,Graduation,Married,38872.0,2013-05-30,93,23,3,21,3.0,19,22.0,2,3,0,3,8,0,0,0,0,0,0,0,27,<30,91,1
1973,Graduation,Married,51148.0,2013-02-18,38,235,6,45,8.0,9,12.0,4,5,1,6,6,0,0,0,0,0,0,0,42,40–49,315,2
1977,Graduation,Married,31353.0,2013-12-29,24,10,0,10,3.0,1,7.0,2,1,1,2,8,0,0,0,0,0,0,0,38,30–39,31,2
1980,Master,Married,69661.0,2014-05-13,80,656,16,106,32.0,16,8.0,1,7,3,12,3,0,0,0,0,0,0,0,35,30–39,834,0
1954,Graduation,Married,80067.0,2013-09-19,82,519,17,556,27.0,81,51.0,1,4,6,6,2,0,0,1,0,0,0,0,61,60+,1600,0
1954,Graduation,Married,86718.0,2013-01-17,20,344,81,482,50.0,33,126.5,1,5,6,5,2,0,0,0,0,0,0,0,61,60+,1270,0
1973,PhD,Single,46854.0,2014-03-31,81,96,1,79,7.0,1,79.0,6,5,1,3,8,1,0,0,0,0,0,1,42,40–49,263,2
1952,Graduation,Divorced,69142.0,2014-06-29,50,448,4,34,6.0,4,39.0,3,8,1,7,5,0,1,0,0,0,0,0,63,60+,535,1
1968,Graduation,Single,75922.0,2013-12-09,60,265,81,553,120.5,23,92.0,1,4,4,9,1,0,0,0,0,0,0,0,47,40–49,1295,0
1978,Graduation,Divorced,63693.0,2013-10-14,63,587,43,337,42.0,81,54.0,3,11,6,9,6,0,0,0,0,0,0,0,37,30–39,1150,1
1977,PhD,Together,102160.0,2012-11-02,54,763,29,138,76.0,81,58.0,0,7,9,10,4,0,1,1,1,0,0,1,38,30–39,1240,0
1965,PhD,Single,40637.0,2013-07-17,72,22,0,13,0.0,0,3.0,2,1,0,3,7,0,0,0,0,0,0,0,50,50–59,38,2
1984,Master,Single,18890.0,2012-11-10,5,6,4,1,7.0,2,15.0,1,0,1,2,6,1,0,0,0,0,0,1,31,30–39,35,0
1988,Graduation,Together,29604.0,2013-12-08,88,7,6,13,7.0,6,14.0,1,1,0,3,9,1,0,0,0,0,0,0,27,<30,53,1
1963,Master,Divorced,48721.0,2013-05-13,50,81,18,113,47.0,13,21.0,6,4,2,5,6,0,0,0,0,0,0,0,52,50–59,293,2
1966,Graduation,Married,44794.0,2014-06-08,99,54,0,7,0.0,0,4.0,1,2,0,3,6,0,0,0,0,0,0,0,49,40–49,65,1
1954,Graduation,Divorced,64497.0,2012-09-10,17,1170,48,320,42.0,32,126.5,5,11,4,9,8,1,0,0,0,0,0,1,61,60+,1804,1
1956,Graduation,Together,46097.0,2013-03-31,11,72,24,68,65.0,4,8.0,5,3,1,6,4,0,0,0,0,0,0,0,59,50–59,241,1
1954,Graduation,Together,77972.0,2014-03-18,18,613,22,319,33.0,81,12.0,1,4,6,9,1,0,0,0,0,0,0,0,61,60+,1101,0
1968,PhD,Married,44377.0,2012-10-05,70,224,0,30,0.0,0,10.0,8,5,1,5,8,0,0,0,0,0,0,0,47,40–49,264,2
1974,Master,Together,46014.0,2013-01-21,21,410,0,59,19.0,9,44.0,10,7,1,8,7,0,0,0,0,0,0,0,41,40–49,541,2
1985,Graduation,Married,70951.0,2013-05-04,66,239,10,554,120.5,81,54.0,1,3,4,9,1,0,0,0,0,0,0,0,30,30–39,1198,0
1977,Graduation,Married,41443.0,2014-04-01,79,171,7,171,25.0,19,89.0,6,8,1,5,8,0,0,0,0,0,0,0,38,30–39,482,1
1978,2n Cycle,Single,52195.0,2014-05-12,2,12,0,4,0.0,0,1.0,1,1,0,2,8,0,0,0,0,0,0,0,37,30–39,17,3
1948,Master,Married,83790.0,2013-11-15,81,1076,16,417,42.0,48,16.0,1,8,10,6,3,0,1,1,0,0,0,0,67,60+,1615,0
1954,Master,Widow,44551.0,2013-08-31,24,182,4,33,0.0,0,66.0,2,4,1,5,7,0,0,0,0,0,0,0,61,60+,285,1
1980,Graduation,Together,69508.0,2012-11-14,48,824,32,162,42.0,32,43.0,2,11,4,11,6,0,0,0,0,0,0,0,35,30–39,1135,1
1988,2n Cycle,Together,45204.0,2014-04-11,93,30,11,25,29.0,1,18.0,1,1,1,4,3,0,0,0,0,0,0,0,27,<30,114,1
1969,Graduation,Married,72460.0,2013-11-14,56,377,10,540,80.0,30,10.0,1,3,5,7,1,0,0,0,0,0,0,0,46,40–49,1047,0
1970,PhD,Together,77622.0,2014-04-14,3,520,7,154,19.0,0,14.0,2,6,3,11,3,0,0,0,0,0,0,0,45,40–49,714,2
1980,PhD,Married,30732.0,2013-01-05,44,155,1,25,0.0,1,3.0,4,4,1,4,8,0,0,0,0,0,0,0,35,30–39,185,1
1962,Graduation,Divorced,63887.0,2012-09-08,38,897,23,207,15.0,11,92.0,5,9,6,12,6,0,0,0,0,0,0,0,53,50–59,1245,1
1978,Graduation,Together,42011.0,2013-03-26,46,131,0,16,2.0,1,39.0,4,3,1,4,8,0,0,0,0,0,0,0,37,30–39,189,1
1976,Graduation,Together,51369.0,2012-10-25,84,297,7,79,0.0,11,126.5,2,8,2,4,8,0,0,0,0,0,0,0,39,30–39,576,1
1952,Graduation,Divorced,51537.0,2012-12-09,27,787,20,204,0.0,0,92.0,3,2,2,11,8,0,0,0,0,0,0,0,63,60+,1103,1
1972,PhD,Married,79930.0,2012-08-08,72,792,81,556,67.0,51,17.0,1,3,5,8,2,0,0,0,0,0,0,0,43,40–49,1753,0
1986,PhD,Together,34320.0,2014-02-16,66,4,1,9,3.0,0,0.0,1,1,0,2,8,0,0,0,0,0,0,0,29,<30,17,1
1966,Graduation,Single,37070.0,2013-03-20,30,231,7,137,4.0,15,39.0,9,5,1,8,7,0,0,0,0,0,0,1,49,40–49,433,2
1962,2n Cycle,Divorced,81975.0,2013-01-05,2,983,76,184,120.5,81,27.0,1,6,3,4,7,0,0,1,0,0,0,0,53,50–59,1588,1
1971,Graduation,Together,38590.0,2013-05-15,65,3,1,8,4.0,3,3.0,1,1,0,2,8,0,0,0,0,0,0,0,44,40–49,22,1
1951,Graduation,Single,15033.0,2014-04-16,37,0,4,5,6.0,0,4.0,1,1,0,3,3,0,0,0,0,0,0,0,64,60+,19,0
1965,PhD,Married,62745.0,2013-03-23,89,562,21,464,28.0,10,32.0,3,7,8,11,5,0,0,0,0,0,0,0,50,50–59,1117,1
1975,2n Cycle,Married,22212.0,2013-12-09,49,5,9,20,6.0,8,21.0,2,2,0,4,6,0,0,0,0,0,0,0,40,40–49,69,1
1982,Master,Together,23661.0,2013-12-04,46,18,0,4,0.0,0,1.0,1,1,0,3,7,0,0,0,0,0,0,0,33,30–39,23,1
1958,PhD,Single,79761.0,2013-10-04,32,415,5,124,15.0,35,11.0,1,5,2,11,3,0,0,0,0,0,0,0,57,50–59,605,1
1973,Graduation,Single,7500.0,2013-12-26,54,5,3,10,12.0,7,20.0,4,3,1,3,7,0,0,0,0,0,0,0,42,40–49,57,1
1968,Graduation,Widow,73455.0,2013-10-28,98,901,61,556,120.5,81,20.0,1,6,5,10,3,0,1,0,0,0,0,0,47,40–49,2088,0
1958,Graduation,Together,64961.0,2012-12-23,97,382,81,276,75.0,81,38.0,2,6,4,4,3,0,0,0,0,0,0,0,57,50–59,1009,1
1971,Graduation,Single,22804.0,2013-07-31,75,14,1,7,2.0,1,1.0,1,2,0,2,9,0,0,0,0,0,0,0,44,40–49,26,1
1990,Graduation,Married,73687.0,2013-11-28,8,559,81,503,120.5,13,126.5,1,3,9,9,2,0,0,0,1,0,0,1,25,<30,1627,0
1958,Graduation,Married,61074.0,2012-08-17,37,789,0,133,0.0,28,126.5,7,11,5,8,7,0,0,0,0,0,0,0,57,50–59,1102,1
1964,PhD,Married,31686.0,2014-06-05,31,11,0,5,0.0,0,1.0,2,1,0,3,6,0,0,0,0,0,0,0,51,50–59,17,2
1972,Graduation,Married,80134.0,2013-05-20,40,1218,16,272,104.0,0,80.0,2,5,3,6,6,0,1,1,1,0,0,1,43,40–49,1690,1
1953,Graduation,Married,75027.0,2013-01-09,74,925,64,179,120.5,12,77.0,2,9,4,6,5,0,0,0,0,0,0,0,62,60+,1390,1
1988,PhD,Married,67546.0,2012-08-31,90,864,81,556,120.5,38,126.5,1,4,10,5,3,0,0,0,0,0,0,0,27,<30,2126,0
1969,Master,Together,65176.0,2012-10-29,57,960,28,183,120.5,70,70.0,4,9,6,6,6,0,0,0,0,0,0,0,46,40–49,1531,1
1975,Master,Single,31160.0,2013-09-16,59,16,3,25,6.0,1,13.0,2,2,0,3,8,0,0,0,0,0,0,0,40,40–49,64,1
1985,Graduation,Single,29938.0,2013-10-27,52,3,3,7,0.0,2,11.0,2,1,0,3,6,0,0,0,0,0,0,0,30,30–39,26,1
1974,Graduation,Divorced,102692.0,2013-04-05,5,168,81,444,32.0,81,126.5,1,6,9,13,2,0,1,1,1,1,0,1,41,40–49,1112,0
1958,2n Cycle,Together,26490.0,2012-09-22,92,45,47,52,21.0,20,25.0,2,3,1,5,6,0,0,0,0,0,0,0,57,50–59,210,0
1967,Graduation,Together,75702.0,2012-08-29,77,650,28,353,45.0,42,30.0,5,4,6,11,8,0,0,0,0,0,0,0,48,40–49,1148,2
1974,PhD,Single,30899.0,2012-10-13,35,24,0,8,0.0,0,1.0,2,1,0,3,6,0,0,0,0,0,0,0,41,40–49,33,1
1961,PhD,Together,63342.0,2012-10-16,48,918,21,118,13.0,10,21.0,3,8,3,5,6,0,1,0,0,0,0,0,54,50–59,1101,1
1964,Graduation,Single,45989.0,2012-10-22,97,138,33,87,28.0,24,12.0,4,3,2,7,3,0,0,0,0,0,0,0,51,50–59,322,1
1964,Graduation,Single,18701.0,2013-06-04,95,12,4,2,10.0,6,10.0,4,2,0,4,5,0,0,0,0,0,0,0,51,50–59,44,2
1957,PhD,Single,40737.0,2013-12-08,24,11,0,4,0.0,0,2.0,1,1,0,2,8,0,0,0,0,0,0,0,58,50–59,17,3
1979,Graduation,Divorced,15287.0,2012-10-10,60,1,2,8,4.0,3,13.0,2,1,1,2,7,1,0,0,0,0,0,1,36,30–39,31,1
1968,PhD,Divorced,69674.0,2013-05-22,46,554,41,215,11.0,0,24.0,3,10,2,10,5,0,0,0,0,0,0,0,47,40–49,845,2
1970,Master,Married,44159.0,2014-06-17,85,167,2,62,24.0,13,7.0,4,4,1,6,5,0,0,0,0,0,0,0,45,40–49,275,1
1978,PhD,Married,37717.0,2012-11-23,31,9,0,6,4.0,1,5.0,1,1,0,2,9,0,0,0,0,0,0,0,37,30–39,25,1
1952,Master,Together,43776.0,2013-02-03,9,177,2,71,3.0,2,20.0,6,5,2,4,8,0,0,0,0,0,0,1,63,60+,275,2
1966,Master,Married,38179.0,2013-03-14,30,38,4,22,4.0,2,20.0,4,3,1,3,7,0,0,0,0,0,0,0,49,40–49,90,2
1963,Graduation,Married,80124.0,2014-06-26,47,483,81,398,120.5,81,126.5,1,3,7,8,1,1,0,0,0,0,0,0,52,50–59,1495,0
1970,PhD,Married,38097.0,2012-10-15,70,77,2,35,0.0,1,69.0,4,3,2,2,7,1,0,0,0,0,0,1,45,40–49,184,2
1970,Graduation,Married,72940.0,2013-06-19,13,182,74,298,120.5,81,116.0,1,3,3,6,1,0,0,0,0,0,0,0,45,40–49,981,0
1970,Graduation,Together,22070.0,2013-10-04,11,10,7,19,8.0,2,21.0,2,2,2,2,6,0,0,0,0,0,0,0,45,40–49,67,1
1953,Graduation,Single,69267.0,2012-09-22,31,778,44,499,95.0,73,126.5,2,3,4,5,7,0,0,0,0,0,0,1,62,60+,1635,0
1983,Master,Single,31788.0,2014-03-20,15,16,7,23,0.0,8,6.0,3,3,0,4,5,0,0,0,0,0,1,0,32,30–39,60,1
1975,PhD,Together,61905.0,2014-02-04,2,167,0,43,6.0,2,13.0,2,4,2,4,5,0,0,0,0,0,0,0,40,40–49,231,1
1960,Graduation,Married,29315.0,2014-04-06,55,13,2,14,8.0,7,4.0,4,2,0,4,6,0,0,0,0,0,0,0,55,50–59,48,2
1963,Graduation,Divorced,33378.0,2013-02-06,38,33,6,40,3.0,7,10.0,3,2,0,4,7,0,0,0,0,0,0,0,52,50–59,99,2
1963,PhD,Together,66313.0,2013-09-16,86,625,7,99,10.0,22,7.0,2,6,3,12,4,0,0,0,0,0,0,0,52,50–59,770,1
1956,Graduation,Single,60714.0,2013-01-17,56,216,81,224,101.0,81,126.5,2,7,4,10,5,0,0,0,0,0,0,1,59,50–59,957,0
1981,Master,Together,77882.0,2014-04-30,29,68,81,396,120.5,22,15.0,1,3,3,5,1,0,0,0,0,0,0,0,34,30–39,818,0
1986,PhD,Single,69867.0,2013-04-02,30,196,0,512,33.0,81,54.0,1,3,5,8,1,0,0,0,1,0,0,1,29,<30,925,0
1968,Master,Divorced,63841.0,2013-04-21,64,635,15,100,20.0,7,126.5,1,9,3,9,6,0,0,0,0,0,0,0,47,40–49,908,1
1981,Basic,Married,24480.0,2013-02-11,46,4,19,9,28.0,25,17.0,3,3,0,4,7,0,0,0,0,0,0,0,34,30–39,102,1
1976,Graduation,Together,51369.0,2012-10-25,84,297,7,79,0.0,11,126.5,2,8,2,4,8,0,0,0,0,0,0,0,39,30–39,576,1
1946,Graduation,Together,37760.0,2012-08-31,20,84,5,38,120.5,12,28.0,2,4,1,6,7,0,0,0,0,0,0,0,69,60+,317,0
1974,PhD,Together,65640.0,2014-03-01,74,204,7,149,20.0,15,66.0,1,5,1,8,2,0,0,0,0,0,0,0,41,40–49,461,1
1975,Master,Married,44319.0,2014-04-17,18,26,0,8,0.0,0,3.0,2,2,0,3,5,0,0,0,0,0,0,0,40,40–49,37,2
1974,Graduation,Married,30631.0,2013-07-12,75,15,6,20,4.0,5,20.0,1,3,1,2,7,0,0,0,0,0,0,0,41,40–49,70,1
1952,Graduation,Together,75278.0,2013-01-29,17,304,81,230,120.5,74,74.0,1,6,3,13,3,0,0,0,0,0,0,0,63,60+,930,0
1956,Master,Together,50898.0,2013-01-08,88,285,28,242,55.0,81,126.5,13,6,2,12,5,0,0,0,0,0,0,0,59,50–59,859,2
1966,Graduation,Widow,79946.0,2014-05-12,19,395,81,556,120.5,81,28.0,1,5,11,5,3,0,0,0,0,0,0,0,49,40–49,1478,0
1949,Master,Divorced,35416.0,2013-06-13,62,248,3,81,4.0,3,51.0,3,7,1,5,8,0,0,0,0,0,0,0,66,60+,390,0
1984,2n Cycle,Together,32414.0,2013-07-04,11,20,6,5,0.0,9,12.0,1,1,0,3,7,1,0,0,0,0,0,0,31,30–39,52,0
1969,Graduation,Together,38361.0,2013-12-27,74,39,0,56,20.0,8,14.0,3,3,1,3,7,0,0,0,0,0,0,0,46,40–49,137,1
1980,Graduation,Married,82497.0,2012-10-31,32,777,81,556,120.5,21,126.5,1,2,7,9,4,0,0,1,0,0,0,0,35,30–39,1919,0
1971,Graduation,Together,16626.0,2014-01-15,76,8,3,22,21.0,1,13.0,3,3,0,3,9,0,0,0,0,0,0,0,44,40–49,68,2
1965,Graduation,Together,29672.0,2013-03-12,6,9,1,3,0.0,4,8.0,1,0,0,3,6,0,0,0,0,0,0,0,50,50–59,25,2
1952,Master,Together,55951.0,2012-08-23,62,1241,0,80,0.0,13,40.0,3,3,6,11,8,0,1,0,0,1,0,0,63,60+,1374,1
1988,2n Cycle,Divorced,35388.0,2013-03-07,20,6,4,7,4.0,3,8.0,1,1,0,3,7,0,0,0,0,0,0,0,27,<30,32,1
1986,Master,Together,42386.0,2013-01-13,43,65,4,16,0.0,4,11.0,1,3,0,3,8,0,0,0,0,0,0,0,29,<30,100,1
1982,Graduation,Single,68627.0,2013-01-12,45,395,15,263,60.0,54,38.0,1,2,3,6,1,0,0,0,0,0,0,0,33,30–39,825,0
1965,PhD,Divorced,57912.0,2014-03-17,34,801,0,80,0.0,0,35.0,5,8,3,12,5,0,1,0,0,0,0,0,50,50–59,916,1
1958,Graduation,Divorced,35246.0,2014-04-16,53,36,0,12,2.0,2,10.0,4,3,1,3,5,0,0,0,0,0,0,0,57,50–59,62,2
1956,2n Cycle,Together,58821.0,2013-10-12,44,513,14,154,19.0,0,28.0,1,9,2,9,6,0,0,0,0,0,0,0,59,50–59,728,1
1978,PhD,Married,46377.0,2014-03-01,89,37,0,46,4.0,3,0.0,1,2,1,3,4,0,0,0,0,0,0,0,37,30–39,90,1
1988,Graduation,Single,39747.0,2014-04-13,43,80,15,93,20.0,13,52.0,3,5,1,4,8,0,0,0,0,0,0,0,27,<30,273,1
1984,Graduation,Together,23976.0,2013-12-27,68,14,1,21,2.0,3,25.0,3,3,1,3,7,0,0,0,0,0,0,0,31,30–39,66,1
1961,Master,Married,80950.0,2013-03-28,44,525,81,112,120.5,81,63.0,1,6,7,9,2,0,0,0,1,0,0,0,54,50–59,1213,0
1966,Graduation,Widow,27038.0,2012-09-18,64,1,26,25,17.0,23,15.0,1,3,0,3,9,0,0,0,0,0,0,1,49,40–49,107,0
1947,Graduation,Single,77457.0,2014-03-05,85,675,11,400,15.0,45,11.0,1,2,5,10,1,0,0,1,0,0,0,0,68,60+,1157,0
1964,Master,Married,64100.0,2013-09-10,93,509,0,27,0.0,0,10.0,1,8,3,6,7,0,1,0,0,0,0,0,51,50–59,546,1
1992,Master,Together,42670.0,2013-04-27,12,154,2,46,20.0,4,15.0,1,4,2,4,4,0,0,0,0,0,0,0,23,<30,241,0
1976,Graduation,Divorced,12571.0,2014-01-18,86,3,5,14,2.0,12,17.0,4,3,1,3,6,0,0,0,0,0,0,0,39,30–39,53,1
1967,Graduation,Married,22574.0,2013-10-28,28,25,0,8,2.0,0,2.0,2,2,0,3,7,0,0,0,0,0,0,0,48,40–49,37,3
1989,Graduation,Married,51381.5,2013-06-03,69,861,81,461,60.0,30,61.0,1,6,5,12,3,0,1,0,1,0,0,0,26,<30,1611,0
1976,Master,Single,70893.0,2013-02-06,42,768,44,556,77.0,44,14.0,1,6,6,10,3,0,0,0,0,0,0,0,39,30–39,1508,0
1966,Graduation,Married,54198.0,2013-12-17,13,185,0,28,3.0,2,17.0,6,3,1,6,4,0,0,0,0,0,0,0,49,40–49,235,2
1956,Master,Together,28839.0,2014-03-11,86,24,0,7,0.0,0,1.0,2,2,0,3,5,0,0,0,0,0,0,0,59,50–59,32,2
1972,Graduation,Married,40321.0,2013-07-29,59,44,4,21,6.0,0,27.0,2,3,0,3,7,0,0,0,0,0,0,0,43,40–49,102,2
1985,Graduation,Single,66503.0,2012-08-14,30,91,64,128,65.0,3,50.0,2,4,3,6,3,0,0,0,0,0,0,0,30,30–39,401,1
1951,Graduation,Married,30833.0,2013-07-16,33,11,0,7,3.0,1,6.0,2,1,0,3,5,0,0,0,0,0,0,0,64,60+,28,2
1970,Graduation,Single,51381.5,2013-08-23,67,738,20,172,52.0,50,20.0,6,2,3,10,7,0,1,0,1,0,0,0,45,40–49,1052,3
1971,Graduation,Married,64795.0,2013-01-17,23,412,5,119,38.0,29,77.0,3,3,3,12,2,0,0,0,0,0,0,0,44,40–49,680,1
1974,Graduation,Married,34421.0,2013-07-01,81,3,3,7,6.0,2,9.0,1,1,0,2,7,0,0,0,0,0,0,0,41,40–49,30,1
1965,PhD,Divorced,47025.0,2014-02-09,6,16,0,3,0.0,0,1.0,1,1,0,2,7,0,0,0,0,0,0,0,50,50–59,20,2
1961,PhD,Divorced,64325.0,2013-02-07,41,731,60,353,78.0,12,73.0,5,10,3,5,7,0,0,0,0,0,0,0,54,50–59,1307,1
1953,Graduation,Single,40464.0,2013-01-11,78,424,17,118,7.0,23,41.0,6,8,2,8,8,0,0,0,0,0,0,0,62,60+,630,1
1957,Graduation,Married,62187.0,2013-07-05,49,792,0,275,45.0,45,126.0,1,4,8,5,3,0,0,0,0,0,0,0,58,50–59,1283,0
1976,PhD,Divorced,14849.0,2013-07-02,39,21,2,28,3.0,2,9.0,3,2,0,4,8,0,0,0,0,0,0,0,39,30–39,65,1
1984,Graduation,Married,27255.0,2013-11-07,3,22,1,11,0.0,1,2.0,1,1,0,3,7,0,0,0,0,0,0,0,31,30–39,37,1
1950,PhD,Married,54432.0,2013-05-09,37,33,0,5,0.0,0,0.0,1,1,0,3,4,0,0,0,0,0,0,0,65,60+,38,3
1986,PhD,Single,29999.0,2013-02-13,22,68,7,59,10.0,5,11.0,4,3,1,4,8,0,0,0,0,0,0,0,29,<30,160,1
1983,Graduation,Single,24072.0,2013-04-16,79,9,1,6,3.0,0,4.0,1,1,0,2,8,0,0,0,0,0,0,0,32,30–39,23,1
1989,PhD,Single,33996.0,2013-09-11,46,40,2,15,8.0,0,6.0,1,1,1,3,4,0,0,0,0,0,0,0,26,<30,71,0
1956,PhD,Married,66334.0,2013-04-03,82,909,11,218,0.0,0,23.0,2,9,3,5,5,0,0,0,0,0,0,1,59,50–59,1161,1
1971,Master,Married,35178.0,2013-01-10,10,23,1,13,2.0,2,18.0,1,1,1,2,7,1,0,0,0,0,0,1,44,40–49,59,1
1983,Graduation,Together,22010.0,2013-06-30,51,11,2,9,3.0,0,8.0,2,2,0,3,8,0,0,0,0,0,0,0,32,30–39,33,1
1960,Graduation,Divorced,62204.0,2012-09-12,38,317,46,247,120.5,46,126.5,1,4,5,12,3,0,0,0,0,0,0,0,55,50–59,946,2
1968,Graduation,Divorced,75693.0,2012-12-06,10,797,81,293,72.0,81,30.0,1,11,4,6,4,0,1,1,1,0,0,1,47,40–49,1442,0
1972,Graduation,Married,30675.0,2012-11-12,14,10,2,16,11.0,2,21.0,1,1,0,3,8,0,0,0,0,0,0,0,43,40–49,62,1
1965,Graduation,Together,83003.0,2013-03-03,18,856,61,556,40.0,25,122.0,1,7,6,8,3,0,0,1,0,0,0,1,50,50–59,1674,0
1899,PhD,Together,83532.0,2013-09-26,36,755,81,556,104.0,64,126.5,1,4,6,4,1,0,0,1,0,0,0,0,116,60+,1853,0
1988,Graduation,Single,68655.0,2012-08-10,95,456,19,556,75.0,81,38.0,1,4,5,11,3,0,0,0,0,0,0,0,27,<30,1538,0
1986,Graduation,Divorced,41411.0,2013-12-07,11,37,32,38,11.0,3,18.0,1,2,1,4,6,0,0,0,0,0,0,0,29,<30,139,0
1969,PhD,Married,55212.0,2012-11-23,65,1103,0,45,0.0,0,34.0,3,4,2,11,8,0,1,0,0,1,0,0,46,40–49,1182,1
1950,PhD,Together,59292.0,2013-06-13,71,378,14,68,19.0,14,14.0,2,3,5,8,3,0,0,0,0,0,0,0,65,60+,507,1
1973,Basic,Together,27190.0,2013-08-15,13,1,6,7,0.0,1,3.0,1,1,0,2,8,1,0,0,0,0,0,1,42,40–49,18,1
1952,Graduation,Divorced,82623.0,2013-11-10,58,204,34,204,120.5,81,126.5,1,2,9,4,1,0,0,0,0,0,0,0,63,60+,940,0
1965,Graduation,Married,44300.0,2013-06-23,65,30,0,9,0.0,0,3.0,2,1,0,3,6,0,0,0,0,0,0,0,50,50–59,42,2
1970,Graduation,Divorced,84835.0,2014-06-16,0,189,81,379,111.0,81,126.5,1,4,4,6,1,0,0,0,0,0,0,1,45,40–49,1190,0
1971,Graduation,Widow,30372.0,2012-12-25,33,15,0,12,7.0,3,7.0,3,2,0,3,7,0,0,0,0,0,0,0,44,40–49,44,2
1976,Master,Married,33181.0,2014-01-03,90,9,0,3,0.0,0,4.0,1,1,0,2,6,1,0,0,0,0,0,0,39,30–39,16,1
1957,Graduation,Married,71113.0,2013-12-17,95,495,33,255,11.0,33,8.0,4,6,7,9,4,0,0,0,0,0,0,0,58,50–59,835,1
1986,Graduation,Married,71952.0,2013-01-10,93,656,80,455,52.0,81,93.0,2,8,4,8,4,1,0,1,0,0,0,0,29,<30,1443,1
1966,PhD,Single,69759.0,2013-10-28,38,452,20,514,13.0,30,0.0,3,4,6,5,3,0,0,0,0,0,0,1,49,40–49,1029,0
1974,Graduation,Married,72099.0,2012-10-27,18,546,81,410,119.0,0,22.0,1,3,4,10,1,0,0,0,0,0,0,0,41,40–49,1188,0
1976,PhD,Single,60000.0,2012-12-22,57,1048,0,217,0.0,0,12.0,5,11,3,5,6,0,0,0,0,0,0,0,39,30–39,1277,1
1978,Graduation,Single,38643.0,2013-11-29,45,22,2,14,0.0,1,10.0,2,2,0,3,7,0,0,0,0,0,1,0,37,30–39,49,2
1955,Graduation,Married,50737.0,2013-05-11,61,78,0,11,0.0,0,10.0,1,2,0,4,6,0,1,0,0,0,0,0,60,60+,99,1
1969,PhD,Married,68462.0,2012-12-12,6,561,64,556,84.0,81,48.0,1,3,3,8,1,0,0,0,0,0,0,0,46,40–49,1670,0
1943,Master,Married,65073.0,2013-08-20,65,629,17,177,69.0,0,8.0,1,5,3,5,2,0,0,0,0,0,1,0,72,60+,900,0
1948,PhD,Together,46681.0,2013-10-08,52,269,15,69,15.0,19,38.0,2,4,6,4,5,0,0,0,0,0,0,0,67,60+,425,2
1957,Graduation,Married,78618.0,2012-09-28,87,736,81,556,120.5,81,61.0,1,4,7,10,2,0,1,0,0,0,0,0,58,50–59,2153,0
1969,PhD,Widow,62187.0,2014-03-22,38,512,0,83,0.0,0,41.0,3,6,2,10,4,0,0,0,0,0,0,0,46,40–49,636,1
1978,Graduation,Married,28442.0,2014-02-24,53,19,3,10,11.0,8,6.0,3,2,1,4,4,0,0,0,0,0,0,0,37,30–39,57,2
1978,PhD,Married,37717.0,2012-11-23,31,9,0,6,4.0,1,5.0,1,1,0,2,9,0,0,0,0,0,0,0,37,30–39,25,1
1967,Graduation,Married,51479.0,2012-12-28,67,247,8,160,6.0,8,65.0,7,6,3,6,7,0,0,0,0,0,0,0,48,40–49,494,2
1969,Graduation,Single,54803.0,2012-08-21,65,404,0,92,28.0,27,126.5,2,6,2,9,4,0,0,0,0,0,0,0,46,40–49,693,1
1960,Graduation,Married,79530.0,2013-05-17,64,333,0,556,120.5,42,29.0,1,4,10,11,2,0,0,0,0,0,0,0,55,50–59,1348,0
1976,Graduation,Divorced,31615.0,2013-03-16,82,2,3,20,6.0,11,9.0,2,2,0,3,7,0,0,0,0,0,0,0,39,30–39,51,1
1962,Graduation,Together,72025.0,2012-11-17,27,833,33,549,120.5,81,126.5,1,4,3,8,3,0,0,0,0,0,0,0,53,50–59,1932,0
1975,PhD,Single,52614.0,2012-12-01,63,789,0,142,12.0,9,38.0,2,2,4,8,8,0,0,0,0,0,0,0,40,40–49,990,1
1984,2n Cycle,Married,35684.0,2014-04-22,66,10,4,7,0.0,6,3.0,1,1,0,3,6,0,0,0,0,0,0,0,31,30–39,30,1
1975,Graduation,Married,48178.0,2012-10-28,69,159,4,45,6.0,2,38.0,6,5,1,4,8,0,0,0,0,0,0,0,40,40–49,254,2
1970,Master,Single,29548.0,2013-08-29,52,7,1,6,3.0,1,11.0,1,1,1,2,4,1,0,0,0,0,0,0,45,40–49,29,1
1966,Graduation,Single,63810.0,2012-11-11,45,977,12,253,16.0,12,101.0,4,4,3,12,8,0,1,0,0,0,0,0,49,40–49,1371,1
1972,PhD,Single,38578.0,2013-06-22,2,38,4,22,3.0,3,3.0,3,3,0,3,8,0,0,0,0,0,0,1,43,40–49,73,2
1975,Master,Single,46098.0,2012-08-18,86,57,0,27,0.0,0,36.0,4,3,2,2,8,0,0,0,0,0,0,0,40,40–49,120,2
1970,Graduation,Single,22585.0,2013-03-18,23,3,9,15,13.0,2,39.0,1,1,1,2,9,1,0,0,0,0,0,1,45,40–49,81,0
1989,Graduation,Single,30279.0,2012-12-30,13,10,4,14,4.0,4,1.0,1,1,0,3,8,0,0,0,0,0,0,0,26,<30,37,1
1961,PhD,Together,66426.0,2013-10-02,14,1043,24,97,32.0,24,126.5,2,3,5,10,6,0,0,0,0,0,0,0,54,50–59,1377,1
1969,Graduation,Single,30822.0,2013-06-14,92,3,9,13,2.0,12,12.0,1,1,0,3,7,0,0,0,0,0,0,0,46,40–49,51,1
1969,PhD,Married,33581.0,2013-01-08,38,11,0,5,0.0,0,1.0,1,1,0,2,8,0,0,0,0,0,0,0,46,40–49,17,2
1985,Graduation,Married,19986.0,2013-11-14,74,3,6,5,0.0,2,6.0,1,0,0,3,7,0,0,0,0,0,0,0,30,30–39,22,1
1954,Graduation,Widow,27421.0,2012-12-12,14,43,12,96,78.0,40,55.0,3,4,1,6,7,0,0,0,0,0,0,0,61,60+,324,0
1973,2n Cycle,Married,35688.0,2012-08-22,94,73,3,90,12.0,1,32.0,7,4,1,4,8,0,0,0,0,0,0,0,42,40–49,211,3
1981,Master,Single,36143.0,2014-03-30,33,12,0,1,0.0,0,6.0,1,0,1,2,3,0,0,0,0,0,0,0,34,30–39,19,1
1971,Graduation,Single,10245.0,2013-05-15,32,4,7,7,6.0,4,13.0,3,1,2,2,5,0,0,0,0,0,0,0,44,40–49,41,1
1968,Master,Together,43795.0,2013-10-16,11,314,11,53,4.0,3,107.0,3,7,3,4,7,0,1,0,0,0,0,1,47,40–49,492,1
1960,Graduation,Together,63381.0,2012-10-05,78,571,50,142,33.0,50,126.5,4,4,5,13,2,0,0,0,0,0,0,0,55,50–59,1005,1
1949,Graduation,Together,38823.0,2012-08-30,56,70,0,11,2.0,8,23.0,1,2,1,3,6,0,0,0,0,0,0,0,66,60+,114,1
1968,PhD,Divorced,83664.0,2013-05-08,57,866,21,151,28.0,21,86.0,3,2,2,12,5,0,0,0,0,0,0,0,47,40–49,1173,2
1979,Graduation,Together,90300.0,2014-01-03,7,594,81,556,33.0,81,57.0,0,5,6,8,1,0,0,1,0,0,0,0,36,30–39,1738,0
1979,Master,Together,62499.0,2013-12-09,0,140,4,61,0.0,13,4.0,2,3,1,6,4,0,0,0,0,0,0,0,36,30–39,222,1
1993,Graduation,Single,74293.0,2014-05-04,66,375,81,335,93.0,81,81.0,1,5,4,6,2,0,0,0,0,0,0,0,22,<30,1127,0
1946,PhD,Married,51012.0,2013-04-18,86,102,9,63,2.0,9,24.0,1,4,1,4,6,0,0,0,0,0,0,0,69,60+,209,0
1968,Master,Married,70777.0,2014-02-25,80,554,35,113,0.0,7,78.0,3,5,3,12,3,0,0,0,0,0,0,0,47,40–49,787,1
1991,PhD,Together,68682.0,2013-10-06,56,919,0,505,99.0,30,45.0,1,4,9,10,2,0,0,0,0,0,0,0,24,<30,1598,0
1971,Graduation,Married,43824.0,2012-09-15,18,96,1,42,12.0,3,32.0,4,3,1,4,8,0,0,0,0,0,0,0,44,40–49,186,2
1984,Graduation,Together,15345.0,2012-08-31,51,5,2,16,3.0,2,19.0,2,1,1,2,8,0,0,0,0,0,0,1,31,30–39,47,1
1987,Graduation,Single,23442.0,2012-12-24,71,2,0,6,8.0,6,5.0,1,1,0,3,7,0,0,0,0,0,0,0,28,<30,27,1
1980,2n Cycle,Together,14515.0,2012-11-09,71,6,4,9,6.0,36,35.0,4,2,2,3,7,0,0,0,0,0,0,1,35,30–39,96,1
1956,2n Cycle,Divorced,31395.0,2013-03-23,80,23,1,25,0.0,8,7.0,4,2,1,3,6,0,0,0,0,0,0,0,59,50–59,64,2
1965,Graduation,Together,75276.0,2012-09-27,2,610,81,125,120.5,42,21.0,1,9,4,9,5,0,0,0,0,0,0,0,50,50–59,1040,0
1974,Graduation,Single,42373.0,2013-08-15,83,67,5,61,3.0,8,19.0,5,2,1,5,5,0,0,0,0,0,0,0,41,40–49,163,2
1960,Graduation,Together,30507.0,2013-03-11,29,65,36,74,38.0,20,110.0,1,5,1,4,7,0,0,0,0,0,0,0,55,50–59,343,0
1955,PhD,Single,55521.0,2013-10-22,11,416,0,26,0.0,0,4.0,9,6,3,6,7,0,1,0,0,0,0,1,60,60+,446,3
1965,Graduation,Married,48006.0,2014-06-09,55,23,0,11,3.0,2,2.0,1,1,0,3,6,0,0,0,0,0,0,0,50,50–59,41,2
1972,PhD,Single,27213.0,2012-08-30,19,19,3,26,10.0,9,3.0,3,2,0,4,8,0,0,0,0,0,0,1,43,40–49,70,1
1971,PhD,Divorced,65808.0,2014-05-30,1,155,7,80,13.0,7,10.0,3,5,1,5,6,0,0,0,0,0,0,0,44,40–49,272,2
1974,PhD,Together,30351.0,2013-06-06,19,14,0,24,3.0,3,2.0,1,3,0,2,9,0,0,0,0,0,0,0,41,40–49,46,1
1963,Graduation,Married,50437.0,2012-10-17,28,370,9,92,6.0,9,4.0,3,7,1,8,7,0,0,0,0,0,0,0,52,50–59,490,2
1982,2n Cycle,Single,23616.0,2012-11-17,76,4,22,11,3.0,7,32.0,2,3,0,3,8,0,0,0,0,0,0,1,33,30–39,79,1
1976,Graduation,Married,53858.0,2012-11-09,50,407,53,221,58.0,81,26.0,4,4,3,6,4,0,0,0,0,0,0,0,39,30–39,915,1
1955,PhD,Married,66465.0,2013-03-30,1,1200,0,204,38.0,29,14.0,3,11,9,12,6,0,0,0,1,0,0,0,60,60+,1485,1
1987,Graduation,Single,46923.0,2012-08-22,90,85,44,54,102.0,78,6.0,3,5,1,7,7,0,0,0,0,0,0,0,28,<30,369,1
1962,Graduation,Together,75072.0,2013-01-23,83,583,34,309,0.0,22,125.0,2,5,4,8,3,0,0,0,0,0,0,0,53,50–59,1073,1
1943,PhD,Married,75865.0,2014-03-31,73,483,0,556,120.5,0,12.0,1,3,5,10,1,0,0,0,0,0,0,0,72,60+,1242,0
1975,2n Cycle,Together,19789.0,2013-11-20,24,2,5,9,28.0,6,28.0,3,2,1,3,5,1,0,0,0,0,0,0,40,40–49,78,1
1994,Graduation,Together,80134.0,2014-02-14,11,966,26,282,52.0,26,26.0,1,2,7,11,5,0,1,1,1,1,0,0,21,<30,1378,0
1981,Graduation,Single,91065.0,2013-02-22,33,822,81,108,120.5,81,114.0,1,7,9,9,3,0,0,1,1,0,0,1,34,30–39,1474,0
1971,Master,Married,49505.0,2013-03-05,4,604,0,100,19.0,0,28.0,9,10,2,8,8,0,0,0,0,0,0,0,44,40–49,751,2
1973,PhD,Married,37401.0,2014-05-06,14,19,3,19,3.0,1,3.0,2,2,0,3,7,0,0,0,0,0,0,0,42,40–49,48,1
1983,Graduation,Married,30096.0,2014-05-22,30,5,3,11,12.0,5,9.0,1,2,0,3,6,0,0,0,0,0,0,0,32,30–39,45,1
1982,Master,Together,18492.0,2014-06-05,75,2,2,2,2.0,1,1.0,1,1,0,2,8,0,0,0,0,0,0,0,33,30–39,10,1
1974,Master,Married,82584.0,2013-06-04,26,1076,68,103,29.0,81,68.0,1,3,4,8,1,0,1,1,0,0,0,1,41,40–49,1435,0
1941,PhD,Married,93027.0,2013-04-13,77,1285,42,556,55.0,0,21.0,0,7,10,5,2,0,0,1,0,0,0,0,74,60+,2119,0
1953,Graduation,Married,48686.0,2013-12-04,8,10,0,7,2.0,0,1.0,1,1,0,2,8,0,0,0,0,0,0,0,62,60+,20,3
1986,Graduation,Married,92910.0,2014-04-24,42,551,81,556,120.5,81,33.0,1,6,7,13,1,0,1,1,1,0,0,0,29,<30,1795,0
1989,Graduation,Married,75433.0,2014-04-05,28,800,0,297,0.0,34,57.0,2,2,5,10,6,0,1,0,1,0,0,0,26,<30,1188,1
1989,2n Cycle,Together,10404.0,2014-05-04,52,2,2,11,10.0,6,12.0,2,1,0,4,5,0,0,0,0,0,0,0,26,<30,43,1
1968,Graduation,Married,61314.0,2013-04-25,1,378,0,189,97.0,81,126.5,2,5,5,12,3,0,0,0,0,0,0,0,47,40–49,1008,1
1961,PhD,Single,84865.0,2013-05-09,1,1248,16,349,43.0,16,16.0,1,2,4,9,4,0,1,1,1,1,0,1,54,50–59,1688,0
1989,Graduation,Married,42387.0,2012-10-29,42,235,0,235,19.0,4,126.5,5,8,1,7,8,0,0,0,0,0,0,0,26,<30,684,1
1967,2n Cycle,Together,67309.0,2013-01-23,76,515,47,181,120.5,81,95.0,15,9,6,9,7,0,0,0,0,0,0,0,48,40–49,1082,2
1964,Graduation,Married,75236.0,2013-11-25,27,438,66,400,12.0,38,114.0,1,8,3,13,4,0,0,0,0,0,0,0,51,50–59,1068,1
1970,Graduation,Single,30015.0,2014-02-02,28,25,0,22,2.0,3,5.0,2,1,0,4,5,0,0,0,0,0,0,0,45,40–49,57,1
1956,Master,Together,50943.0,2013-06-21,49,31,0,7,2.0,0,6.0,1,1,0,3,5,0,0,0,0,0,0,0,59,50–59,46,1
1966,Graduation,Divorced,67272.0,2013-12-21,12,357,35,271,28.0,28,14.0,3,6,2,12,5,0,0,0,0,0,0,0,49,40–49,733,1
1949,Master,Widow,51529.0,2013-09-07,14,400,4,35,6.0,0,22.0,2,9,1,5,8,0,0,0,0,0,0,0,66,60+,467,1
1971,PhD,Married,32011.0,2013-08-22,89,99,0,15,2.0,1,5.0,3,2,1,4,7,0,0,0,0,0,0,0,44,40–49,122,1
1986,2n Cycle,Married,7500.0,2013-02-07,96,1,11,5,4.0,6,9.0,2,2,0,3,8,0,0,0,0,0,0,0,29,<30,36,1
1989,Graduation,Married,28691.0,2013-07-04,56,5,4,13,8.0,0,4.0,1,1,0,3,8,0,0,0,0,0,0,0,26,<30,34,1
1948,PhD,Married,56223.0,2013-12-20,72,77,28,31,16.0,0,4.0,2,2,1,5,4,0,0,0,0,0,0,0,67,60+,156,1
1946,Graduation,Married,18100.0,2013-08-06,14,3,1,2,4.0,3,1.0,1,0,0,3,5,0,0,0,0,0,0,0,69,60+,14,0
1989,Graduation,Single,30279.0,2012-12-30,13,10,4,14,4.0,4,1.0,1,1,0,3,8,0,0,0,0,0,0,0,26,<30,37,1
1974,2n Cycle,Married,20130.0,2014-03-17,99,0,6,3,7.0,6,12.0,1,1,0,3,8,0,0,0,0,0,0,0,41,40–49,34,0
1959,Graduation,Divorced,23295.0,2013-07-13,72,0,0,1,2.0,12,5.0,1,1,0,2,8,0,0,0,0,0,0,0,56,50–59,20,0
1972,Master,Divorced,42618.0,2013-10-09,92,76,14,74,13.0,5,10.0,2,5,0,4,8,0,0,0,0,0,0,0,43,40–49,192,1
1964,Graduation,Single,81246.0,2013-12-29,87,398,81,537,61.0,81,37.0,1,4,5,7,1,1,0,0,1,0,0,0,51,50–59,1379,0
1976,Graduation,Married,24027.0,2013-06-09,7,14,7,11,11.0,0,5.0,2,2,0,3,8,0,0,0,0,0,0,0,39,30–39,48,1
1953,PhD,Married,55707.0,2013-12-22,91,208,7,82,30.0,66,35.0,2,3,2,9,3,0,0,0,0,0,0,0,62,60+,428,1
1955,Graduation,Single,57959.0,2013-05-02,71,430,16,322,43.0,24,33.0,5,4,7,11,3,0,0,0,0,0,0,0,60,60+,868,1
1969,Graduation,Married,56796.0,2013-02-16,24,656,38,161,62.0,47,37.0,3,8,9,7,7,0,0,0,0,0,0,0,46,40–49,1001,1
1971,Master,Single,36230.0,2013-10-17,17,14,2,30,8.0,2,3.0,1,2,0,4,5,0,0,0,0,0,0,0,44,40–49,59,1
1980,2n Cycle,Married,70829.0,2013-12-01,87,141,70,106,72.0,19,23.0,2,4,2,8,3,0,0,0,0,0,0,0,35,30–39,431,2
1976,Graduation,Married,65991.0,2012-09-07,21,507,19,364,25.0,47,9.0,3,9,5,10,7,0,0,0,0,0,0,0,39,30–39,971,1
1972,Graduation,Married,38988.0,2012-08-20,90,164,24,103,12.0,3,42.0,7,5,1,6,8,0,0,0,0,0,0,0,43,40–49,348,3
1966,2n Cycle,Single,89572.0,2012-09-15,44,606,24,556,120.5,81,64.0,1,7,7,9,4,0,1,0,1,0,0,1,49,40–49,2059,0
1984,Master,Married,42207.0,2013-04-01,71,116,11,72,3.0,17,46.0,4,4,1,5,6,1,0,0,0,0,0,1,31,30–39,265,1
1952,Graduation,Married,50300.0,2014-05-25,52,143,15,60,24.0,23,5.0,2,2,1,8,2,0,0,0,0,0,0,0,63,60+,270,1
1982,2n Cycle,Together,66664.0,2012-09-25,78,398,81,447,120.5,81,32.0,1,5,7,6,3,0,0,0,0,0,0,0,33,30–39,1289,0
1964,Graduation,Married,60597.0,2014-01-01,2,522,0,257,32.0,16,66.0,4,2,2,8,7,0,0,0,1,0,0,1,51,50–59,893,1
1949,Graduation,Widow,70165.0,2013-09-22,60,161,0,253,120.5,81,122.0,1,3,7,11,1,0,0,0,0,0,0,0,66,60+,926,0
1958,PhD,Widow,50520.0,2014-01-28,25,112,0,6,2.0,1,14.0,2,3,1,3,6,0,0,0,0,0,0,0,57,50–59,135,1
1963,Graduation,Married,80124.0,2014-06-26,47,483,81,398,120.5,81,126.5,1,3,7,8,1,1,0,0,0,0,0,0,52,50–59,1495,0
1975,Graduation,Married,33183.0,2014-02-24,46,7,5,39,17.0,15,37.0,2,4,0,3,7,0,0,0,0,0,0,0,40,40–49,120,1
1969,PhD,Single,66582.0,2014-03-03,83,789,25,420,16.0,38,0.0,1,2,8,9,1,0,0,0,0,0,0,0,46,40–49,1288,0
1955,PhD,Together,75261.0,2013-04-23,17,1239,17,413,23.0,34,17.0,1,5,6,5,2,0,1,1,0,0,0,1,60,60+,1743,0
1970,Graduation,Widow,31880.0,2012-10-31,13,4,1,5,2.0,0,3.0,1,1,0,2,8,0,0,0,0,0,0,0,45,40–49,15,1
1951,Graduation,Married,53790.0,2014-03-06,86,335,42,127,28.0,5,5.0,3,7,2,8,6,0,0,0,0,0,0,0,64,60+,542,2
1971,PhD,Together,49269.0,2012-08-15,92,639,8,166,11.0,8,58.0,3,7,3,12,7,0,0,0,0,0,0,0,44,40–49,890,1
1975,Graduation,Married,61456.0,2013-03-27,47,563,76,384,84.0,81,89.0,4,6,10,13,4,0,0,0,0,0,0,0,40,40–49,1388,1
1980,Graduation,Married,37406.0,2013-10-10,18,2,0,8,2.0,2,3.0,1,1,0,2,8,0,0,0,0,0,0,1,35,30–39,17,1
1981,PhD,Together,56937.0,2012-08-04,81,746,8,125,11.0,8,8.0,7,8,6,9,6,0,1,0,0,0,0,1,34,30–39,906,1
1978,Graduation,Married,38415.0,2013-01-02,91,22,1,13,4.0,0,4.0,2,1,0,3,7,0,0,0,0,0,0,0,37,30–39,44,2
1988,Graduation,Single,20518.0,2014-05-18,58,4,1,6,4.0,1,9.0,1,1,1,2,5,0,0,0,0,0,0,0,27,<30,25,1
1956,Graduation,Married,62503.0,2013-02-18,40,478,0,193,110.0,75,117.0,4,8,3,11,5,0,0,0,0,0,0,0,59,50–59,973,1
1972,PhD,Single,41644.0,2014-05-09,67,20,3,4,2.0,0,2.0,2,1,0,3,3,0,0,0,0,0,0,0,43,40–49,31,2
1977,Master,Married,55842.0,2014-05-23,19,451,0,39,0.0,4,24.0,1,7,1,8,5,0,0,0,0,0,0,0,38,30–39,518,1
1972,PhD,Married,62010.0,2012-10-23,93,371,22,39,6.0,0,92.0,4,6,2,7,5,0,0,0,0,0,0,0,43,40–49,530,1
1977,Graduation,Married,41124.0,2012-10-31,41,281,7,84,15.0,0,119.0,7,7,3,4,8,0,0,0,0,0,0,0,38,30–39,506,1
1973,Master,Married,38961.0,2013-12-30,60,19,7,19,0.0,1,24.0,1,2,1,2,7,0,0,0,0,0,0,0,42,40–49,70,1
1972,Master,Divorced,37760.0,2013-08-11,54,26,3,13,2.0,10,0.0,1,2,0,3,6,0,0,0,0,0,0,0,43,40–49,54,1
1974,Graduation,Single,32233.0,2012-08-19,26,138,15,35,25.0,11,72.0,2,6,2,2,9,1,0,0,0,0,0,1,41,40–49,296,1
1975,Graduation,Married,43057.0,2013-10-30,30,213,2,44,0.0,2,5.0,4,4,2,5,5,0,0,0,0,0,0,0,40,40–49,266,1
1960,Master,Together,83151.0,2012-10-10,93,407,28,100,120.0,74,18.0,1,5,9,4,3,0,0,0,0,0,0,0,55,50–59,747,0
1964,PhD,Divorced,78825.0,2012-09-14,35,483,74,114,120.5,37,18.0,1,5,10,13,3,0,0,0,0,0,0,1,51,50–59,895,0
1976,Master,Together,65104.0,2013-11-14,4,738,0,232,13.0,20,50.0,2,3,5,7,7,0,0,0,0,0,0,0,39,30–39,1053,1
1974,Graduation,Married,60093.0,2013-06-26,92,502,12,109,16.0,6,90.0,2,7,2,10,6,0,0,0,0,0,0,0,41,40–49,735,1
1969,Graduation,Married,14045.0,2014-01-26,24,11,0,5,2.0,1,1.0,1,1,0,3,7,0,0,0,0,0,0,0,46,40–49,20,1
1952,2n Cycle,Widow,28457.0,2012-10-28,96,24,1,108,29.0,29,14.0,1,4,1,4,8,0,0,0,0,0,0,0,63,60+,205,0
1958,PhD,Together,78952.0,2012-09-24,11,1170,19,556,99.0,76,126.5,2,2,5,12,6,0,0,0,0,0,0,0,57,50–59,2092,1
1976,Graduation,Divorced,46310.0,2012-12-03,99,185,2,88,15.0,5,14.0,2,6,1,5,8,0,0,0,0,0,0,0,39,30–39,309,1
1955,Graduation,Together,76005.0,2013-02-22,72,983,20,389,120.5,50,40.0,1,3,5,13,6,0,0,0,1,0,0,0,60,60+,1722,0
1964,Master,Single,58308.0,2013-01-12,77,691,0,69,10.0,0,126.5,4,2,6,3,8,0,0,0,0,0,0,0,51,50–59,900,1
1944,PhD,Divorced,55614.0,2013-11-27,85,504,13,131,8.0,0,26.0,1,9,4,6,7,0,1,0,0,0,0,0,71,60+,682,0
1962,Master,Divorced,59432.0,2013-04-13,88,317,25,265,25.0,19,12.0,3,5,3,11,5,0,0,0,0,0,0,0,53,50–59,663,1
1978,Graduation,Divorced,55563.0,2014-04-05,22,29,1,9,2.0,0,2.0,1,2,0,3,3,0,0,0,0,0,0,0,37,30–39,43,1
1971,PhD,Together,78642.0,2013-04-21,83,1396,0,322,46.0,35,17.0,1,4,9,4,6,0,0,0,0,0,0,0,44,40–49,1816,1
1949,PhD,Together,67911.0,2014-05-22,63,529,0,356,63.0,28,0.0,3,6,7,11,3,0,0,0,0,0,0,0,66,60+,976,1
1944,Graduation,Married,65275.0,2013-04-03,9,388,14,218,91.0,14,21.0,1,4,3,13,2,0,0,0,0,0,0,0,71,60+,746,0
1950,Graduation,Together,27203.0,2012-08-06,92,13,2,21,4.0,0,24.0,2,1,1,2,8,0,0,0,0,0,0,0,65,60+,64,2
1961,Master,Together,48330.0,2013-11-15,2,28,0,4,0.0,0,0.0,1,1,0,3,5,0,0,0,0,0,0,0,54,50–59,32,1
1990,Basic,Married,24279.0,2012-12-29,6,16,36,21,20.0,62,108.0,1,4,1,3,8,0,0,0,0,0,0,0,25,<30,263,0
1985,PhD,Married,64355.0,2012-08-24,66,1047,0,140,67.0,38,126.5,2,4,3,12,8,0,0,0,0,0,0,0,30,30–39,1445,1
1956,Master,Together,50943.0,2013-06-21,49,31,0,7,2.0,0,6.0,1,1,0,3,5,0,0,0,0,0,0,0,59,50–59,46,1
1953,Graduation,Widow,53653.0,2012-11-07,29,815,10,239,28.0,10,108.0,2,10,4,12,6,0,0,0,0,0,0,0,62,60+,1210,0
1976,Graduation,Married,65665.0,2013-12-02,77,225,81,387,106.0,36,29.0,1,5,10,8,3,0,0,0,0,0,0,0,39,30–39,945,1
1989,Graduation,Single,81217.0,2013-07-19,77,493,70,324,120.5,40,84.0,1,3,7,11,1,0,0,0,0,0,0,0,26,<30,1157,0
1992,Graduation,Married,34935.0,2013-06-21,71,34,4,66,3.0,10,20.0,1,2,1,4,7,0,0,0,0,0,0,0,23,<30,137,0
1959,Graduation,Divorced,61250.0,2012-12-16,49,382,81,65,60.0,26,59.0,6,5,2,12,5,0,0,0,0,0,0,0,56,50–59,730,1
1981,PhD,Together,39665.0,2013-05-25,97,127,1,56,0.0,1,31.0,3,4,2,3,7,1,0,0,0,0,0,0,34,30–39,216,1
1979,Graduation,Single,60152.0,2013-03-28,6,325,81,300,86.0,58,91.0,1,6,4,12,3,0,0,0,0,0,0,0,36,30–39,943,1
1964,Graduation,Married,48920.0,2013-10-20,93,238,17,68,8.0,10,6.0,3,6,2,5,7,0,1,0,0,0,0,0,51,50–59,347,2
1959,Master,Together,89120.0,2014-03-17,78,1168,81,408,72.0,81,55.0,1,5,6,7,1,0,0,1,0,0,0,0,56,50–59,1924,0
1946,PhD,Together,44124.0,2013-05-11,62,284,0,55,0.0,6,52.0,4,6,2,5,8,0,0,0,0,0,0,0,69,60+,397,1
1975,Master,Single,81169.0,2013-04-14,47,1288,20,556,80.0,61,27.0,1,5,7,9,2,0,0,0,0,0,0,0,40,40–49,2089,0
1961,Graduation,Married,36443.0,2013-02-03,9,65,0,46,4.0,3,20.0,4,3,1,3,8,0,0,0,0,0,0,0,54,50–59,138,2
1990,Graduation,Single,26095.0,2013-06-30,77,11,7,9,3.0,1,11.0,1,1,0,3,7,0,0,0,0,0,0,0,25,<30,42,1
1959,Graduation,Together,71367.0,2013-08-23,24,227,23,389,42.0,21,75.0,1,4,5,7,2,0,0,0,0,0,0,0,56,50–59,777,0
1944,Master,Married,80184.0,2014-03-01,19,1035,81,556,25.0,38,0.0,1,6,3,10,3,0,0,1,1,0,0,0,71,60+,1902,0
1965,Graduation,Divorced,30630.0,2014-01-27,67,27,1,12,2.0,0,10.0,2,2,0,3,7,0,0,0,0,0,0,0,50,50–59,52,2
1987,Master,Single,73454.0,2014-03-01,95,982,73,351,56.0,14,126.5,1,2,4,6,5,1,0,0,0,0,0,0,28,<30,1651,0
1991,Graduation,Married,42691.0,2013-08-16,48,179,2,64,38.0,17,58.0,1,5,1,6,5,0,0,0,0,0,0,0,24,<30,358,0
1953,Graduation,Married,70503.0,2012-09-30,73,1379,33,216,0.0,33,66.0,1,2,4,9,6,0,1,1,0,0,0,0,62,60+,1727,0
1987,Graduation,Married,25545.0,2012-09-08,35,32,1,64,16.0,12,85.0,3,2,2,3,6,0,0,0,0,0,0,1,28,<30,210,1
1986,Graduation,Married,32880.0,2012-12-04,76,8,4,15,7.0,6,2.0,1,1,0,3,8,0,0,0,0,0,0,0,29,<30,42,1
1958,PhD,Together,77863.0,2013-11-27,20,881,38,319,16.0,25,12.0,1,4,5,10,2,0,0,0,0,0,0,0,57,50–59,1291,0
1977,Master,Married,50353.0,2014-06-08,72,141,15,153,67.0,31,35.0,1,4,4,6,3,0,0,0,0,0,0,0,38,30–39,442,0
1964,Graduation,Single,61839.0,2012-08-12,20,1000,81,379,120.5,17,120.0,1,4,8,4,8,0,0,0,0,0,0,0,51,50–59,1895,0
1960,PhD,Married,49154.0,2013-11-03,69,206,10,67,30.0,27,71.0,6,4,1,8,6,0,0,0,0,0,0,0,55,50–59,411,2
1975,2n Cycle,Widow,47682.0,2013-02-15,80,162,61,83,97.0,57,61.0,4,4,3,8,5,0,0,0,0,0,0,0,40,40–49,521,1
1969,Graduation,Single,72679.0,2013-09-18,65,619,54,260,120.5,54,54.0,1,4,7,5,1,0,0,0,0,0,0,0,46,40–49,1168,1
1977,Master,Together,57954.0,2014-06-18,52,456,4,24,0.0,0,9.0,7,8,2,6,7,0,1,0,0,0,0,0,38,30–39,493,2
1962,Graduation,Married,65316.0,2013-04-24,65,112,6,92,3.0,9,38.0,2,3,2,5,4,0,0,0,0,0,0,0,53,50–59,260,2
1982,Graduation,Single,28567.0,2013-06-17,57,11,3,22,2.0,2,6.0,2,2,0,3,6,0,0,0,0,0,0,0,33,30–39,46,1
1951,Master,Together,47352.0,2013-04-11,70,172,12,112,8.0,0,15.0,4,6,1,5,7,0,0,0,0,0,0,0,64,60+,319,1
1967,Graduation,Together,44931.0,2014-01-18,0,78,0,11,0.0,0,7.0,1,2,1,3,5,0,0,0,0,0,0,0,48,40–49,96,1
1967,Graduation,Divorced,76982.0,2014-02-15,19,464,81,292,65.0,60,30.0,1,8,3,4,4,0,0,1,0,0,0,1,48,40–49,1062,0
1952,2n Cycle,Together,57247.0,2013-08-08,50,99,4,32,37.0,54,6.0,2,2,1,7,2,0,0,0,0,0,0,0,63,60+,232,1
1981,Master,Single,22944.0,2013-12-23,67,19,3,19,4.0,5,26.0,3,3,0,3,7,0,0,0,0,0,0,0,34,30–39,76,1
1977,2n Cycle,Together,25315.0,2013-11-07,46,1,9,8,11.0,3,22.0,3,3,0,3,8,0,0,0,0,0,0,0,38,30–39,54,1
1969,Graduation,Widow,43638.0,2012-08-06,37,63,10,83,7.0,19,19.0,2,4,1,4,7,0,0,0,0,0,0,0,46,40–49,201,1
1984,PhD,Single,42710.0,2012-11-28,38,252,3,42,4.0,3,102.0,2,4,5,3,6,0,0,0,0,0,0,0,31,30–39,406,1
1982,PhD,Married,84169.0,2013-08-07,9,1478,19,403,0.0,19,0.0,1,7,6,6,3,0,1,1,0,0,0,1,33,30–39,1919,0
1976,Graduation,Together,54058.0,2013-06-04,56,198,18,252,32.0,81,54.0,2,4,6,8,3,0,0,0,0,0,0,0,39,30–39,662,1
1990,2n Cycle,Married,24683.0,2014-03-08,98,8,4,10,6.0,7,6.0,2,2,0,4,5,0,0,0,0,0,0,0,25,<30,41,1
1964,Graduation,Widow,85620.0,2014-01-07,68,416,46,556,60.0,81,46.0,1,3,6,4,1,0,0,0,0,0,0,1,51,50–59,1600,0
1980,Graduation,Married,47850.0,2013-12-03,72,42,7,43,20.0,12,10.0,1,3,0,4,6,0,0,0,0,0,0,0,35,30–39,134,1
1968,Graduation,Married,19514.0,2014-01-26,47,14,3,21,2.0,1,28.0,4,3,1,2,8,1,0,0,0,0,0,1,47,40–49,69,2
1973,Master,Married,27159.0,2014-03-29,33,17,0,3,0.0,0,1.0,2,1,0,3,6,0,0,0,0,0,0,0,42,40–49,21,2
1963,2n Cycle,Single,39548.0,2014-03-31,87,15,4,10,3.0,4,18.0,2,1,1,3,3,0,0,0,0,0,0,0,52,50–59,54,2
1989,Graduation,Single,21474.0,2014-04-08,0,6,16,24,11.0,0,34.0,2,3,1,2,7,1,0,0,0,0,0,1,26,<30,91,1
1971,PhD,Single,60504.0,2014-02-07,73,458,0,24,6.0,4,34.0,2,6,2,8,6,0,0,0,0,0,0,0,44,40–49,526,1
1963,Graduation,Married,22419.0,2013-04-18,74,30,3,47,19.0,21,42.0,1,3,2,2,8,0,0,0,0,0,0,0,52,50–59,162,0
1949,Master,Married,81698.0,2013-11-06,4,179,28,520,111.0,81,47.0,1,3,8,13,1,0,0,0,0,0,0,1,66,60+,1008,0
1952,Graduation,Together,43462.0,2012-09-12,50,90,17,97,15.0,6,15.0,6,4,1,5,8,0,0,0,0,0,0,0,63,60+,240,2
1978,PhD,Single,54880.0,2013-03-01,57,308,81,137,102.0,45,118.0,2,6,2,11,5,0,0,0,0,0,0,0,37,30–39,795,1
1982,Graduation,Married,79908.0,2013-04-05,30,557,81,556,29.0,81,111.0,1,5,6,7,2,0,0,1,0,0,0,0,33,30–39,1772,0
1970,2n Cycle,Married,15315.0,2013-08-03,27,7,4,13,15.0,8,17.0,2,2,0,4,5,0,0,0,0,0,0,0,45,40–49,64,0
1959,Graduation,Together,87771.0,2013-05-22,61,1492,38,287,50.0,57,33.0,1,5,10,4,6,0,1,1,1,1,0,1,56,50–59,1957,1
1978,Graduation,Married,33039.0,2013-09-09,4,30,8,12,8.0,8,12.0,1,2,0,4,5,0,0,0,0,0,0,0,37,30–39,78,1
1980,Graduation,Single,81741.0,2013-06-16,75,249,81,556,58.0,81,38.0,0,6,6,7,2,0,0,0,0,0,0,0,35,30–39,1572,0
1971,Master,Together,71499.0,2013-06-25,12,465,25,132,120.5,0,37.0,2,8,3,13,4,0,0,0,0,0,0,0,44,40–49,795,1
1970,2n Cycle,Married,62466.0,2014-01-15,13,129,81,259,120.5,81,83.0,5,6,3,12,4,0,0,0,0,0,0,0,45,40–49,889,1
1963,PhD,Divorced,48799.0,2013-11-05,9,174,18,81,28.0,6,24.0,3,3,2,7,3,0,0,0,0,0,0,0,52,50–59,331,1
1950,PhD,Together,52157.0,2014-06-07,48,189,2,29,3.0,2,40.0,2,3,2,5,4,0,0,0,0,0,0,0,65,60+,265,1
1962,Graduation,Single,66565.0,2012-12-05,80,747,10,161,65.0,40,42.0,4,4,2,9,8,0,0,0,0,0,0,0,53,50–59,1065,1
1951,Master,Together,29298.0,2013-09-07,60,6,0,2,2.0,0,1.0,1,1,0,2,5,0,0,0,0,0,0,0,64,60+,11,2
1979,Graduation,Single,47691.0,2013-07-05,43,14,0,3,0.0,0,4.0,1,1,0,2,6,0,0,0,0,0,0,0,36,30–39,21,1
1970,Graduation,Together,38200.0,2012-12-07,19,12,0,4,0.0,0,1.0,1,1,0,2,7,0,0,0,0,0,0,0,45,40–49,17,2
1974,Graduation,Married,44989.0,2012-09-12,26,98,0,106,49.0,10,106.0,5,5,1,5,6,0,0,0,0,0,0,0,41,40–49,369,1
1968,PhD,Married,38443.0,2014-01-27,58,32,0,5,0.0,0,1.0,2,1,0,3,7,0,0,0,0,0,0,0,47,40–49,38,2
1978,2n Cycle,Single,38593.0,2013-09-13,42,51,12,49,17.0,24,24.0,3,4,1,3,8,0,0,0,0,0,0,0,37,30–39,177,1
1970,PhD,Together,64413.0,2013-08-01,27,200,5,44,0.0,10,20.0,1,5,1,5,5,0,0,0,0,0,0,0,45,40–49,279,1
1981,Master,Married,36959.0,2013-10-02,56,25,6,25,6.0,0,0.0,2,2,0,3,8,0,0,0,0,0,0,0,34,30–39,62,1
1977,PhD,Married,61996.0,2013-01-31,27,1050,12,144,0.0,0,24.0,3,6,4,8,5,0,1,0,1,1,0,1,38,30–39,1230,1
1968,Graduation,Married,51287.0,2014-04-01,10,117,0,22,13.0,0,30.0,3,4,1,3,7,0,0,0,0,0,0,0,47,40–49,182,2
1970,Graduation,Married,13260.0,2013-08-23,48,9,4,17,10.0,2,7.0,4,3,0,3,8,0,0,0,0,0,0,0,45,40–49,49,2
1966,PhD,Together,47472.0,2013-09-16,39,56,0,11,0.0,0,8.0,2,2,0,4,5,0,0,0,0,0,0,0,49,40–49,75,2
1956,Master,Together,54603.0,2013-07-09,85,145,13,46,17.0,2,4.0,6,4,2,4,7,0,0,0,0,0,0,0,59,50–59,227,2
1974,PhD,Married,45207.0,2012-11-10,64,203,0,10,0.0,0,2.0,5,3,1,6,6,0,1,0,0,0,0,0,41,40–49,215,2
1951,Graduation,Together,40689.0,2013-03-18,69,270,3,27,39.0,6,99.0,7,7,1,5,8,0,0,0,0,0,0,0,64,60+,444,1
1967,2n Cycle,Together,47821.0,2013-10-20,54,9,0,16,6.0,6,10.0,1,1,0,3,8,0,0,0,0,0,0,0,48,40–49,47,2
1951,Master,Married,27450.0,2013-04-15,57,37,12,23,8.0,11,52.0,1,2,1,3,7,0,0,0,0,0,0,0,64,60+,143,0
1983,Graduation,Together,39453.0,2014-04-03,64,46,0,7,0.0,0,2.0,2,2,0,3,6,0,0,0,0,0,0,0,32,30–39,55,1
1971,2n Cycle,Together,26850.0,2014-04-18,10,31,1,13,7.0,2,9.0,4,2,1,4,4,0,0,0,0,0,0,0,44,40–49,63,2
1955,Graduation,Widow,79800.0,2012-09-23,65,1060,21,530,32.0,0,126.5,1,5,11,5,3,1,0,1,1,0,0,1,60,60+,1867,0
1961,Master,Married,61794.0,2013-09-14,74,264,47,188,54.0,47,11.0,2,4,4,10,2,0,0,0,0,0,0,0,54,50–59,611,1
1955,Graduation,Together,53863.0,2014-05-17,4,399,4,30,6.0,4,30.0,3,7,1,7,7,0,1,0,0,0,0,0,60,60+,473,1
1959,Graduation,Together,24221.0,2013-08-20,94,8,9,9,2.0,5,22.0,1,1,1,3,4,0,0,0,0,0,0,0,56,50–59,55,0
1984,PhD,Single,39684.0,2012-10-12,41,19,0,35,6.0,4,17.0,2,2,1,2,7,0,0,0,0,0,1,1,31,30–39,81,1
1975,Master,Married,92163.0,2012-12-12,25,817,81,556,106.0,81,20.0,0,5,11,5,2,0,0,1,1,0,0,1,40,40–49,2086,0
1965,Master,Single,69882.0,2013-11-10,94,292,81,556,120.5,81,126.5,1,3,7,9,1,0,0,0,0,0,0,0,50,50–59,1478,0
1977,Graduation,Together,33178.0,2014-01-30,9,12,6,2,11.0,2,16.0,1,1,0,3,4,0,0,0,0,0,0,0,38,30–39,49,1
1972,PhD,Married,59973.0,2013-09-11,47,130,30,168,20.0,34,0.0,1,3,4,7,1,0,0,0,0,0,0,0,43,40–49,382,0
1975,Master,Together,17459.0,2013-09-19,12,6,4,16,3.0,10,30.0,3,3,1,2,7,0,0,0,0,0,0,1,40,40–49,69,1
1969,Graduation,Divorced,23910.0,2012-10-26,80,16,12,18,7.0,1,13.0,1,2,0,3,7,0,0,0,0,0,0,0,46,40–49,67,1
1969,Master,Married,42169.0,2013-10-19,20,19,0,9,0.0,0,2.0,2,1,0,3,8,0,0,0,0,0,0,0,46,40–49,30,2
1978,2n Cycle,Married,26224.0,2013-06-04,39,4,7,15,13.0,9,15.0,3,2,1,3,6,0,0,0,0,0,0,0,37,30–39,63,1
1981,Graduation,Together,31089.0,2012-08-17,57,31,3,31,2.0,8,4.0,3,3,0,4,8,0,0,0,0,0,0,0,34,30–39,79,1
1961,Graduation,Single,30081.0,2013-02-21,27,36,0,2,0.0,0,4.0,1,1,0,3,7,0,0,0,0,0,0,0,54,50–59,42,1
1960,Graduation,Together,62807.0,2012-08-31,83,526,28,135,10.0,21,99.0,3,5,3,12,5,0,0,0,0,0,0,0,55,50–59,819,1
1955,Graduation,Single,72906.0,2013-09-17,79,400,32,519,71.0,75,54.0,1,3,4,9,1,0,0,0,0,0,0,0,60,60+,1151,0
1948,PhD,Married,61467.0,2012-12-09,69,410,16,114,0.0,5,49.0,3,5,2,10,5,0,0,0,0,0,0,0,67,60+,594,2
1966,Master,Together,49618.0,2013-01-26,77,80,3,26,4.0,2,14.0,4,3,1,3,7,0,0,0,0,0,0,0,49,40–49,129,2
1986,Master,Single,21888.0,2012-12-29,15,88,10,46,2.0,3,64.0,4,5,1,2,10,0,0,0,0,0,0,1,29,<30,213,1
1973,Graduation,Widow,42429.0,2014-02-11,99,55,0,6,2.0,0,4.0,2,1,1,3,5,0,0,0,0,0,0,0,42,40–49,67,1
1956,Graduation,Divorced,26150.0,2013-03-11,61,5,1,13,3.0,5,1.0,1,1,0,3,7,0,0,0,0,0,0,0,59,50–59,28,3
1975,Basic,Married,30801.0,2012-10-26,23,8,4,5,15.0,2,11.0,2,1,0,3,7,0,0,0,0,0,0,0,40,40–49,45,1
1965,Graduation,Married,81168.0,2014-05-07,84,410,0,556,120.5,22,22.0,1,6,4,7,3,0,0,0,1,0,0,0,50,50–59,1193,0
1969,Master,Single,26877.0,2013-08-19,74,101,13,76,20.0,18,40.0,2,3,1,6,6,0,0,0,0,0,0,0,46,40–49,268,0
1944,Master,Widow,45006.0,2013-07-18,90,162,25,53,16.0,0,10.0,1,3,1,7,3,0,0,0,0,0,0,0,71,60+,266,0
1973,Basic,Married,18978.0,2012-12-11,41,2,8,1,4.0,7,15.0,1,1,0,3,8,0,0,0,0,0,0,0,42,40–49,37,1
1967,Graduation,Married,22574.0,2013-10-28,28,25,0,8,2.0,0,2.0,2,2,0,3,7,0,0,0,0,0,0,0,48,40–49,37,3
1969,PhD,Single,48240.0,2012-11-09,73,389,81,248,64.0,49,41.0,3,6,3,13,5,0,0,0,0,0,0,1,46,40–49,882,0
1974,Graduation,Married,45837.0,2013-07-26,88,215,13,87,17.0,17,24.0,5,6,2,5,7,0,0,0,0,0,0,0,41,40–49,373,2
1965,Master,Single,35791.0,2013-05-06,94,27,0,5,0.0,0,3.0,2,1,0,3,8,0,0,0,0,0,0,0,50,50–59,35,3
1976,PhD,Together,162397.0,2013-06-03,31,85,1,16,2.0,1,2.0,0,0,0,1,1,0,0,0,0,0,0,0,39,30–39,107,2
1978,Graduation,Widow,54162.0,2013-03-18,31,5,6,10,6.0,5,10.0,1,1,0,3,4,0,0,0,0,0,0,0,37,30–39,42,2
1960,Master,Married,30522.0,2012-08-17,6,179,8,83,19.0,11,26.0,5,1,2,9,2,0,0,0,0,0,0,0,55,50–59,326,1
1961,PhD,Married,54456.0,2013-07-11,23,352,0,27,10.0,0,15.0,3,6,1,7,6,0,0,0,0,0,0,0,54,50–59,404,1
1971,Graduation,Single,31632.0,2013-07-14,92,17,8,12,11.0,15,32.0,1,2,1,2,7,0,0,0,0,0,0,0,44,40–49,95,0
1949,Graduation,Widow,72298.0,2014-03-10,52,625,35,169,58.0,17,35.0,1,4,3,6,1,0,1,1,0,0,0,0,66,60+,939,0
1978,2n Cycle,Single,36975.0,2013-12-28,50,10,6,11,0.0,4,2.0,1,1,0,3,7,0,0,0,0,0,0,0,37,30–39,33,1
1955,2n Cycle,Married,72635.0,2013-06-03,54,390,22,323,104.0,35,107.0,1,6,8,6,3,0,0,0,1,0,0,0,60,60+,981,0
1976,Graduation,Married,13624.0,2013-01-20,93,10,2,15,2.0,1,6.0,2,2,0,3,6,0,0,0,0,0,0,0,39,30–39,36,1
1975,Graduation,Single,84196.0,2013-06-03,56,215,63,507,120.5,31,126.5,1,8,4,7,3,0,0,0,0,0,0,0,40,40–49,1237,1
1960,Graduation,Together,70971.0,2012-09-21,28,1001,17,556,93.0,81,17.0,7,11,11,5,7,0,0,0,0,0,0,1,55,50–59,1825,1
1977,PhD,Divorced,34487.0,2012-09-06,94,19,18,33,24.0,1,8.0,3,3,0,3,9,0,0,0,0,0,0,0,38,30–39,103,2
1977,Graduation,Single,28769.0,2012-12-18,76,41,5,129,10.0,3,3.0,3,4,1,4,9,0,0,0,0,0,0,0,38,30–39,191,1
1970,PhD,Married,69084.0,2013-11-19,43,1181,81,199,39.0,30,30.0,2,7,3,13,8,0,0,0,0,0,0,0,45,40–49,1586,1
1958,PhD,Together,65488.0,2014-06-13,46,603,45,207,36.0,18,54.0,1,3,4,6,1,0,0,0,0,0,0,0,57,50–59,963,0
1970,2n Cycle,Married,62466.0,2014-01-15,13,129,81,259,120.5,81,83.0,5,6,3,12,4,0,0,0,0,0,0,0,45,40–49,889,1
1960,2n Cycle,Single,32218.0,2014-02-15,27,10,24,15,13.0,1,30.0,1,2,1,3,7,1,0,0,0,0,0,1,55,50–59,93,0
1973,Graduation,Single,83917.0,2013-04-18,12,514,22,556,42.0,81,79.0,1,6,7,7,3,0,0,0,0,0,0,1,42,40–49,1587,0
1962,Graduation,Divorced,46102.0,2014-03-10,3,14,0,1,0.0,0,1.0,1,1,0,2,7,0,0,0,0,0,0,0,53,50–59,16,3
1952,Graduation,Single,84574.0,2013-06-04,72,387,20,556,38.0,54,126.5,1,9,11,11,5,0,0,0,0,0,0,0,63,60+,1375,0
1962,Graduation,Married,56181.0,2013-01-08,6,121,81,69,8.0,44,48.0,1,4,2,7,4,0,0,0,0,0,0,0,53,50–59,393,1
1950,Master,Divorced,63120.0,2012-09-28,53,965,69,279,54.0,41,69.0,5,8,4,9,7,0,0,0,0,0,0,1,65,60+,1477,1
1971,Graduation,Married,73691.0,2013-11-06,58,707,21,250,85.0,43,73.0,2,6,2,8,2,1,0,0,0,0,0,0,44,40–49,1179,1
1960,Graduation,Together,63381.0,2012-10-05,78,571,50,142,33.0,50,126.5,4,4,5,13,2,0,0,0,0,0,0,0,55,50–59,1005,1
1948,PhD,Together,76140.0,2014-05-13,57,586,66,556,17.0,0,26.0,1,5,9,6,2,0,0,0,0,0,0,0,67,60+,1348,0
1959,PhD,Divorced,62859.0,2012-12-30,37,1063,81,102,16.0,12,25.0,4,9,4,6,6,0,0,0,0,0,0,0,56,50–59,1307,1
1964,Graduation,Single,45906.0,2013-05-07,20,305,3,27,4.0,3,126.5,2,5,4,4,5,1,0,0,0,0,0,0,51,50–59,486,1
1947,Master,Together,77632.0,2013-03-10,73,1200,81,556,0.0,42,126.5,1,4,2,6,2,0,1,1,0,0,0,1,68,60+,2252,0
1971,PhD,Married,46463.0,2013-08-18,56,163,2,40,8.0,11,11.0,7,3,1,6,6,0,0,0,0,0,0,0,44,40–49,235,2
1970,Graduation,Together,105471.0,2013-01-21,36,1009,81,104,120.5,21,126.5,0,9,8,13,3,0,0,1,1,0,0,1,45,40–49,1724,0
1970,Master,Divorced,55282.0,2013-12-13,9,125,6,73,8.0,4,19.0,1,3,1,6,4,0,0,0,0,0,0,0,45,40–49,235,1
1977,Master,Married,78710.0,2014-05-23,42,721,0,152,119.0,50,50.0,3,7,6,12,4,0,0,0,0,0,0,0,38,30–39,1092,1
1958,Graduation,Together,66886.0,2013-09-16,28,315,4,62,41.0,31,126.5,2,7,1,7,5,0,0,0,0,0,0,0,57,50–59,599,1
1960,Master,Single,98777.0,2014-02-17,23,1000,19,556,120.5,81,38.0,0,4,6,9,1,0,1,0,0,0,0,0,55,50–59,2008,0
1985,Graduation,Together,29103.0,2012-08-27,38,16,0,17,6.0,3,6.0,2,1,0,3,9,0,0,0,0,0,0,0,30,30–39,48,1
1974,Graduation,Married,67445.0,2012-08-12,63,757,80,217,29.0,80,11.0,5,9,6,12,6,0,0,0,0,0,0,0,41,40–49,1174,1
1950,PhD,Together,50616.0,2014-04-13,71,30,2,25,0.0,1,9.0,1,1,1,4,2,0,0,0,0,0,0,0,65,60+,67,1
1955,Graduation,Divorced,49431.0,2012-08-03,9,219,3,100,26.0,0,17.0,2,7,1,5,8,0,0,0,0,0,0,0,60,60+,365,1
1975,Graduation,Divorced,153924.0,2014-02-07,81,1,1,1,1.0,1,1.0,0,0,0,0,0,0,0,0,0,0,0,0,40,40–49,6,0
1953,Graduation,Together,61278.0,2014-01-04,87,111,3,28,2.0,6,15.0,2,3,1,4,6,0,0,0,0,0,0,0,62,60+,165,1
1958,2n Cycle,Together,26490.0,2012-09-22,92,45,47,52,21.0,20,25.0,2,3,1,5,6,0,0,0,0,0,0,0,57,50–59,210,0
1947,PhD,Together,73059.0,2013-08-31,36,410,81,420,0.0,81,71.0,1,9,3,13,4,0,0,0,0,0,0,0,68,60+,1095,1
1966,PhD,Single,46734.0,2013-10-21,86,100,1,39,6.0,1,76.0,4,3,2,3,6,1,0,0,0,0,0,0,49,40–49,223,3
1963,Graduation,Together,56253.0,2012-12-07,83,509,0,65,7.0,11,5.0,4,7,2,9,6,0,0,0,0,0,0,0,52,50–59,597,1
1985,Graduation,Married,19986.0,2013-11-14,74,3,6,5,0.0,2,6.0,1,0,0,3,7,0,0,0,0,0,0,0,30,30–39,22,1
1975,Graduation,Widow,58330.0,2013-12-25,87,445,53,213,104.0,81,126.5,1,6,4,13,4,0,0,0,0,0,0,0,40,40–49,1064,1
1980,Basic,Married,25965.0,2012-09-07,29,2,2,11,41.0,7,11.0,1,2,0,3,8,0,0,0,0,0,0,0,35,30–39,74,0
1956,Master,Together,14661.0,2013-01-01,88,4,1,11,6.0,2,2.0,1,1,0,3,6,0,0,0,0,0,0,0,59,50–59,26,0
1959,Graduation,Married,18690.0,2012-12-28,77,6,1,7,23.0,4,19.0,1,1,1,2,8,0,0,0,0,0,0,0,56,50–59,60,0
1974,PhD,Together,45068.0,2013-05-16,25,14,0,3,0.0,0,3.0,1,1,0,2,7,0,0,0,0,0,0,0,41,40–49,20,1
1987,Basic,Single,21063.0,2013-09-25,34,1,10,11,19.0,3,15.0,2,2,0,3,6,0,0,0,0,0,0,0,28,<30,59,1
1968,PhD,Married,29187.0,2013-05-09,43,26,0,6,0.0,0,2.0,1,1,0,3,8,0,0,0,0,0,0,0,47,40–49,34,1
1971,2n Cycle,Married,54690.0,2013-11-07,76,111,16,37,7.0,9,18.0,3,3,1,5,3,0,0,0,0,0,0,0,44,40–49,198,2
1964,PhD,Married,59304.0,2013-07-29,81,418,61,428,80.0,51,10.0,3,7,8,10,5,0,0,0,0,0,0,0,51,50–59,1048,1
1962,Master,Single,59247.0,2013-11-08,87,327,9,122,19.0,14,83.0,5,5,2,9,6,0,0,0,0,0,0,0,53,50–59,574,2
1970,Graduation,Widow,66731.0,2012-09-12,33,371,81,194,58.0,81,126.5,4,4,3,6,3,0,0,0,0,0,0,0,45,40–49,1029,1
1980,Graduation,Married,77353.0,2013-12-16,38,275,59,107,69.0,81,59.0,2,6,4,8,4,0,0,0,0,0,0,0,35,30–39,670,1
1975,PhD,Single,52614.0,2012-12-01,63,789,0,142,12.0,9,38.0,2,2,4,8,8,0,0,0,0,0,0,0,40,40–49,990,1
1974,Graduation,Married,26751.0,2014-05-22,26,1,1,5,0.0,3,1.0,1,1,0,2,8,0,0,0,0,0,0,0,41,40–49,11,2
1963,PhD,Married,81300.0,2012-10-30,17,1004,12,145,32.0,12,36.0,3,10,3,5,5,0,0,0,1,0,0,1,52,50–59,1241,1
1979,Graduation,Single,70337.0,2014-01-02,75,187,81,149,25.0,43,91.0,1,2,2,12,1,0,0,0,0,0,0,0,36,30–39,576,0
1985,2n Cycle,Married,36145.0,2013-06-16,13,56,4,76,17.0,1,18.0,4,4,1,3,9,1,0,0,0,0,0,1,30,30–39,172,1
1980,PhD,Single,65295.0,2013-12-23,19,365,32,117,34.0,81,6.0,1,3,3,13,2,0,0,0,0,0,0,0,35,30–39,664,0
1963,Graduation,Divorced,68118.0,2013-10-18,51,595,23,123,10.0,23,126.5,2,8,9,4,6,0,0,0,0,0,0,0,52,50–59,928,1
1967,Graduation,Divorced,68743.0,2012-08-30,81,1132,81,384,120.5,81,115.0,1,11,5,13,7,0,0,0,0,0,0,0,48,40–49,2074,0
1982,2n Cycle,Together,41039.0,2013-07-25,32,34,11,137,120.5,61,45.0,1,8,1,5,8,0,0,0,0,0,0,0,33,30–39,467,0
1955,Graduation,Together,38946.0,2013-10-24,84,116,6,82,6.0,6,41.0,2,3,1,6,5,0,0,0,0,0,0,0,60,60+,257,1
1967,Graduation,Together,65777.0,2013-12-19,87,565,32,435,28.0,32,54.0,1,2,8,6,1,0,0,0,0,0,0,0,48,40–49,1146,0
1976,PhD,Divorced,66476.0,2013-03-07,99,372,18,126,47.0,48,78.0,2,5,2,11,4,0,0,0,0,0,0,0,39,30–39,689,1
1972,PhD,Single,86857.0,2012-09-12,96,899,81,556,120.5,81,40.0,1,5,6,10,2,0,0,0,0,0,0,1,43,40–49,2114,0
1982,PhD,Married,160803.0,2012-08-04,21,55,16,556,17.0,3,4.0,15,0,28,1,0,0,0,0,0,0,0,0,33,30–39,1717,0
1989,PhD,Together,77845.0,2014-05-16,40,760,40,480,0.0,40,26.0,1,3,5,12,1,0,0,1,1,0,0,0,26,<30,1346,0
1969,PhD,Together,69476.0,2013-09-30,3,260,81,556,63.0,9,67.0,1,4,6,4,2,0,0,0,0,0,0,0,46,40–49,1044,0
1960,PhD,Divorced,50611.0,2012-10-04,98,459,0,24,6.0,0,4.0,6,4,5,7,6,0,1,0,0,0,0,1,55,50–59,493,1
1970,Graduation,Single,61209.0,2013-08-25,73,466,0,224,119.0,49,99.0,1,5,3,4,2,0,0,0,0,0,0,0,45,40–49,957,0
1958,Master,Together,42315.0,2013-07-12,90,67,15,80,17.0,11,80.0,3,1,4,4,3,0,0,0,0,0,0,0,57,50–59,270,1
1952,Basic,Together,13084.0,2013-11-02,29,2,0,7,3.0,7,10.0,1,1,0,3,6,0,0,0,0,0,0,0,63,60+,29,0
1949,Master,Widow,47570.0,2013-05-29,3,67,1,20,0.0,2,31.0,3,2,2,2,7,0,0,0,0,0,0,1,66,60+,121,2
1961,Master,Married,61923.0,2013-07-26,94,92,4,18,3.0,3,6.0,1,2,1,4,3,0,0,0,0,0,0,0,54,50–59,126,2
1995,Graduation,Single,34824.0,2014-03-26,65,4,2,11,2.0,0,4.0,1,1,0,2,6,0,0,0,0,0,0,0,20,<30,23,0
1949,PhD,Single,26518.0,2013-04-08,33,20,1,28,3.0,3,2.0,3,2,0,3,8,0,0,0,0,0,0,1,66,60+,57,2
1961,Graduation,Single,45938.0,2013-11-03,46,273,11,178,62.0,81,29.0,2,8,4,6,6,0,0,0,0,0,0,0,54,50–59,636,0
1960,Graduation,Together,78468.0,2014-04-09,29,434,22,388,104.0,22,34.0,1,10,7,10,4,0,0,0,1,0,0,0,55,50–59,1004,0
1973,Graduation,Divorced,78901.0,2013-09-17,99,321,11,309,33.0,26,34.0,3,9,3,5,4,0,0,0,0,0,0,0,42,40–49,734,1
1978,Graduation,Married,71427.0,2014-03-12,26,212,81,177,15.0,64,23.0,2,8,2,8,4,0,0,0,0,0,0,0,37,30–39,614,2
1978,Graduation,Divorced,71022.0,2014-02-11,30,909,12,278,0.0,12,126.5,3,5,2,11,8,1,0,0,0,0,0,0,37,30–39,1453,1
1988,Master,Single,90247.0,2014-04-29,27,1184,32,352,21.0,16,16.0,1,3,4,7,1,0,1,1,1,0,0,1,27,<30,1621,0
1968,Master,Divorced,41335.0,2013-12-26,24,112,19,21,16.0,14,5.0,3,4,1,4,7,0,0,0,0,0,0,0,47,40–49,187,1
1986,Graduation,Married,71952.0,2013-01-10,93,656,80,455,52.0,81,93.0,2,8,4,8,4,1,0,1,0,0,0,0,29,<30,1443,1
1970,PhD,Divorced,35682.0,2014-06-27,34,23,0,8,6.0,2,18.0,1,1,1,3,2,0,0,0,0,0,0,0,45,40–49,57,1
1951,Graduation,Divorced,43185.0,2013-04-10,88,537,6,42,16.0,6,30.0,2,9,3,6,8,0,0,0,0,0,0,0,64,60+,637,1
1948,PhD,Together,66375.0,2013-11-21,96,712,0,45,0.0,0,126.5,3,2,4,5,7,1,0,0,0,0,0,0,67,60+,948,1
1971,Master,Married,35178.0,2013-01-10,10,23,1,13,2.0,2,18.0,1,1,1,2,7,1,0,0,0,0,0,1,44,40–49,59,1
1986,Graduation,Married,25252.0,2013-07-12,26,1,3,4,2.0,2,6.0,1,1,0,2,8,0,0,0,0,0,0,0,29,<30,18,1
1965,Master,Single,55250.0,2012-10-21,49,664,58,83,32.0,0,66.0,4,7,5,10,5,0,0,0,0,0,0,0,50,50–59,903,1
1975,Graduation,Single,33249.0,2013-02-20,11,6,10,21,19.0,14,42.0,2,2,1,3,6,0,0,0,0,0,0,0,40,40–49,112,1
1953,Graduation,Together,58398.0,2013-05-14,44,299,5,201,21.0,21,49.0,3,5,4,8,4,0,0,0,0,0,0,0,62,60+,596,0
1982,Graduation,Together,50272.0,2013-08-07,75,99,13,66,43.0,8,4.0,3,4,1,5,7,0,0,0,0,0,0,0,33,30–39,233,1
1975,PhD,Married,76618.0,2012-12-07,64,749,40,294,120.5,81,126.5,1,3,2,5,1,0,0,0,0,0,0,0,40,40–49,1511,0
1960,2n Cycle,Divorced,87305.0,2012-09-23,19,345,25,501,63.0,81,80.0,1,5,3,8,2,0,0,1,0,0,0,1,55,50–59,1152,0
1978,Graduation,Together,25851.0,2013-02-11,45,9,4,18,7.0,5,5.0,2,2,0,3,7,0,0,0,0,0,0,0,37,30–39,48,1
1970,Graduation,Divorced,58710.0,2013-03-31,77,440,81,368,0.0,81,126.5,6,11,5,9,6,0,0,0,0,0,0,0,45,40–49,1185,1
1958,Graduation,Single,45160.0,2014-03-29,9,8,2,5,3.0,0,3.0,1,1,0,2,7,0,0,0,0,0,0,0,57,50–59,21,2
1965,Master,Married,74806.0,2012-12-19,1,670,9,249,0.0,28,9.0,2,5,4,5,4,0,0,0,0,0,0,0,50,50–59,965,1
1954,Graduation,Married,59111.0,2013-05-02,90,524,0,134,28.0,28,126.5,1,11,1,8,7,0,0,0,0,0,0,0,61,60+,869,0
1984,PhD,Married,18988.0,2014-05-23,43,6,0,6,2.0,1,1.0,2,1,0,3,7,0,0,0,0,0,0,0,31,30–39,16,1
1965,Graduation,Married,72190.0,2013-02-13,79,597,81,556,120.5,81,126.5,1,5,6,4,3,0,0,0,0,0,0,0,50,50–59,1947,0
1976,Graduation,Married,7500.0,2012-08-01,19,7,0,12,13.0,7,32.0,5,4,1,2,9,1,0,0,0,0,0,1,39,30–39,71,1
1966,Graduation,Married,44794.0,2014-06-08,99,54,0,7,0.0,0,4.0,1,2,0,3,6,0,0,0,0,0,0,0,49,40–49,65,1
1955,Graduation,Married,80395.0,2013-11-23,62,445,25,556,80.0,76,48.0,1,6,5,12,2,0,0,0,1,0,0,0,60,60+,1380,0
1976,Master,Divorced,75012.0,2014-01-25,41,294,81,218,120.5,58,126.5,1,3,8,11,1,0,0,0,0,0,0,0,39,30–39,1027,0
1965,Master,Married,56962.0,2013-10-11,60,292,3,77,10.0,3,26.0,7,6,3,5,7,0,0,0,0,0,0,0,50,50–59,411,3
1991,Graduation,Together,89891.0,2013-04-15,17,412,22,132,59.0,28,126.5,1,11,6,8,4,0,0,1,0,0,0,0,24,<30,836,0
1949,PhD,Divorced,35946.0,2013-09-27,24,8,0,3,0.0,0,0.0,1,0,0,3,5,0,0,0,0,0,0,0,66,60+,11,2
1953,PhD,Together,53593.0,2012-08-07,60,349,4,78,6.0,0,43.0,8,7,2,6,8,0,0,0,0,0,0,0,62,60+,480,2
1978,Graduation,Married,66373.0,2013-06-12,57,328,9,124,12.0,24,109.0,7,4,2,10,3,0,0,0,0,0,0,0,37,30–39,606,2
1948,PhD,Divorced,45072.0,2013-10-16,74,144,2,99,7.0,2,30.0,5,6,1,4,8,0,0,0,0,0,0,0,67,60+,284,3
1973,Graduation,Divorced,89694.0,2013-10-09,22,1126,28,211,37.0,28,42.0,3,4,3,4,5,0,1,1,1,0,0,0,42,40–49,1472,2
1949,Graduation,Married,72025.0,2014-04-29,46,967,0,556,43.0,50,0.0,1,4,8,13,2,0,1,1,1,0,0,1,66,60+,1677,0
1973,Graduation,Married,67432.0,2013-03-29,69,432,79,341,120.5,81,126.5,2,8,5,4,4,0,0,0,0,0,0,0,42,40–49,1335,1
1952,Master,Together,70545.0,2014-06-03,29,138,39,63,55.0,18,21.0,1,4,1,7,2,0,0,0,0,0,0,0,63,60+,334,1
1989,Basic,Married,17487.0,2013-03-18,37,0,0,1,7.0,4,6.0,1,1,0,2,7,0,0,0,0,0,0,0,26,<30,18,1
1969,Graduation,Together,62882.0,2012-08-09,26,509,81,497,78.0,24,97.0,2,7,5,6,4,0,0,0,0,0,0,0,46,40–49,1338,1
1953,PhD,Single,64108.0,2013-03-23,8,948,10,86,13.0,21,21.0,4,6,9,11,5,0,0,0,0,0,0,0,62,60+,1099,1
1956,Master,Together,34941.0,2013-03-06,26,39,2,25,4.0,3,24.0,2,3,0,3,8,0,0,0,0,0,0,0,59,50–59,97,2
1950,PhD,Single,48767.0,2014-01-01,79,28,1,21,3.0,0,10.0,3,2,1,3,5,0,0,0,0,0,0,0,65,60+,63,3
1978,2n Cycle,Together,38702.0,2013-08-01,71,13,11,24,13.0,8,40.0,2,3,0,4,6,0,0,0,0,0,0,0,37,30–39,109,1
1964,Graduation,Married,82224.0,2014-01-25,83,307,26,360,120.5,31,40.0,1,6,9,5,3,0,0,0,1,0,0,0,51,50–59,902,0
1952,Graduation,Together,83844.0,2013-05-12,57,901,31,345,75.0,31,126.5,1,4,4,11,1,0,0,1,0,0,0,0,63,60+,1574,0
1975,2n Cycle,Married,17003.0,2013-12-09,37,2,5,12,4.0,8,7.0,3,2,0,4,5,0,0,0,0,0,0,0,40,40–49,38,1
1995,Graduation,Single,71163.0,2014-03-09,30,283,17,372,120.5,81,44.0,1,3,8,12,1,0,0,0,0,0,0,0,20,<30,960,0
1970,Graduation,Single,33697.0,2013-09-15,34,4,3,7,0.0,3,11.0,1,1,0,2,7,1,0,0,0,0,0,0,45,40–49,28,1
1954,2n Cycle,Married,63564.0,2014-01-29,0,769,80,252,15.0,34,65.0,1,10,10,7,6,1,0,0,0,0,0,1,61,60+,1215,0
1972,PhD,Together,83443.0,2013-12-31,89,518,42,556,55.0,56,84.0,1,6,10,5,2,0,0,0,0,0,0,0,43,40–49,1497,0
1958,PhD,Together,51518.0,2013-10-03,92,350,8,66,17.0,4,4.0,2,3,2,10,3,0,0,0,0,0,0,0,57,50–59,449,1
1975,Graduation,Widow,58330.0,2013-12-25,87,445,53,213,104.0,81,126.5,1,6,4,13,4,0,0,0,0,0,0,0,40,40–49,1064,1
1969,Graduation,Married,80952.0,2013-02-28,20,778,81,556,41.0,27,44.0,1,8,5,11,8,0,1,1,1,0,0,1,46,40–49,1757,0
1979,Graduation,Together,75507.0,2014-05-02,56,709,81,374,104.0,80,80.0,1,8,6,6,3,0,0,0,0,0,0,0,36,30–39,1440,0
1978,2n Cycle,Together,63855.0,2013-02-09,28,359,35,314,93.0,81,89.0,1,7,3,13,4,0,0,0,0,0,0,0,37,30–39,1006,0
1972,PhD,Together,62220.0,2012-08-11,55,799,12,375,16.0,12,12.0,5,7,6,5,6,0,0,0,0,0,0,1,43,40–49,1226,1
1964,Graduation,Married,58512.0,2013-09-19,25,895,10,101,13.0,0,126.5,5,3,4,8,8,0,0,0,0,0,0,0,51,50–59,1171,1
1979,Master,Married,40662.0,2013-03-15,0,40,2,23,0.0,4,23.0,2,2,1,3,4,0,0,0,0,0,0,0,36,30–39,92,1
1959,PhD,Married,38829.0,2014-04-06,86,76,0,7,0.0,0,16.0,1,3,2,2,5,0,0,0,0,0,0,0,56,50–59,99,1
1981,2n Cycle,Married,35523.0,2013-10-03,8,11,5,22,12.0,5,11.0,2,3,0,3,7,0,0,0,0,0,0,0,34,30–39,66,1
1967,Graduation,Single,79146.0,2014-04-24,33,245,16,223,21.0,43,16.0,2,8,1,8,6,0,0,0,0,0,0,0,48,40–49,564,2
1988,Master,Married,78285.0,2013-10-28,13,647,81,391,120.5,67,40.0,1,6,4,10,3,0,0,0,0,0,0,0,27,<30,1427,0
1978,PhD,Single,31626.0,2013-05-10,12,39,1,9,2.0,1,34.0,1,2,1,2,7,1,0,0,0,0,0,1,37,30–39,86,1
1952,Graduation,Single,75127.0,2014-05-22,92,203,35,305,46.0,17,126.5,1,2,11,5,1,0,0,0,0,0,0,0,63,60+,833,0
1955,Graduation,Married,48726.0,2013-04-27,90,138,3,38,4.0,0,59.0,3,3,2,4,6,0,0,0,0,0,0,0,60,60+,242,1
1977,Graduation,Married,74985.0,2012-09-11,8,587,51,556,120.5,0,86.0,1,3,6,7,2,0,0,0,0,0,0,0,38,30–39,1869,0
1987,Graduation,Together,67430.0,2012-09-05,6,595,81,291,120.5,81,121.0,1,11,5,12,6,0,0,0,0,0,0,0,28,<30,1364,0
1965,2n Cycle,Married,46891.0,2013-09-01,91,43,12,23,29.0,15,61.0,1,2,1,4,4,0,0,0,0,0,0,0,50,50–59,183,1
1956,Master,Married,62058.0,2013-05-26,52,301,7,74,10.0,0,58.0,4,6,1,7,6,0,0,0,0,0,0,0,59,50–59,450,1
1979,Graduation,Married,72063.0,2013-07-03,3,180,32,348,76.0,32,90.0,2,5,2,12,2,0,0,0,0,0,0,0,36,30–39,758,1
1951,PhD,Married,78939.0,2013-12-12,57,794,81,243,120.5,0,126.5,1,8,5,6,3,0,0,0,0,0,0,0,64,60+,1507,0
1965,Graduation,Single,42720.0,2013-04-24,9,392,5,91,28.0,26,112.0,8,7,3,7,8,0,0,0,0,0,0,1,50,50–59,654,2
1972,Graduation,Married,33622.0,2013-04-13,22,39,1,22,3.0,4,12.0,3,2,0,4,7,0,0,0,0,0,0,0,43,40–49,81,2
1957,PhD,Together,6835.0,2012-12-08,76,107,2,12,2.0,2,12.0,0,0,0,1,20,0,0,0,0,0,0,0,58,50–59,137,1
1953,Graduation,Together,41452.0,2013-03-06,86,13,0,3,0.0,0,0.0,1,1,0,2,7,0,0,0,0,0,0,0,62,60+,16,2
1965,PhD,Single,40760.0,2013-08-30,64,70,0,17,0.0,0,6.0,2,2,1,3,6,0,0,0,0,0,0,0,50,50–59,93,1
1958,PhD,Together,74250.0,2014-01-26,90,680,11,392,75.0,0,0.0,1,2,11,4,1,0,0,0,0,0,0,0,57,50–59,1158,0
1955,Master,Single,51124.0,2013-12-18,79,26,1,11,0.0,1,4.0,2,1,0,3,3,0,0,0,0,0,0,0,60,60+,43,2
1971,Graduation,Single,72258.0,2013-09-12,28,522,0,522,120.5,81,126.5,2,6,9,5,2,0,0,0,0,0,0,0,44,40–49,1525,1
1974,PhD,Single,71466.0,2014-04-05,86,412,12,546,78.0,81,0.0,1,4,4,10,1,0,0,0,0,0,0,0,41,40–49,1230,0
1976,Graduation,Together,36283.0,2014-04-14,42,6,5,5,8.0,0,5.0,2,1,0,3,4,0,0,0,0,0,0,0,39,30–39,29,2
1970,Graduation,Single,20587.0,2014-05-11,39,2,3,6,4.0,1,9.0,1,1,1,2,7,0,0,0,0,0,0,0,45,40–49,25,1
1972,Graduation,Married,30467.0,2014-03-19,8,1,3,8,2.0,5,5.0,1,1,0,2,7,0,0,0,0,0,0,0,43,40–49,24,1
1972,Graduation,Together,31590.0,2013-06-18,40,6,2,15,6.0,6,3.0,1,1,0,3,8,0,0,0,0,0,0,0,43,40–49,38,1
1986,Basic,Married,20425.0,2012-10-29,5,4,12,5,3.0,16,17.0,2,2,0,3,7,0,0,0,0,0,0,0,29,<30,57,1
1960,Master,Together,17144.0,2014-02-15,96,18,2,19,0.0,2,6.0,5,3,0,4,7,0,0,0,0,0,0,0,55,50–59,47,2
1968,PhD,Divorced,42564.0,2013-01-02,28,324,48,186,39.0,18,126.5,6,6,8,4,7,1,0,0,0,0,0,1,47,40–49,813,1
1978,Master,Married,43783.0,2014-05-29,22,327,9,125,25.0,4,126.5,6,7,1,8,7,1,0,0,0,0,0,0,37,30–39,629,1
1976,Graduation,Divorced,40780.0,2012-09-08,30,229,27,71,13.0,3,34.0,4,7,1,5,9,0,0,0,0,0,0,0,39,30–39,377,1
1945,Master,Together,62847.0,2013-01-15,45,521,81,556,80.0,76,61.0,1,3,6,4,2,0,0,0,0,0,0,0,70,60+,1612,0
1957,PhD,Married,82017.0,2012-11-07,58,184,23,446,30.0,23,23.0,1,5,4,7,2,0,1,1,1,0,0,1,58,50–59,729,0
1950,Graduation,Single,16813.0,2013-07-19,49,4,8,11,12.0,2,13.0,1,2,0,3,7,1,0,0,0,0,0,0,65,60+,50,0
1978,Graduation,Married,51267.0,2013-10-29,37,183,2,64,7.0,2,12.0,4,3,3,5,4,0,0,0,0,0,0,0,37,30–39,270,2
1961,Graduation,Single,46524.0,2013-04-05,70,31,19,35,26.0,14,52.0,2,1,1,5,3,0,0,0,0,0,0,0,54,50–59,177,1
1962,Master,Single,45183.0,2013-01-20,33,219,3,60,12.0,9,12.0,1,4,1,7,7,0,1,0,0,0,0,0,53,50–59,315,0
1954,PhD,Married,70421.0,2014-06-28,98,479,28,136,75.0,14,35.0,3,10,3,7,6,0,0,0,0,0,0,0,61,60+,767,1
1965,2n Cycle,Divorced,60161.0,2012-10-23,17,584,44,212,46.0,8,126.5,3,11,4,8,8,0,0,0,0,0,0,0,50,50–59,1071,1
1973,Graduation,Together,73926.0,2013-03-02,54,627,81,556,120.5,81,15.0,1,6,5,12,3,0,0,0,0,0,0,0,42,40–49,1580,0
1968,Graduation,Married,19329.0,2013-12-14,39,24,1,16,12.0,2,5.0,3,4,0,3,8,0,0,0,0,0,0,0,47,40–49,60,1
1970,Master,Married,61872.0,2013-12-13,81,330,5,159,36.0,27,16.0,4,4,4,9,4,0,0,0,0,0,0,0,45,40–49,573,1
1956,Graduation,Widow,46984.0,2013-03-26,71,19,1,10,2.0,1,8.0,1,1,0,3,5,0,0,0,0,0,0,0,59,50–59,41,2
1951,Graduation,Married,34838.0,2013-01-19,62,28,23,29,29.0,14,47.0,3,2,1,4,6,0,0,0,0,0,0,0,64,60+,170,2
1944,PhD,Single,82716.0,2013-11-05,8,606,81,228,15.0,81,22.0,1,6,8,13,2,0,0,0,0,0,0,0,71,60+,1167,0
1958,Graduation,Married,48192.0,2013-04-06,76,1039,43,204,120.5,58,29.0,3,2,8,12,8,0,1,0,1,1,0,1,57,50–59,1526,0
1976,Master,Married,49681.0,2013-11-04,66,411,0,26,0.0,0,21.0,6,7,1,7,7,0,0,0,0,0,0,0,39,30–39,458,2
1971,Master,Married,56850.0,2014-03-23,83,34,1,19,2.0,7,0.0,1,1,1,3,2,0,0,0,0,0,0,0,44,40–49,63,1
1957,Graduation,Married,55267.0,2013-10-21,28,161,28,136,32.0,3,45.0,4,3,4,6,3,0,0,0,0,0,0,0,58,50–59,405,1
1972,Graduation,Married,59666.0,2013-03-22,87,623,53,178,23.0,17,126.5,7,3,2,8,8,0,1,0,0,0,0,0,43,40–49,1027,2
1972,Graduation,Single,72504.0,2013-04-06,43,604,26,470,120.5,81,94.0,2,5,9,6,2,0,0,0,0,0,0,0,43,40–49,1478,1
1981,Graduation,Married,26872.0,2013-10-16,0,3,10,8,3.0,16,32.0,1,1,1,2,6,0,0,0,0,0,0,0,34,30–39,72,0
1972,Graduation,Single,21359.0,2013-04-20,1,12,2,17,6.0,1,10.0,2,2,0,3,8,0,0,0,0,0,0,1,43,40–49,48,1
1975,Graduation,Single,73170.0,2014-05-31,1,184,81,256,50.0,30,32.0,1,5,4,6,2,0,0,0,0,0,0,0,40,40–49,726,0
1955,Master,Married,52750.0,2013-02-04,72,393,0,239,90.0,69,69.0,6,5,7,9,4,0,0,0,0,0,0,0,60,60+,860,1
1986,PhD,Together,91820.0,2013-11-23,72,410,73,556,76.0,81,30.0,0,5,5,12,1,0,0,0,0,0,0,0,29,<30,1497,0
1970,PhD,Together,65968.0,2014-05-12,12,376,9,83,19.0,4,4.0,2,5,4,7,3,0,0,0,0,0,0,0,45,40–49,495,1
1976,Graduation,Married,30772.0,2014-03-12,89,7,2,4,2.0,1,4.0,1,1,0,2,6,0,0,0,0,0,0,0,39,30–39,20,2
1954,Graduation,Single,22507.0,2012-11-24,67,68,0,226,51.0,81,68.0,3,10,2,4,9,0,0,0,0,0,0,0,61,60+,570,0
1972,Graduation,Married,65685.0,2014-03-29,54,642,14,49,0.0,7,57.0,1,9,2,9,5,0,0,0,0,0,0,0,43,40–49,769,1
1978,2n Cycle,Married,25804.0,2013-09-01,34,8,7,9,13.0,6,12.0,2,2,0,3,8,0,0,0,0,0,0,0,37,30–39,55,1
1980,PhD,Single,76412.0,2013-05-05,15,840,53,556,23.0,71,17.0,1,5,4,8,3,0,0,1,1,0,0,1,35,30–39,1808,0
1972,Graduation,Married,22063.0,2013-08-08,43,7,10,13,3.0,11,11.0,2,2,0,3,7,0,0,0,0,0,0,0,43,40–49,55,1
1961,Graduation,Single,57091.0,2014-06-15,0,464,5,64,7.0,0,37.0,1,7,3,7,5,0,0,0,0,1,0,1,54,50–59,577,0
1963,Graduation,Married,22419.0,2013-04-18,74,30,3,47,19.0,21,42.0,1,3,2,2,8,0,0,0,0,0,0,0,52,50–59,162,0
1959,Graduation,Together,87771.0,2013-05-22,61,1492,38,287,50.0,57,33.0,1,5,10,4,6,0,1,1,1,1,0,1,56,50–59,1957,1
1959,2n Cycle,Divorced,78353.0,2013-04-16,51,752,81,476,39.0,81,34.0,1,10,2,11,8,0,0,0,0,0,0,0,56,50–59,1576,1
1954,Graduation,Married,93404.0,2013-05-07,97,1279,15,287,20.0,0,15.0,3,3,4,7,5,0,1,1,0,0,0,0,61,60+,1616,3
1962,Graduation,Divorced,37859.0,2013-01-12,75,22,1,8,2.0,1,2.0,2,1,0,3,8,0,0,0,0,0,0,0,53,50–59,36,3
1958,PhD,Widow,80995.0,2013-05-11,83,860,28,409,73.0,56,56.0,1,8,9,4,4,0,0,0,0,0,0,0,57,50–59,1482,1
1984,Graduation,Together,16529.0,2014-03-01,23,3,0,5,13.0,0,1.0,1,1,0,3,6,0,0,0,0,0,0,0,31,30–39,22,1
1976,PhD,Divorced,55412.0,2013-11-22,65,10,5,28,11.0,1,8.0,1,2,0,3,5,0,0,0,0,0,0,0,39,30–39,63,2
1992,Graduation,Single,48789.0,2012-09-10,94,351,16,156,7.0,5,126.5,1,6,4,7,6,0,0,0,0,0,0,0,23,<30,680,0
1967,PhD,Together,56575.0,2013-05-05,42,421,5,90,0.0,16,10.0,3,7,3,7,5,0,0,0,0,0,0,0,48,40–49,542,2
1980,2n Cycle,Together,25130.0,2013-10-02,10,2,5,7,0.0,18,18.0,2,2,0,3,7,0,0,0,0,0,0,0,35,30–39,50,1
1967,Graduation,Married,35441.0,2013-02-14,94,25,1,9,2.0,1,1.0,2,1,0,3,8,0,0,0,0,0,0,0,48,40–49,39,2
1956,Graduation,Married,71391.0,2013-03-29,50,336,81,274,46.0,81,126.5,5,6,5,12,3,0,0,0,0,0,0,0,59,50–59,1043,1
1972,Master,Single,49494.0,2013-04-25,46,191,9,97,0.0,6,82.0,2,6,1,5,7,0,0,0,0,0,0,0,43,40–49,385,1
1980,Graduation,Divorced,81702.0,2012-09-23,98,563,50,556,28.0,31,126.5,1,7,7,12,3,0,0,0,0,0,0,0,35,30–39,1633,0
1980,2n Cycle,Single,45889.0,2013-07-02,42,31,0,6,0.0,1,8.0,1,1,0,3,6,0,0,0,0,0,0,0,35,30–39,46,1
1977,Graduation,Single,56628.0,2014-03-21,30,479,5,82,7.0,17,126.5,2,7,6,5,5,1,0,0,0,0,0,0,38,30–39,761,1
1950,Graduation,Together,34026.0,2013-08-05,11,18,6,15,12.0,8,17.0,3,2,1,3,5,0,0,0,0,0,0,0,65,60+,76,2
1974,Graduation,Married,40049.0,2012-11-29,61,91,65,52,10.0,44,28.0,3,3,2,6,5,0,0,0,0,0,0,0,41,40–49,290,1
1988,Graduation,Single,34176.0,2014-05-12,12,5,7,24,19.0,14,20.0,4,3,0,4,6,0,0,0,0,0,0,0,27,<30,89,1
1981,Graduation,Married,19419.0,2012-11-10,76,2,14,28,16.0,3,7.0,4,4,0,3,9,0,0,0,0,0,0,0,34,30–39,70,1
1960,2n Cycle,Married,82504.0,2013-07-27,2,362,50,431,120.5,35,54.0,1,3,6,7,1,0,0,0,0,0,0,0,55,50–59,1066,0
1970,Graduation,Together,81205.0,2014-01-13,43,724,74,556,97.0,55,126.5,1,5,6,7,2,1,0,1,0,1,0,1,45,40–49,2009,0
1991,2n Cycle,Single,61618.0,2012-09-29,27,605,81,399,0.0,45,126.5,2,3,6,8,3,0,0,0,0,0,0,0,24,<30,1345,0
1956,Master,Single,55284.0,2012-12-24,60,547,7,140,0.0,7,63.0,3,7,5,8,5,0,0,0,0,0,0,0,59,50–59,764,1
1963,Graduation,Single,49980.0,2013-10-23,79,104,1,54,13.0,9,14.0,2,3,1,5,5,0,0,0,0,0,0,0,52,50–59,195,1
1980,Graduation,Married,15072.0,2013-05-10,96,8,2,15,0.0,10,18.0,4,3,1,3,5,0,0,0,0,0,0,0,35,30–39,53,2
1974,Graduation,Single,49166.0,2013-06-13,17,224,2,25,7.0,0,110.0,2,5,3,3,6,0,0,0,0,0,0,0,41,40–49,368,1
1954,PhD,Married,65324.0,2014-01-11,0,384,0,102,21.0,32,5.0,3,6,2,9,4,0,0,0,0,0,0,0,61,60+,544,1
1957,2n Cycle,Married,82347.0,2012-11-06,38,556,54,556,120.5,81,63.0,1,7,7,10,3,1,0,0,1,0,0,0,58,50–59,1853,0
1966,PhD,Together,30843.0,2014-05-26,43,24,0,2,0.0,0,9.0,2,1,1,2,5,1,0,0,0,0,0,0,49,40–49,35,2
1974,PhD,Married,46374.0,2014-03-17,1,408,0,21,0.0,0,17.0,3,7,1,7,8,0,1,0,1,0,0,1,41,40–49,446,1
1979,Graduation,Single,60474.0,2013-04-01,25,265,81,303,120.5,9,126.5,7,10,2,12,7,0,0,0,0,0,0,0,36,30–39,1180,1
1973,Master,Married,38576.0,2014-03-04,2,34,0,7,0.0,0,0.0,1,1,0,3,7,0,0,0,0,0,0,0,42,40–49,41,1
1985,Graduation,Married,55357.0,2013-02-19,66,374,64,116,84.0,25,64.0,3,6,2,11,5,0,0,0,0,0,0,0,30,30–39,727,2
1966,Graduation,Together,37758.0,2012-10-04,49,27,2,10,0.0,0,1.0,2,1,0,3,8,0,0,0,0,0,0,0,49,40–49,40,2
1989,2n Cycle,Married,85710.0,2013-05-05,5,600,20,350,29.0,30,33.0,1,6,9,10,2,0,0,1,0,0,0,0,26,<30,1062,0
1969,Graduation,Together,23228.0,2014-01-26,71,13,2,18,6.0,1,0.0,2,2,0,3,8,0,0,0,0,0,0,0,46,40–49,40,1
1969,Master,Together,44602.0,2014-02-15,35,167,2,89,0.0,0,34.0,6,6,1,4,8,0,0,0,0,0,0,0,46,40–49,292,2
1987,Graduation,Married,7500.0,2013-01-09,94,0,2,3,4.0,1,5.0,1,0,0,3,6,0,0,0,0,0,0,0,28,<30,15,0
1989,2n Cycle,Together,38683.0,2012-10-04,80,46,35,69,84.0,41,66.0,6,4,1,6,7,0,0,0,0,0,0,0,26,<30,341,1
1975,2n Cycle,Single,49514.0,2013-12-17,61,88,39,78,58.0,13,93.0,2,6,1,4,7,0,0,0,0,0,0,0,40,40–49,369,1
1973,PhD,Together,57906.0,2013-06-11,29,243,11,119,10.0,3,15.0,3,4,2,8,4,0,0,0,0,0,0,0,42,40–49,401,1
1966,Master,Single,43456.0,2013-03-26,0,275,11,68,25.0,7,7.0,3,5,1,8,5,0,0,0,0,0,0,0,49,40–49,393,1
1986,Master,Single,19485.0,2013-09-24,80,6,0,4,0.0,0,0.0,1,1,0,2,7,0,0,0,0,0,0,0,29,<30,10,2
1978,Graduation,Together,53172.0,2013-05-06,54,121,62,90,68.0,20,125.0,3,2,3,8,3,0,0,0,0,0,0,0,37,30–39,486,1
1979,Graduation,Together,30545.0,2012-10-17,71,4,12,15,19.0,7,12.0,2,2,0,3,7,0,0,0,0,0,0,0,36,30–39,69,1
1983,PhD,Together,70123.0,2013-09-28,27,1308,0,396,23.0,0,0.0,1,5,7,4,3,0,1,0,0,1,0,0,32,30–39,1727,0
1959,Graduation,Single,62450.0,2014-01-06,61,515,47,267,62.0,66,38.0,2,5,5,4,3,0,1,0,0,0,0,0,56,50–59,995,1
1976,Graduation,Together,21675.0,2014-06-11,55,4,0,16,17.0,4,4.0,3,4,0,3,7,0,0,0,0,0,0,0,39,30–39,45,1
1981,2n Cycle,Single,42395.0,2014-04-04,35,48,13,57,24.0,15,25.0,4,3,1,4,7,0,0,0,0,0,0,0,34,30–39,182,2
1978,Master,Together,61346.0,2013-10-06,34,562,58,168,43.0,16,126.5,1,5,7,10,3,0,0,0,0,0,0,0,37,30–39,989,1
1953,Graduation,Together,80812.0,2013-09-17,95,769,22,500,120.5,81,33.0,1,4,8,5,2,1,0,1,1,0,0,0,62,60+,1677,0
1971,Master,Divorced,42835.0,2013-06-30,64,379,4,93,12.0,9,98.0,7,6,6,4,6,0,0,0,0,0,0,0,44,40–49,595,2
1983,Graduation,Married,39922.0,2013-02-14,30,29,12,59,19.0,1,36.0,2,3,0,4,8,0,0,0,0,0,0,0,32,30–39,156,1
1956,Master,Single,86424.0,2014-04-05,12,387,68,556,89.0,45,68.0,1,6,9,12,1,0,0,0,0,0,0,0,59,50–59,1226,0
1978,2n Cycle,Together,17117.0,2013-01-17,96,12,23,38,30.0,18,7.0,4,3,1,3,9,0,0,0,0,0,0,0,37,30–39,128,1
1972,Graduation,Single,24762.0,2014-02-10,16,6,10,12,3.0,15,40.0,3,3,1,2,8,1,0,0,0,0,0,1,43,40–49,86,1
1975,Graduation,Married,35797.0,2012-10-16,16,27,1,14,4.0,1,21.0,2,2,0,3,8,0,0,0,0,0,0,0,40,40–49,68,1
1975,Graduation,Divorced,36627.0,2013-07-23,78,9,1,5,0.0,0,1.0,1,0,0,3,5,0,0,0,0,0,0,0,40,40–49,16,2
1981,2n Cycle,Married,51111.0,2014-06-19,83,22,0,19,6.0,5,3.0,2,2,0,3,6,0,0,0,0,0,0,0,34,30–39,55,2
1972,PhD,Single,86857.0,2012-09-12,96,899,81,556,120.5,81,40.0,1,5,6,10,2,0,0,0,0,0,0,1,43,40–49,2114,0
1970,PhD,Together,82072.0,2013-07-02,67,889,55,556,120.5,81,126.5,1,3,2,13,1,0,0,0,0,0,0,0,45,40–49,2018,0
1953,PhD,Single,46231.0,2012-11-26,87,189,2,55,0.0,5,12.0,4,6,1,4,9,0,0,0,0,0,0,0,62,60+,263,3
1959,Graduation,Married,42243.0,2013-12-11,34,48,0,2,0.0,0,5.0,2,2,0,3,7,0,0,0,0,0,0,0,56,50–59,55,2
1962,Graduation,Together,51195.0,2013-04-01,46,230,14,156,82.0,24,58.0,8,9,2,5,8,0,0,0,0,0,0,0,53,50–59,564,2
1978,Master,Single,68092.0,2013-12-16,7,852,60,207,78.0,36,48.0,2,2,6,10,5,0,0,0,0,0,0,0,37,30–39,1281,0
1973,Graduation,Married,31814.0,2013-02-09,73,35,3,20,4.0,1,20.0,2,2,0,3,9,1,0,0,0,0,0,0,42,40–49,83,1
1965,Master,Widow,51390.0,2012-09-08,54,205,20,47,23.0,2,56.0,6,5,2,5,5,0,0,0,0,0,0,0,50,50–59,353,2
1983,Graduation,Married,76630.0,2014-01-14,93,255,31,446,40.0,56,126.5,1,3,10,11,1,0,0,0,0,0,0,0,32,30–39,1003,0
1991,Basic,Single,26868.0,2014-04-30,52,0,0,1,8.0,3,2.0,1,1,0,2,7,0,0,0,0,0,0,0,24,<30,14,1
1943,PhD,Divorced,48948.0,2013-02-01,53,437,8,206,120.5,49,42.0,2,7,10,5,6,1,0,0,0,0,0,1,72,60+,902,0
1972,PhD,Single,55260.0,2012-12-12,81,825,8,53,11.0,0,126.5,2,8,10,5,6,0,0,0,0,0,0,0,43,40–49,1139,1
1956,Graduation,Together,64090.0,2013-08-07,8,316,58,161,76.0,51,126.5,1,6,9,4,5,0,0,0,0,0,0,1,59,50–59,797,1
1958,Graduation,Divorced,78331.0,2014-01-23,97,756,81,354,120.5,81,61.0,2,10,6,7,4,0,0,0,0,0,0,0,57,50–59,1638,1
1974,PhD,Married,37087.0,2013-08-11,50,194,55,134,15.0,0,3.0,3,4,2,8,6,0,0,0,0,0,0,0,41,40–49,401,1
1986,Graduation,Divorced,21846.0,2013-10-22,38,7,17,18,6.0,10,26.0,4,4,0,3,8,0,0,0,0,0,0,0,29,<30,84,1
1958,Graduation,Married,81320.0,2013-02-06,61,183,33,493,59.0,81,57.0,1,4,3,10,2,0,0,0,0,0,0,0,57,50–59,928,0
1970,Graduation,Divorced,54137.0,2013-08-16,46,171,0,11,0.0,1,20.0,2,4,1,4,6,0,0,0,0,0,0,0,45,40–49,203,1
1967,Graduation,Together,66825.0,2013-07-14,73,243,81,405,29.0,40,40.0,1,4,5,6,2,0,0,0,0,0,0,0,48,40–49,858,0
1973,Graduation,Together,57100.0,2013-12-04,19,181,21,69,39.0,3,96.0,1,3,3,6,3,0,0,0,0,0,0,0,42,40–49,409,0
1969,Graduation,Together,58917.0,2013-03-24,10,151,7,89,0.0,7,28.0,5,4,1,6,5,0,0,0,0,0,0,0,46,40–49,282,3
1977,Graduation,Single,85072.0,2014-04-09,94,494,81,391,120.5,11,126.5,1,3,4,10,0,0,0,0,0,0,0,0,38,30–39,1423,0
1961,Graduation,Single,86429.0,2013-11-21,10,464,28,556,29.0,18,37.0,0,7,4,7,2,0,0,0,1,0,0,1,54,50–59,1449,0
1971,Graduation,Widow,45684.0,2013-12-02,37,5,1,5,10.0,0,7.0,1,1,0,2,7,0,0,0,0,0,0,0,44,40–49,28,1
1974,Graduation,Together,47889.0,2014-01-04,94,29,0,29,0.0,5,4.0,1,2,0,3,5,0,0,0,0,0,0,0,41,40–49,67,1
1986,PhD,Married,45921.0,2014-03-10,23,102,9,49,24.0,3,12.0,1,2,1,6,4,0,0,0,0,0,0,0,29,<30,199,0
1966,PhD,Single,78420.0,2013-06-29,75,604,28,556,91.0,28,28.0,1,3,10,8,1,0,0,0,0,0,0,0,49,40–49,1453,0
1992,Graduation,Together,75114.0,2013-11-07,40,571,12,523,63.0,60,24.0,1,3,10,5,2,0,0,0,0,0,0,0,23,<30,1253,0
1963,PhD,Widow,52278.0,2013-01-25,24,953,0,71,0.0,0,126.5,6,10,5,10,8,0,0,0,0,0,0,1,52,50–59,1198,1
1972,Master,Married,35641.0,2013-07-14,11,63,3,67,8.0,9,28.0,2,3,1,4,7,0,0,0,0,0,0,1,43,40–49,178,1
1994,Graduation,Single,95529.0,2012-12-03,29,770,29,556,120.5,27,24.0,1,7,3,7,3,0,0,1,0,0,0,1,21,<30,1990,0
1954,Graduation,Married,62820.0,2013-05-11,51,398,61,265,120.5,61,53.0,1,3,4,6,1,0,0,0,0,0,0,0,61,60+,976,0
1960,Master,Together,73113.0,2013-12-26,86,741,19,154,50.0,9,28.0,1,3,4,7,2,0,0,0,0,0,0,0,55,50–59,1001,0
1982,PhD,Married,84169.0,2013-08-07,9,1478,19,403,0.0,19,0.0,1,7,6,6,3,0,1,1,0,0,0,1,33,30–39,1919,0
1954,2n Cycle,Single,42607.0,2013-11-17,30,156,29,56,30.0,32,47.0,2,3,2,7,3,0,0,0,0,0,0,0,61,60+,350,1
1954,PhD,Single,74637.0,2013-05-18,73,960,64,464,120.5,0,16.0,1,6,9,9,3,0,0,0,1,0,0,0,61,60+,1650,0
1955,PhD,Together,46015.0,2014-04-13,25,38,0,2,0.0,0,6.0,1,1,0,3,7,1,0,0,0,1,0,0,60,60+,46,2
1993,Graduation,Single,72354.0,2013-04-17,67,315,26,473,120.5,12,126.5,1,2,10,6,1,0,0,0,0,0,0,0,22,<30,1228,0
1969,Master,Single,39858.0,2013-01-24,67,15,20,25,2.0,7,26.0,1,2,0,4,6,0,0,0,0,0,0,1,46,40–49,95,1
1948,PhD,Married,34469.0,2014-05-04,58,19,6,20,0.0,5,12.0,3,1,1,4,4,0,0,0,0,0,0,0,67,60+,62,2
1986,Graduation,Together,83033.0,2014-05-18,82,812,81,431,120.5,81,33.0,1,11,4,10,5,0,0,0,1,0,0,0,29,<30,1761,1
1979,Master,Together,24401.0,2012-08-31,98,73,28,217,10.0,24,115.0,3,6,1,6,8,0,0,0,0,0,0,0,36,30–39,467,0
1978,Graduation,Married,77583.0,2014-02-10,93,372,23,384,120.5,12,108.0,1,4,5,9,2,0,0,0,1,0,0,0,37,30–39,1149,0
1982,2n Cycle,Single,74116.0,2013-12-30,53,871,81,556,120.5,55,126.5,1,4,4,10,2,0,1,0,0,0,0,0,33,30–39,2052,0
1993,Graduation,Single,74293.0,2014-05-04,66,375,81,335,93.0,81,81.0,1,5,4,6,2,0,0,0,0,0,0,0,22,<30,1127,0
1976,PhD,Married,68397.0,2013-11-17,6,760,80,466,17.0,13,80.0,1,6,9,5,3,0,0,0,0,0,0,0,39,30–39,1416,1
1974,PhD,Together,79632.0,2014-04-08,42,471,0,510,99.0,21,12.0,1,6,4,9,2,0,0,0,0,0,0,0,41,40–49,1113,0
1989,Graduation,Single,46107.0,2014-02-10,78,31,9,27,16.0,9,33.0,1,1,1,4,3,0,0,0,0,0,0,0,26,<30,125,1
1951,PhD,Single,64950.0,2012-08-12,29,819,0,72,12.0,0,63.0,2,11,2,10,7,0,1,0,0,0,0,0,64,60+,966,1
1989,Basic,Married,25443.0,2012-12-22,82,1,4,3,8.0,9,7.0,1,1,0,3,8,0,0,0,0,0,0,0,26,<30,32,1
1952,Graduation,Single,75127.0,2014-05-22,92,203,35,305,46.0,17,126.5,1,2,11,5,1,0,0,0,0,0,0,0,63,60+,833,0
1971,PhD,Together,32892.0,2014-05-25,78,26,0,15,2.0,1,2.0,2,3,0,3,8,0,0,0,0,0,0,0,44,40–49,46,1
1971,Graduation,Together,71796.0,2013-10-24,54,354,21,311,120.5,75,32.0,1,9,3,4,4,0,0,0,0,0,0,0,44,40–49,960,0
1970,PhD,Married,67536.0,2013-05-22,45,1253,0,447,23.0,71,35.0,3,11,5,11,8,0,0,0,1,0,0,0,45,40–49,1829,1
1971,Graduation,Single,55239.0,2013-07-14,59,371,17,238,23.0,24,106.0,3,7,5,11,5,0,0,0,0,0,0,0,44,40–49,779,1
1975,PhD,Divorced,60554.0,2013-08-09,8,588,7,76,110.0,15,15.0,2,8,4,9,6,0,0,0,0,0,0,0,40,40–49,811,1
1952,2n Cycle,Single,64831.0,2013-06-10,51,480,81,249,75.0,81,126.5,8,6,3,5,6,0,0,0,0,0,0,0,63,60+,1120,2
1962,PhD,Together,56067.0,2013-07-20,51,517,12,54,16.0,6,120.0,2,7,4,7,5,0,0,0,0,0,0,0,53,50–59,725,1
1983,Graduation,Divorced,82025.0,2013-05-28,76,267,81,556,48.0,70,98.0,1,3,2,6,1,0,0,1,0,0,0,1,32,30–39,1187,0
1953,Graduation,Together,94384.0,2013-03-04,62,1111,24,556,120.5,45,126.5,0,5,8,5,2,0,1,1,1,0,0,1,62,60+,2302,0
1986,Basic,Single,14906.0,2012-12-22,86,7,7,14,7.0,16,15.0,3,2,1,3,7,0,0,0,0,0,0,0,29,<30,66,0
1987,PhD,Married,51563.0,2012-10-01,60,1166,0,48,0.0,0,36.0,1,4,4,10,8,0,1,1,0,0,0,0,28,<30,1250,0
1982,2n Cycle,Married,57937.0,2014-02-16,56,261,42,144,55.0,48,126.5,3,4,4,9,3,0,0,0,0,0,0,0,33,30–39,683,1
1979,Graduation,Divorced,68274.0,2013-09-30,83,135,25,51,23.0,25,46.0,2,4,2,5,3,0,0,0,0,0,0,0,36,30–39,305,2
1977,Graduation,Together,39771.0,2013-12-06,92,6,2,18,2.0,8,14.0,1,2,0,3,4,0,0,0,0,0,0,0,38,30–39,50,1
1975,2n Cycle,Divorced,67893.0,2012-10-01,31,711,28,142,49.0,18,47.0,2,3,2,9,8,0,0,0,0,0,0,0,40,40–49,995,1
1979,PhD,Together,27922.0,2014-05-10,80,11,0,13,2.0,4,11.0,1,2,0,3,4,0,0,0,0,0,0,0,36,30–39,41,1
1976,PhD,Together,52190.0,2014-05-08,39,42,0,17,0.0,0,18.0,3,2,1,3,5,1,0,0,0,0,0,0,39,30–39,77,2
1973,Master,Divorced,44051.0,2013-01-29,20,79,7,58,6.0,3,18.0,4,3,1,4,6,0,0,0,0,0,0,1,42,40–49,171,2
1971,PhD,Single,42767.0,2013-05-11,53,20,6,43,19.0,5,38.0,1,3,1,2,8,0,0,0,0,0,0,0,44,40–49,131,2
1976,Master,Together,46106.0,2014-05-11,84,30,0,8,2.0,0,14.0,1,1,1,2,6,0,0,0,0,0,0,0,39,30–39,54,2
1976,PhD,Married,16927.0,2013-02-10,50,20,2,23,3.0,1,4.0,5,3,0,4,8,0,0,0,0,0,0,0,39,30–39,53,2
1965,Graduation,Married,59754.0,2012-12-01,96,115,27,44,4.0,81,126.5,3,5,2,6,5,0,0,0,0,0,0,1,50,50–59,475,1
1952,Graduation,Single,53700.0,2012-08-17,94,263,5,233,69.0,41,83.0,4,5,5,8,5,0,0,0,0,0,0,0,63,60+,694,1
1973,Graduation,Married,59041.0,2014-05-07,25,69,2,15,2.0,2,6.0,2,2,0,4,5,0,0,0,0,0,0,0,42,40–49,96,2
1957,PhD,Divorced,54237.0,2013-04-27,48,267,3,30,4.0,0,57.0,4,5,2,5,6,0,0,0,0,0,0,0,58,50–59,361,1
1967,Graduation,Divorced,70647.0,2012-09-21,65,561,81,171,25.0,81,114.0,2,4,7,13,2,0,0,0,0,0,0,0,48,40–49,1079,1
1962,PhD,Single,52597.0,2014-05-07,69,492,0,37,7.0,0,42.0,3,6,3,8,5,0,0,0,0,0,0,0,53,50–59,578,1
1969,Master,Together,41021.0,2012-12-30,12,14,7,9,6.0,16,12.0,2,2,0,3,6,0,0,0,0,0,0,1,46,40–49,64,1
1975,PhD,Married,40233.0,2013-10-14,84,80,4,46,0.0,17,2.0,5,2,1,5,6,0,0,0,0,0,0,0,40,40–49,149,1
1980,Graduation,Married,50183.0,2014-06-25,47,97,12,84,13.0,10,15.0,7,3,1,6,5,0,0,0,0,0,0,0,35,30–39,231,2
1959,Graduation,Together,54753.0,2013-09-12,87,197,81,227,7.0,59,126.5,3,5,2,11,4,0,0,0,0,0,0,0,56,50–59,728,1
1973,Graduation,Married,92955.0,2013-08-19,35,693,21,556,31.0,24,84.0,1,6,7,9,2,0,0,1,1,0,0,1,42,40–49,1778,0
1973,Graduation,Married,33471.0,2012-10-12,47,43,2,27,0.0,9,12.0,3,3,0,4,7,0,0,0,0,0,0,0,42,40–49,93,1
1974,PhD,Married,34596.0,2013-04-13,48,14,0,2,0.0,0,7.0,1,1,0,2,8,0,0,0,0,0,0,1,41,40–49,23,1
1980,Graduation,Together,44010.0,2012-10-13,46,186,36,234,86.0,72,48.0,6,10,2,6,9,0,0,0,0,0,0,0,35,30–39,662,1
1988,Graduation,Married,84219.0,2014-02-02,27,434,81,400,45.0,81,45.0,1,3,4,10,1,0,0,0,0,0,0,0,27,<30,1198,0
1968,PhD,Together,40706.0,2013-01-17,37,59,0,11,4.0,2,5.0,4,3,0,4,7,0,0,0,0,0,0,0,47,40–49,81,3
1988,2n Cycle,Married,15716.0,2012-11-12,8,16,5,30,8.0,7,26.0,3,3,0,4,8,0,0,0,0,0,1,0,27,<30,92,1
1959,2n Cycle,Divorced,59052.0,2013-11-17,29,230,35,75,63.0,57,31.0,3,7,1,7,5,0,0,0,0,0,0,0,56,50–59,491,1
1971,Master,Together,80573.0,2012-10-14,85,829,81,430,60.0,81,15.0,1,4,6,13,2,0,0,0,0,0,0,0,44,40–49,1564,0
1962,Graduation,Married,83715.0,2014-02-03,2,318,8,407,120.5,35,8.0,1,2,8,13,0,0,0,0,0,0,0,0,53,50–59,926,0
1959,Master,Together,82576.0,2012-08-01,66,1206,55,445,120.5,18,18.0,1,2,4,12,1,0,0,1,0,0,0,0,56,50–59,1910,0
1965,Master,Married,56962.0,2013-10-11,60,292,3,77,10.0,3,26.0,7,6,3,5,7,0,0,0,0,0,0,0,50,50–59,411,3
1952,Graduation,Married,35704.0,2014-01-03,54,30,9,12,2.0,11,30.0,3,2,0,4,4,0,0,0,0,0,0,0,63,60+,94,2
1954,Graduation,Together,53103.0,2013-09-12,70,729,17,133,11.0,0,126.5,5,10,6,7,7,1,0,0,0,0,0,0,61,60+,1085,1
1960,2n Cycle,Widow,46779.0,2013-07-12,55,12,1,3,0.0,0,7.0,1,0,1,2,4,0,0,0,0,0,0,0,55,50–59,23,2
1965,Graduation,Divorced,4861.0,2014-06-22,20,2,1,1,1.0,0,1.0,0,0,0,0,14,0,0,0,0,0,0,0,50,50–59,6,0
1979,Master,Divorced,33462.0,2013-08-07,78,22,3,18,0.0,0,11.0,1,2,0,3,7,0,0,0,0,0,0,0,36,30–39,54,1
1978,Graduation,Divorced,63693.0,2013-10-14,63,587,43,337,42.0,81,54.0,3,11,6,9,6,0,0,0,0,0,0,0,37,30–39,1150,1
1950,Graduation,Married,80763.0,2013-08-15,17,674,81,108,120.5,42,126.5,1,5,11,6,3,0,0,1,1,0,0,1,65,60+,1415,0
1974,PhD,Married,65352.0,2013-08-21,43,284,3,84,4.0,7,23.0,2,4,2,8,4,0,0,0,0,0,0,0,41,40–49,405,1
1978,PhD,Married,82170.0,2013-11-25,13,1023,81,556,49.0,55,37.0,1,5,6,7,2,0,0,0,0,0,0,0,37,30–39,1908,0
1969,Graduation,Married,75759.0,2013-10-25,46,1394,22,556,89.0,81,126.5,1,9,7,9,5,1,0,1,1,0,0,1,46,40–49,2486,0
1976,2n Cycle,Single,79689.0,2013-05-12,65,311,26,556,120.5,37,121.0,1,4,9,13,2,0,0,0,0,0,0,0,39,30–39,1315,0
1956,PhD,Widow,35340.0,2014-06-29,1,27,0,12,0.0,1,5.0,2,2,0,3,5,0,0,0,0,0,0,0,59,50–59,45,2
1954,Graduation,Divorced,85683.0,2014-03-21,6,1296,17,311,45.0,69,51.0,1,2,4,10,1,0,1,1,1,1,0,1,61,60+,1789,0
1972,2n Cycle,Married,24884.0,2012-11-29,32,3,6,7,0.0,0,3.0,1,0,0,3,7,0,0,0,0,0,0,0,43,40–49,19,1
1981,Master,Together,42021.0,2012-08-31,34,393,5,136,7.0,5,27.0,5,10,1,6,9,1,0,0,0,0,0,0,34,30–39,573,1
1989,Graduation,Single,64449.0,2014-02-18,70,218,63,282,120.5,35,70.0,4,5,3,12,4,0,0,0,0,0,0,0,26,<30,805,1
1954,Graduation,Divorced,64587.0,2014-06-22,49,66,0,16,0.0,6,20.0,2,1,1,4,3,0,0,0,0,0,0,0,61,60+,108,2
1995,Graduation,Single,34824.0,2014-03-26,65,4,2,11,2.0,0,4.0,1,1,0,2,6,0,0,0,0,0,0,0,20,<30,23,0
1978,Graduation,Together,75437.0,2013-11-09,25,795,0,545,95.0,58,0.0,1,8,4,10,6,0,0,0,1,0,0,0,37,30–39,1493,0
1957,Graduation,Together,26091.0,2014-02-25,84,15,10,19,8.0,17,20.0,3,2,1,3,5,0,0,0,0,0,0,0,58,50–59,89,2
1973,Graduation,Married,52845.0,2013-08-13,7,384,25,292,120.5,41,64.0,3,8,8,6,6,1,0,0,0,0,0,0,42,40–49,936,1
1956,Graduation,Divorced,46086.0,2013-11-03,34,244,8,32,7.0,2,50.0,4,3,1,8,4,0,0,0,0,0,0,0,59,50–59,343,1
1956,PhD,Widow,78028.0,2012-09-10,38,158,19,288,25.0,0,38.0,1,6,4,9,7,0,1,1,0,0,0,1,59,50–59,528,1
1987,PhD,Single,95169.0,2013-10-09,1,1285,21,449,106.0,20,20.0,1,4,3,4,1,0,0,1,1,0,0,1,28,<30,1901,0
1981,2n Cycle,Married,56337.0,2013-03-27,25,349,16,144,28.0,5,126.5,5,8,5,4,8,1,0,0,1,0,0,1,34,30–39,724,2
1987,Graduation,Together,22434.0,2013-02-13,25,4,12,11,3.0,13,15.0,2,2,0,3,8,0,0,0,0,0,0,0,28,<30,58,1
1954,PhD,Married,36930.0,2013-05-17,50,223,2,31,0.0,2,39.0,5,5,2,4,8,0,0,0,0,0,0,0,61,60+,297,1
1954,Graduation,Single,36130.0,2013-02-02,46,157,43,127,68.0,56,37.0,6,3,8,4,4,1,0,0,0,0,0,1,61,60+,488,1
1953,Master,Married,65569.0,2012-11-05,96,397,46,288,20.0,38,70.0,2,6,5,10,3,0,0,0,0,0,0,0,62,60+,859,1
1952,Graduation,Together,83844.0,2013-05-12,57,901,31,345,75.0,31,126.5,1,4,4,11,1,0,0,1,0,0,0,0,63,60+,1574,0
1968,Graduation,Married,19514.0,2014-01-26,47,14,3,21,2.0,1,28.0,4,3,1,2,8,1,0,0,0,0,0,0,47,40–49,69,2
1963,PhD,Single,36736.0,2013-05-10,52,10,0,3,0.0,0,4.0,1,1,0,2,6,0,0,0,0,0,0,0,52,50–59,17,2
1979,Graduation,Together,77568.0,2012-08-25,30,1230,0,396,120.5,81,126.5,1,10,2,8,5,0,1,1,1,0,0,0,36,30–39,2194,1
1976,PhD,Together,49187.0,2014-01-11,63,81,1,31,2.0,1,0.0,1,1,1,5,2,0,0,0,0,0,0,0,39,30–39,116,1
1978,Graduation,Single,30168.0,2013-03-07,51,154,20,66,0.0,12,27.0,7,6,1,4,9,0,0,0,0,0,0,0,37,30–39,279,1
1968,Master,Together,34053.0,2012-09-10,14,63,0,21,7.0,0,12.0,1,3,0,3,8,0,0,0,0,0,0,0,47,40–49,103,1
1971,Master,Married,38196.0,2014-04-18,20,30,0,11,0.0,0,3.0,3,2,0,4,5,0,0,0,0,0,0,0,44,40–49,44,2
1951,Master,Married,59412.0,2014-04-19,56,90,67,165,30.0,43,11.0,1,4,2,8,3,0,0,0,0,0,0,0,64,60+,406,0
1965,2n Cycle,Married,70924.0,2014-04-07,41,635,81,254,120.5,81,76.0,1,6,6,7,3,0,0,1,0,0,0,0,50,50–59,1363,0
1969,Graduation,Together,54165.0,2013-05-28,72,127,4,73,15.0,6,11.0,1,2,1,7,2,0,0,0,0,0,0,0,46,40–49,236,0
1973,Graduation,Married,32300.0,2013-01-03,1,13,3,6,6.0,5,6.0,1,1,0,3,8,0,0,0,0,0,0,0,42,40–49,39,1
1976,Graduation,Single,20180.0,2013-02-20,27,18,42,24,15.0,20,18.0,1,2,1,4,7,0,0,0,0,0,0,0,39,30–39,137,0
1973,Graduation,Married,34961.0,2014-06-19,77,45,2,26,4.0,1,1.0,3,3,1,3,7,0,0,0,0,0,0,0,42,40–49,79,1
1974,PhD,Together,28440.0,2013-07-07,87,38,1,24,0.0,0,0.0,1,2,0,3,8,0,0,0,0,0,0,0,41,40–49,63,1
1953,PhD,Together,64504.0,2013-03-04,81,986,36,168,16.0,0,108.0,7,11,3,4,7,0,0,0,0,0,0,1,62,60+,1314,3
1966,Master,Together,33564.0,2014-06-24,51,61,0,3,0.0,0,7.0,1,1,1,3,5,0,0,0,0,0,0,0,49,40–49,71,1
1978,Graduation,Married,17345.0,2012-11-03,79,4,9,16,17.0,0,12.0,2,2,1,2,8,0,0,0,0,0,0,0,37,30–39,58,1
1967,PhD,Married,56320.0,2013-04-08,11,201,53,172,116.0,77,83.0,3,5,4,9,4,0,0,0,0,0,0,0,48,40–49,702,1
1978,Graduation,Single,28647.0,2013-08-21,54,19,8,29,0.0,12,26.0,1,2,2,2,7,1,0,0,0,0,0,1,37,30–39,94,1
1987,Basic,Single,15038.0,2013-01-29,93,4,8,11,19.0,12,26.0,2,2,1,2,9,0,0,0,0,0,0,0,28,<30,80,1
1958,PhD,Divorced,32173.0,2013-08-01,0,18,0,2,0.0,0,2.0,1,1,0,3,4,0,0,0,0,0,0,0,57,50–59,22,1
1964,2n Cycle,Together,68316.0,2012-11-04,54,806,80,161,120.0,11,33.0,5,10,7,10,6,0,0,0,0,0,0,0,51,50–59,1211,1
1971,Graduation,Together,74538.0,2013-06-29,21,380,81,556,110.0,81,28.0,1,8,8,5,3,0,0,1,0,0,0,1,44,40–49,1461,0
1971,Graduation,Single,91700.0,2013-01-17,58,576,81,556,120.5,81,19.0,1,8,6,5,3,0,0,0,0,0,0,1,44,40–49,1968,0
1969,Graduation,Together,68695.0,2014-06-25,3,458,81,356,106.0,50,40.0,1,4,4,7,2,0,0,0,0,0,0,0,46,40–49,1091,0
1977,2n Cycle,Married,31056.0,2013-01-22,99,5,10,13,3.0,8,16.0,1,1,0,3,8,0,0,0,0,0,0,0,38,30–39,55,1
1973,Graduation,Married,79593.0,2014-05-12,70,350,60,556,110.0,81,126.5,1,5,6,7,2,0,0,1,0,0,0,0,42,40–49,1366,0
1980,Graduation,Single,28071.0,2012-08-29,65,39,33,130,41.0,26,44.0,2,5,1,5,8,0,0,0,0,0,0,0,35,30–39,313,0
1958,PhD,Together,37334.0,2014-02-26,44,26,1,16,2.0,2,15.0,4,3,0,4,4,0,0,0,0,0,0,0,57,50–59,62,2
1972,Master,Single,46423.0,2013-09-18,6,68,0,16,0.0,0,8.0,3,2,0,4,7,0,0,0,0,0,0,0,43,40–49,92,2
1971,PhD,Married,37126.0,2014-03-30,9,45,3,9,4.0,4,7.0,1,1,2,2,6,1,0,0,0,0,0,1,44,40–49,72,1
1953,Graduation,Married,47703.0,2013-05-29,95,359,0,134,13.0,26,123.0,4,6,3,8,5,0,0,0,0,0,0,0,62,60+,655,1
1959,Graduation,Married,61180.0,2014-04-23,70,403,24,29,6.0,24,126.5,2,5,5,6,3,1,0,0,0,0,0,0,56,50–59,704,1
1954,Graduation,Married,38998.0,2012-11-03,92,34,1,14,0.0,0,5.0,3,2,0,3,8,0,0,0,0,0,1,0,61,60+,54,2
1991,Graduation,Single,8028.0,2012-09-18,62,73,18,66,7.0,12,2.0,15,0,1,0,19,0,0,0,0,0,0,0,24,<30,178,0
1962,Graduation,Together,76081.0,2014-05-23,85,292,30,415,63.0,33,126.5,1,4,5,4,2,0,0,0,1,0,0,0,53,50–59,1033,0
1986,Graduation,Together,34728.0,2013-07-30,2,14,0,16,0.0,0,6.0,1,1,1,2,6,0,0,0,0,0,0,1,29,<30,36,1
1965,Master,Single,33168.0,2012-10-13,0,80,1,37,0.0,1,3.0,3,2,1,4,7,0,0,0,0,0,0,0,50,50–59,122,1
1966,Master,Married,33585.0,2013-09-25,91,30,11,33,13.0,6,29.0,1,2,0,4,4,0,0,0,0,0,0,0,49,40–49,122,1
1960,PhD,Married,77037.0,2013-10-13,3,463,81,333,120.5,53,10.0,1,7,7,12,3,0,0,0,0,0,0,0,55,50–59,1123,1
1984,Graduation,Together,35196.0,2012-11-13,68,75,12,141,43.0,39,126.5,6,6,1,5,8,0,0,0,0,0,0,1,31,30–39,497,1
1966,Graduation,Married,44529.0,2013-07-05,98,538,13,91,17.0,6,26.0,6,6,2,11,5,0,1,0,0,0,0,0,49,40–49,691,1
1965,2n Cycle,Married,70924.0,2014-04-07,41,635,81,254,120.5,81,76.0,1,6,6,7,3,0,0,1,0,0,0,0,50,50–59,1363,0
1966,PhD,Together,28764.0,2014-06-05,16,8,0,3,0.0,0,1.0,1,1,0,2,8,1,0,0,0,0,0,0,49,40–49,12,2
1949,PhD,Married,69098.0,2013-02-16,82,1315,22,556,120.5,0,126.5,1,7,8,9,5,0,0,0,0,0,0,0,66,60+,2440,0
1970,2n Cycle,Divorced,25959.0,2013-02-14,1,4,2,12,7.0,5,26.0,2,1,2,2,6,0,0,0,0,0,0,1,45,40–49,56,2
1983,Master,Married,27100.0,2013-04-05,64,12,0,13,2.0,0,10.0,1,1,0,3,7,0,0,0,0,0,0,0,32,30–39,37,1
1985,Graduation,Single,70596.0,2012-10-05,68,347,44,534,17.0,0,26.0,1,3,5,12,2,0,0,0,0,0,0,0,30,30–39,968,0
1974,Graduation,Married,42557.0,2012-08-29,98,192,5,53,0.0,5,15.0,4,6,1,4,8,0,0,0,0,0,0,0,41,40–49,270,1
1951,PhD,Married,53312.0,2013-08-09,32,241,0,12,0.0,0,25.0,1,5,1,5,7,0,0,0,0,0,0,0,64,60+,278,0
1952,Graduation,Single,72228.0,2012-11-27,87,631,28,491,30.0,14,56.0,1,6,7,8,3,0,0,0,0,0,0,0,63,60+,1250,0
1987,Graduation,Together,67605.0,2013-03-31,84,336,28,282,120.5,54,54.0,1,2,8,6,1,0,0,0,0,0,0,0,28,<30,938,0
1949,Master,Married,62845.0,2012-10-01,3,1099,0,45,0.0,0,34.0,11,3,4,10,8,0,1,0,0,0,0,0,66,60+,1178,2
1958,Graduation,Together,65196.0,2013-07-25,34,743,19,181,12.0,0,126.5,2,7,6,11,5,1,0,0,0,0,0,0,57,50–59,1155,2
1987,PhD,Single,42000.0,2013-01-10,23,124,81,267,85.0,59,35.0,2,5,2,11,5,0,0,0,0,0,0,1,28,<30,653,0
1973,PhD,Divorced,35860.0,2014-05-19,37,15,0,8,4.0,2,20.0,2,1,1,2,5,1,0,0,0,0,0,0,42,40–49,49,2
1964,PhD,Married,65526.0,2014-04-11,22,397,19,69,12.0,0,9.0,1,4,4,8,2,0,0,0,0,0,0,0,51,50–59,506,1
1961,Graduation,Married,16860.0,2012-09-12,19,10,4,4,3.0,3,14.0,3,1,1,3,7,0,0,0,0,0,0,0,54,50–59,38,2
1992,Graduation,Single,83528.0,2014-05-01,7,530,81,556,120.5,44,126.5,1,4,10,8,1,1,0,0,1,0,0,1,23,<30,1650,0
1965,2n Cycle,Divorced,64176.0,2012-08-03,52,1215,33,249,64.0,81,126.5,8,8,9,8,6,0,0,0,0,0,0,0,50,50–59,1826,1
1956,Graduation,Divorced,22304.0,2012-08-04,91,3,2,7,0.0,4,2.0,1,1,0,2,8,0,0,0,0,0,0,0,59,50–59,18,0
1978,Graduation,Married,67023.0,2014-03-04,93,444,44,382,11.0,8,17.0,1,3,7,13,2,0,0,0,0,0,1,0,37,30–39,906,0
1971,PhD,Together,32892.0,2014-05-25,78,26,0,15,2.0,1,2.0,2,3,0,3,8,0,0,0,0,0,0,0,44,40–49,46,1
1966,Graduation,Together,70713.0,2012-12-03,23,736,81,279,82.0,76,126.5,6,5,6,8,3,0,0,0,0,0,0,0,49,40–49,1477,1
1955,Graduation,Together,59925.0,2012-11-30,83,473,21,176,19.0,21,56.0,3,9,2,9,6,0,0,0,0,0,0,0,60,60+,766,1
1953,Graduation,Married,39722.0,2014-02-24,92,32,0,5,2.0,0,8.0,2,2,0,3,5,0,0,0,0,0,0,0,62,60+,47,1
1958,Graduation,Together,46610.0,2013-07-18,4,288,10,30,4.0,10,125.0,1,6,1,6,6,0,0,0,0,0,0,0,57,50–59,467,0
1961,Graduation,Together,88347.0,2013-07-03,32,1050,81,555,77.0,81,118.0,1,4,7,9,1,0,0,0,1,0,0,0,54,50–59,2116,0
1981,PhD,Married,87171.0,2013-05-01,27,1001,44,107,58.0,44,44.0,1,6,7,11,2,1,0,1,0,0,0,0,34,30–39,1298,0
1976,2n Cycle,Together,26907.0,2013-08-20,10,9,1,7,0.0,3,2.0,2,1,0,3,7,0,0,0,0,0,0,0,39,30–39,22,2
1968,Master,Single,50014.0,2014-01-22,9,234,14,77,19.0,10,42.0,2,4,1,8,5,0,0,0,0,0,0,0,47,40–49,396,1
1978,PhD,Married,41014.0,2013-04-22,65,7,2,6,2.0,0,3.0,1,1,0,2,7,0,0,0,0,0,0,0,37,30–39,20,1
1965,Graduation,Single,66294.0,2014-03-17,68,251,81,334,65.0,81,117.0,1,4,3,5,2,0,0,0,0,0,0,0,50,50–59,967,0
1971,Graduation,Married,36715.0,2012-11-17,16,172,10,125,21.0,13,16.0,6,7,2,4,9,0,0,0,0,0,0,1,44,40–49,357,1
1956,Graduation,Married,79456.0,2012-08-22,12,565,42,548,64.0,81,99.0,1,5,6,4,3,0,0,0,0,0,0,1,59,50–59,1401,0
1982,Graduation,Together,40479.0,2013-08-17,95,5,0,8,2.0,0,0.0,1,0,0,3,4,0,0,0,0,0,0,0,33,30–39,15,1
1970,Master,Single,75345.0,2013-02-02,16,918,57,556,99.0,38,126.5,1,5,8,6,3,0,0,0,1,0,0,1,45,40–49,2087,0
1977,Graduation,Married,54233.0,2013-02-04,46,652,8,158,21.0,0,126.5,4,11,6,5,8,0,0,0,0,0,0,0,38,30–39,981,1
1970,Graduation,Single,24163.0,2013-10-12,3,4,1,7,2.0,1,2.0,2,1,0,3,4,0,0,0,0,0,0,0,45,40–49,17,2
1958,PhD,Together,84460.0,2013-01-04,80,152,27,103,106.0,54,81.0,0,9,9,4,5,0,1,1,1,1,0,1,57,50–59,523,0
1983,Graduation,Together,43776.0,2014-05-03,77,8,0,9,2.0,1,3.0,1,1,0,2,6,0,0,0,0,0,0,0,32,30–39,23,1
1958,PhD,Single,71691.0,2014-03-17,0,336,81,411,120.5,32,43.0,1,4,7,5,2,0,0,0,0,0,0,1,57,50–59,1192,0
1973,PhD,Married,85844.0,2014-05-29,62,938,19,556,25.0,81,38.0,1,6,6,7,2,0,0,1,0,0,0,0,42,40–49,1958,0
1974,PhD,Single,39190.0,2014-04-26,91,68,8,18,19.0,8,12.0,2,2,1,4,5,0,0,0,0,0,0,0,41,40–49,133,1
1959,Graduation,Together,71367.0,2013-08-23,24,227,23,389,42.0,21,75.0,1,4,5,7,2,0,0,0,0,0,0,0,56,50–59,777,0
1972,PhD,Single,38578.0,2013-06-22,2,38,4,22,3.0,3,3.0,3,3,0,3,8,0,0,0,0,0,0,0,43,40–49,73,2
1965,PhD,Married,57236.0,2014-03-12,22,105,0,9,2.0,1,4.0,3,2,1,4,3,0,0,0,0,0,0,0,50,50–59,121,2
1979,Graduation,Single,61825.0,2013-08-07,56,162,50,100,55.0,30,27.0,1,4,2,8,4,0,0,0,0,0,0,0,36,30–39,424,1
1958,Graduation,Divorced,79803.0,2014-06-02,54,574,8,216,21.0,16,33.0,1,4,3,5,1,0,0,0,0,0,0,0,57,50–59,868,1
1986,2n Cycle,Single,80910.0,2012-10-31,71,160,80,369,67.0,39,41.0,1,3,3,8,1,0,0,0,0,0,0,0,29,<30,756,0
1982,Master,Together,27590.0,2013-04-23,38,6,0,5,0.0,0,1.0,1,1,0,2,7,0,0,0,0,0,0,0,33,30–39,12,1
1979,Graduation,Married,56775.0,2013-01-02,62,614,35,160,58.0,35,35.0,2,5,8,10,5,0,0,0,0,0,0,0,36,30–39,937,1
1975,Graduation,Divorced,83829.0,2013-10-08,78,897,81,430,120.5,81,27.0,0,4,7,6,1,1,0,1,1,0,0,1,40,40–49,1862,0
1979,2n Cycle,Married,54210.0,2013-05-20,18,70,54,109,80.0,9,45.0,2,4,1,7,5,0,0,0,0,0,0,0,36,30–39,367,1
1986,Graduation,Married,38508.0,2013-08-02,95,120,19,206,25.0,19,54.0,6,7,2,5,8,0,0,0,0,0,0,0,29,<30,443,1
1970,Graduation,Together,53187.0,2013-10-26,66,211,2,30,7.0,7,10.0,2,4,1,6,5,0,0,0,0,0,0,0,45,40–49,267,1
1972,Graduation,Married,30023.0,2014-03-24,28,11,0,16,7.0,6,21.0,1,2,0,3,8,0,0,0,0,0,0,0,43,40–49,61,1
1960,PhD,Single,76045.0,2013-11-15,78,760,53,400,17.0,81,0.0,1,4,5,11,2,0,0,0,1,0,0,0,55,50–59,1323,0
1952,PhD,Married,50870.0,2014-06-19,13,53,0,8,0.0,0,2.0,1,2,0,3,5,0,0,0,0,0,0,0,63,60+,63,1
1970,2n Cycle,Married,15315.0,2013-08-03,27,7,4,13,15.0,8,17.0,2,2,0,4,5,0,0,0,0,0,0,0,45,40–49,64,0
1974,2n Cycle,Married,65463.0,2014-01-30,17,391,32,70,21.0,32,16.0,2,6,2,9,5,0,1,0,0,0,0,0,41,40–49,562,1
1965,Graduation,Married,66480.0,2014-05-31,71,199,9,57,20.0,21,6.0,7,4,1,7,4,0,0,0,0,0,0,0,50,50–59,312,2
1954,Graduation,Divorced,76773.0,2013-02-25,79,516,56,449,86.0,33,16.0,1,2,2,11,1,0,0,0,0,0,0,0,61,60+,1156,0
1983,2n Cycle,Single,81698.0,2013-03-01,1,709,45,115,30.0,81,45.0,1,8,2,5,5,0,0,0,1,0,0,1,32,30–39,1104,0
1973,PhD,Single,54466.0,2014-02-09,78,12,0,4,0.0,0,0.0,1,1,0,2,5,0,0,0,0,0,0,0,42,40–49,16,2
1960,Master,Single,98777.0,2014-02-17,23,1000,19,556,120.5,81,38.0,0,4,6,9,1,0,1,0,0,0,0,0,55,50–59,2008,0
1984,PhD,Single,16269.0,2013-08-30,75,19,3,18,3.0,1,0.0,3,3,0,3,8,0,0,0,0,0,0,0,31,30–39,44,1
1971,Graduation,Together,71819.0,2013-08-28,70,1224,28,140,0.0,14,126.5,3,3,3,5,6,0,1,1,0,0,0,0,44,40–49,1574,1
1983,PhD,Married,33569.0,2013-10-16,10,16,2,18,3.0,0,24.0,1,1,1,2,8,1,0,0,0,0,0,1,32,30–39,63,1
1983,Master,Married,36262.0,2013-09-20,24,88,39,54,64.0,28,126.5,1,3,5,3,6,1,0,0,0,0,0,1,32,30–39,426,0
1966,Basic,Together,22634.0,2013-01-16,47,2,23,11,8.0,6,46.0,1,2,1,2,8,0,0,0,0,0,0,0,49,40–49,96,0
1978,2n Cycle,Married,47025.0,2013-09-12,98,508,11,59,23.0,5,29.0,5,11,1,6,9,0,0,0,0,0,0,0,37,30–39,635,1
1968,Graduation,Single,70566.0,2013-10-06,4,381,28,215,84.0,28,21.0,2,6,5,9,3,0,0,0,0,0,0,0,47,40–49,757,1
1979,PhD,Married,31605.0,2012-11-22,15,74,0,42,2.0,1,6.0,2,2,1,4,7,0,0,0,0,0,0,0,36,30–39,125,1
1973,Master,Divorced,52034.0,2013-05-17,67,146,0,93,7.0,13,73.0,5,4,2,5,7,0,0,0,0,0,0,0,42,40–49,332,2
1979,Graduation,Single,48526.0,2013-12-24,32,23,17,23,43.0,20,9.0,1,2,1,4,3,0,0,0,0,0,0,0,36,30–39,135,1
1954,Graduation,Married,46734.0,2012-11-18,40,110,5,137,26.0,23,29.0,2,6,1,5,7,0,0,0,0,0,0,0,61,60+,330,1
1962,Graduation,Divorced,39552.0,2012-12-18,54,165,3,147,4.0,24,41.0,7,6,2,5,8,0,0,0,0,0,0,1,53,50–59,384,2
1966,Graduation,Single,86358.0,2012-08-08,78,957,47,494,82.0,47,95.0,4,5,3,6,8,0,0,0,0,0,0,0,49,40–49,1722,2
1977,Graduation,Together,46931.0,2014-04-24,94,41,0,17,3.0,1,16.0,2,1,1,3,3,0,0,0,0,0,0,0,38,30–39,78,3
1985,Basic,Single,16581.0,2013-01-12,51,1,3,4,2.0,3,11.0,1,0,0,3,4,0,0,0,0,0,0,0,30,30–39,24,0
1952,2n Cycle,Divorced,63998.0,2013-12-20,42,176,29,556,0.0,33,112.0,1,7,6,11,4,0,0,0,0,0,0,1,63,60+,1168,0
1951,Master,Married,67381.0,2013-01-15,67,815,8,53,11.0,0,70.0,4,2,2,9,7,0,1,0,0,0,0,0,64,60+,957,1
1967,Graduation,Single,25930.0,2013-10-10,87,6,1,2,2.0,0,4.0,1,1,0,2,7,0,0,0,0,0,0,0,48,40–49,15,2
1978,Graduation,Married,42693.0,2014-06-07,29,8,4,20,6.0,3,16.0,1,1,0,3,5,0,0,0,0,0,0,0,37,30–39,57,1
1976,Graduation,Together,85606.0,2012-11-12,89,717,42,556,120.5,30,84.0,2,6,7,9,3,0,0,0,1,0,0,0,39,30–39,1956,1
1985,Graduation,Single,72903.0,2013-10-29,74,1067,81,556,0.0,19,39.0,1,7,5,8,4,0,1,1,1,0,0,1,30,30–39,2013,0
1974,2n Cycle,Together,49669.0,2014-05-24,97,166,5,107,11.0,8,29.0,2,5,1,6,6,0,0,0,0,0,0,0,41,40–49,326,1
1968,PhD,Married,36778.0,2012-08-05,63,29,4,34,2.0,4,4.0,3,3,0,3,9,0,0,0,0,0,0,0,47,40–49,77,2
1962,PhD,Divorced,85696.0,2013-05-03,88,714,76,395,116.0,0,12.0,1,4,6,9,1,0,0,0,0,0,0,1,53,50–59,1313,0
1989,Master,Divorced,10979.0,2014-05-22,34,8,4,10,2.0,2,4.0,2,3,0,3,5,0,0,0,0,0,0,0,26,<30,30,0
1961,Graduation,Married,49678.0,2013-02-02,81,229,5,56,3.0,2,20.0,2,6,2,4,7,0,0,0,0,0,0,0,54,50–59,315,1
1953,Master,Together,56129.0,2013-06-20,65,320,48,133,39.0,72,48.0,4,6,2,10,4,0,0,0,0,0,0,0,62,60+,660,1
1989,Graduation,Married,37155.0,2013-01-31,51,23,0,26,7.0,15,3.0,1,2,0,4,5,0,0,0,0,0,0,0,26,<30,74,1
1978,2n Cycle,Divorced,21282.0,2014-05-11,76,1,5,8,4.0,8,20.0,2,2,1,2,6,0,0,0,0,0,0,0,37,30–39,46,1
1962,PhD,Single,33419.0,2013-08-17,76,56,0,12,0.0,0,18.0,2,2,0,4,7,0,0,0,0,0,0,0,53,50–59,86,1
1945,Graduation,Widow,63285.0,2013-11-05,84,508,81,249,50.0,38,126.5,1,6,5,13,3,0,0,0,0,0,0,0,70,60+,1103,0
1974,Master,Together,21255.0,2014-01-21,56,29,0,25,2.0,2,3.0,4,2,1,4,4,0,0,0,0,0,0,0,41,40–49,61,1
1981,Graduation,Together,42162.0,2013-11-19,31,46,7,59,2.0,4,27.0,2,3,1,3,6,1,0,0,0,0,0,1,34,30–39,145,1
1956,Graduation,Together,54450.0,2012-09-14,0,454,0,171,8.0,19,32.0,12,9,2,8,8,0,0,0,0,0,0,0,59,50–59,684,2
1954,PhD,Married,57744.0,2013-11-12,91,350,3,39,0.0,0,19.0,2,9,1,4,8,0,0,0,0,0,0,0,61,60+,411,1
1986,Graduation,Single,26576.0,2012-10-13,40,10,0,8,0.0,0,9.0,1,1,0,2,9,1,0,0,0,0,0,1,29,<30,27,1
1943,PhD,Widow,57513.0,2013-07-06,59,735,40,183,52.0,20,30.0,2,9,3,13,6,0,0,0,0,0,0,0,72,60+,1060,0
1964,Graduation,Together,68142.0,2012-08-29,96,897,81,196,91.0,81,37.0,3,10,4,7,6,0,0,0,0,0,0,0,51,50–59,1459,1
1979,Graduation,Married,7500.0,2012-08-29,61,5,2,3,3.0,0,5.0,1,1,0,2,8,0,0,0,0,0,0,0,36,30–39,18,1
1974,Graduation,Together,83145.0,2012-09-22,14,777,35,556,39.0,81,114.0,1,5,9,11,2,0,0,1,0,0,0,1,41,40–49,1833,0
1960,Master,Married,54197.0,2014-04-03,16,162,6,37,6.0,13,13.0,2,1,3,6,1,0,0,0,0,0,0,0,55,50–59,237,1
1963,PhD,Single,23091.0,2014-05-28,98,35,0,11,0.0,0,2.0,4,2,1,3,7,0,0,0,0,0,0,0,52,50–59,48,2
1976,Graduation,Married,46049.0,2013-07-21,11,342,9,112,19.0,14,19.0,10,5,2,9,7,0,0,0,0,0,0,1,39,30–39,515,2
1974,Graduation,Together,56715.0,2012-12-05,52,258,81,239,120.5,81,9.0,1,7,3,4,4,0,0,0,0,0,0,0,41,40–49,1020,0
1961,Graduation,Married,79410.0,2014-05-29,19,658,80,483,120.5,13,13.0,1,3,2,5,1,0,0,0,0,0,0,0,54,50–59,1370,0
1951,Graduation,Married,57304.0,2013-03-11,61,356,80,329,120.5,17,106.0,2,7,6,10,5,0,0,0,0,0,0,0,64,60+,1026,1
1965,Graduation,Married,44375.0,2014-03-23,73,213,5,28,7.0,7,41.0,1,4,1,6,5,0,0,0,0,0,0,0,50,50–59,301,1
1956,Graduation,Together,54450.0,2012-09-14,0,454,0,171,8.0,19,32.0,12,9,2,8,8,0,0,0,0,0,0,0,59,50–59,684,2
1965,Graduation,Married,59594.0,2012-10-20,74,457,4,29,0.0,0,9.0,1,8,1,7,7,0,1,0,0,0,0,0,50,50–59,499,1
1994,Graduation,Together,80685.0,2012-08-22,55,241,45,556,34.0,26,54.0,1,6,4,10,2,0,0,0,0,0,0,0,21,<30,1004,0
1974,PhD,Married,40344.0,2013-10-13,48,210,0,6,0.0,0,2.0,2,4,1,5,7,0,0,0,0,0,0,0,41,40–49,218,1
1972,Graduation,Married,62710.0,2013-05-23,53,441,35,83,7.0,29,11.0,4,4,2,12,4,0,0,0,0,0,0,0,43,40–49,606,1
1968,2n Cycle,Married,48985.0,2013-07-05,13,19,13,18,10.0,7,8.0,1,1,1,3,3,0,0,0,0,0,0,0,47,40–49,75,1
1968,Graduation,Together,35322.0,2012-08-22,34,28,9,37,12.0,7,13.0,3,2,0,4,8,0,0,0,0,0,0,0,47,40–49,106,3
1948,Graduation,Married,77142.0,2013-05-29,54,476,75,162,29.0,81,97.0,1,4,4,8,2,0,0,0,0,0,0,0,67,60+,990,0
1969,Graduation,Single,81657.0,2014-01-22,69,364,40,425,120.5,60,50.0,1,3,4,8,1,0,0,0,0,0,0,0,46,40–49,1097,0
1996,Basic,Married,14421.0,2014-02-17,81,0,0,2,3.0,3,8.0,1,1,0,2,5,1,0,0,0,0,0,0,19,<30,16,0
1974,2n Cycle,Married,20130.0,2014-03-17,99,0,6,3,7.0,6,12.0,1,1,0,3,8,0,0,0,0,0,0,0,41,40–49,34,0
1990,PhD,Married,74214.0,2012-08-26,3,863,81,547,86.0,81,33.0,1,8,2,5,5,0,0,0,0,0,0,0,25,<30,1711,0
1957,Master,Married,66726.0,2014-01-12,61,349,7,35,0.0,0,47.0,3,8,2,4,7,0,1,0,0,0,0,0,58,50–59,438,2
1979,Basic,Together,23724.0,2013-01-08,65,5,23,15,0.0,18,14.0,2,2,0,3,8,0,0,0,0,0,0,0,36,30–39,75,1
1960,Master,Married,47353.0,2013-11-13,93,184,2,19,8.0,8,4.0,3,2,2,6,5,0,0,0,0,0,0,0,55,50–59,225,1
1952,Master,Married,33444.0,2012-11-03,24,8,0,8,0.0,0,2.0,1,1,0,2,8,0,0,0,0,0,0,0,63,60+,18,2
1981,Graduation,Married,54386.0,2013-05-17,8,277,21,64,62.0,21,25.0,2,3,2,10,3,0,0,0,0,0,0,0,34,30–39,470,1
1981,Graduation,Divorced,28510.0,2013-04-13,72,44,5,19,0.0,4,19.0,3,2,0,4,5,0,0,0,0,0,0,0,34,30–39,91,2
1991,Master,Single,90638.0,2014-02-13,29,1156,81,556,94.0,81,96.0,1,3,4,10,1,0,0,1,0,0,0,0,24,<30,2525,0
1950,Graduation,Together,48070.0,2013-01-13,33,373,14,83,6.0,9,19.0,3,8,2,6,7,0,0,0,0,0,1,0,65,60+,504,1
1957,Graduation,Married,43140.0,2013-01-05,68,134,8,76,6.0,0,11.0,1,4,1,5,6,0,0,0,0,0,0,0,58,50–59,235,1
1961,PhD,Divorced,54959.0,2013-01-19,55,1148,0,60,0.0,0,24.0,3,9,5,4,7,0,1,0,0,0,0,1,54,50–59,1232,1
1958,Basic,Single,15056.0,2013-05-03,76,6,12,3,21.0,6,40.0,5,2,2,3,5,0,0,0,0,0,0,0,57,50–59,88,2
1971,Graduation,Single,26954.0,2014-05-08,17,4,1,11,0.0,0,1.0,1,1,0,2,7,0,0,0,0,0,0,0,44,40–49,17,1
1985,Graduation,Single,22327.0,2013-08-02,94,5,4,8,2.0,0,5.0,1,1,0,3,5,0,0,0,0,0,0,0,30,30–39,24,1
1965,Graduation,Married,44393.0,2013-08-22,86,24,2,20,2.0,2,10.0,2,1,0,4,4,0,0,0,0,0,0,0,50,50–59,60,2
1952,PhD,Single,62000.0,2013-08-25,25,899,0,101,0.0,0,20.0,1,6,6,13,4,0,0,0,1,0,0,0,63,60+,1020,1
1962,PhD,Together,31497.0,2012-12-06,22,108,1,28,13.0,1,4.0,2,3,1,4,8,0,0,0,0,0,0,0,53,50–59,155,1
1974,2n Cycle,Married,45894.0,2014-02-27,15,27,2,7,0.0,2,13.0,1,1,0,3,5,0,0,0,0,0,0,0,41,40–49,51,2
1970,Master,Divorced,78579.0,2012-12-22,35,816,66,549,120.5,66,99.0,1,5,6,4,3,0,0,0,0,0,0,1,45,40–49,1812,0
1969,Master,Widow,67369.0,2012-11-17,81,1298,0,70,37.0,14,42.0,4,7,4,10,4,0,1,1,0,0,0,1,46,40–49,1461,1
1960,Graduation,Divorced,58401.0,2014-04-20,55,10,0,11,17.0,29,29.0,1,1,2,2,4,0,0,0,0,0,0,0,55,50–59,96,1
1952,Graduation,Single,62307.0,2014-02-17,94,87,13,34,10.0,6,10.0,1,4,0,4,5,0,0,0,0,0,0,0,63,60+,160,1
1969,Master,Married,43641.0,2013-04-22,50,57,2,51,4.0,2,23.0,3,2,1,4,6,0,0,0,0,0,0,0,46,40–49,139,2
1968,Master,Divorced,63841.0,2013-04-21,64,635,15,100,20.0,7,126.5,1,9,3,9,6,0,0,0,0,0,0,0,47,40–49,908,1
1965,2n Cycle,Married,46891.0,2013-09-01,91,43,12,23,29.0,15,61.0,1,2,1,4,4,0,0,0,0,0,0,0,50,50–59,183,1
1969,Master,Married,70091.0,2013-03-31,11,964,34,137,15.0,0,11.0,2,5,2,10,8,0,1,0,0,0,0,0,46,40–49,1161,1
1972,PhD,Married,78075.0,2014-04-05,72,572,8,259,34.0,35,80.0,1,3,5,5,1,0,0,0,0,0,0,0,43,40–49,988,0
1961,2n Cycle,Widow,59184.0,2012-09-09,6,341,81,113,120.5,81,66.0,3,6,6,12,5,0,0,0,0,0,0,0,54,50–59,1072,1
1977,Graduation,Married,54809.0,2013-09-11,0,63,6,57,13.0,13,22.0,4,2,1,5,4,0,0,0,0,0,0,0,38,30–39,174,2
1959,Graduation,Married,58113.0,2013-01-25,66,221,81,169,102.0,78,84.0,3,9,2,8,7,0,0,0,0,0,1,0,56,50–59,758,1
1958,Master,Married,51412.0,2013-12-31,42,140,3,29,4.0,5,14.0,2,3,2,4,4,0,0,0,0,0,0,0,57,50–59,195,1
1979,Graduation,Divorced,15287.0,2012-10-10,60,1,2,8,4.0,3,13.0,2,1,1,2,7,1,0,0,0,0,0,1,36,30–39,31,1
1957,Master,Together,66636.0,2013-08-17,64,291,10,556,84.0,10,0.0,1,3,4,9,1,0,0,0,0,0,0,0,58,50–59,1084,0
1956,Master,Married,50965.0,2013-02-20,87,544,13,85,8.0,6,29.0,3,10,4,5,8,1,0,0,0,0,0,0,59,50–59,685,1
1965,PhD,Married,84618.0,2013-11-22,96,684,81,556,21.0,66,0.0,1,6,9,10,2,0,0,1,0,0,0,0,50,50–59,1672,0
1990,Graduation,Married,18351.0,2013-10-29,1,1,12,9,0.0,14,7.0,1,2,0,3,7,0,0,0,0,0,0,0,25,<30,43,0
1957,PhD,Together,40451.0,2014-02-16,54,35,0,4,0.0,0,10.0,1,1,1,2,5,1,0,0,0,0,0,0,58,50–59,49,2
1965,Graduation,Together,36317.0,2013-05-22,53,87,3,25,3.0,2,13.0,2,3,0,4,7,0,0,0,0,0,0,0,50,50–59,133,1
1957,Graduation,Together,42213.0,2013-10-12,96,309,3,24,4.0,3,20.0,2,5,1,7,7,0,1,0,0,0,0,0,58,50–59,363,1
1955,Graduation,Together,65748.0,2013-04-15,58,172,73,93,95.0,78,34.0,2,2,4,10,1,0,0,0,0,0,1,0,60,60+,545,1
1972,Graduation,Together,77044.0,2013-10-27,12,625,38,242,50.0,34,76.0,2,7,11,11,4,1,0,0,0,0,0,0,43,40–49,1065,1
1969,Graduation,Together,74918.0,2013-03-12,78,972,59,556,25.0,19,59.0,1,5,9,6,3,0,0,1,0,0,0,0,46,40–49,2047,0
1972,Graduation,Married,56721.0,2012-10-31,64,157,6,39,6.0,13,75.0,5,4,1,5,6,0,0,0,0,0,0,0,43,40–49,296,2
1975,Graduation,Single,42160.0,2013-06-28,26,48,9,45,3.0,15,20.0,4,2,1,4,6,0,0,0,0,0,0,1,40,40–49,140,2
1965,Graduation,Single,61559.0,2013-07-17,8,279,81,88,32.0,14,34.0,1,4,2,10,3,0,0,0,0,0,0,0,50,50–59,530,1
1963,PhD,Together,33629.0,2012-08-08,49,132,0,16,0.0,0,4.0,5,3,1,4,9,0,0,0,0,0,0,0,52,50–59,152,2
1991,PhD,Together,68682.0,2013-10-06,56,919,0,505,99.0,30,45.0,1,4,9,10,2,0,0,0,0,0,0,0,24,<30,1598,0
1963,Graduation,Single,34377.0,2013-01-19,55,62,0,22,3.0,1,26.0,2,2,2,2,7,0,0,0,0,0,0,0,52,50–59,114,1
1986,Basic,Single,8940.0,2012-08-22,25,1,45,3,4.0,6,42.0,3,3,1,3,8,0,0,0,0,0,0,0,29,<30,101,1
1973,Graduation,Married,26228.0,2013-09-22,50,2,6,4,3.0,1,9.0,1,1,0,2,8,0,0,0,0,0,0,0,42,40–49,25,1
1957,2n Cycle,Divorced,77297.0,2013-01-26,84,408,61,109,48.0,81,41.0,1,5,7,9,4,0,0,0,1,0,0,0,58,50–59,789,0
1981,Graduation,Married,40211.0,2013-07-30,30,51,1,7,2.0,1,25.0,2,2,1,2,8,1,0,0,0,0,0,0,34,30–39,87,2
1958,PhD,Widow,33438.0,2013-09-22,81,62,1,16,3.0,2,6.0,4,2,1,4,5,0,0,0,0,0,0,0,57,50–59,90,2
1959,PhD,Married,75032.0,2013-04-28,74,952,12,180,47.0,12,12.0,2,5,4,9,3,0,0,0,0,0,0,0,56,50–59,1215,1
1955,PhD,Single,61284.0,2013-10-12,76,618,15,106,20.0,7,45.0,1,11,2,8,6,0,1,0,0,0,0,0,60,60+,811,0
1986,Graduation,Married,22518.0,2012-10-22,36,11,7,12,2.0,2,27.0,2,2,1,2,5,1,0,0,0,0,0,1,29,<30,61,1
1975,Master,Married,54730.0,2013-08-15,64,318,3,17,4.0,7,56.0,5,4,1,8,4,0,0,0,0,0,0,0,40,40–49,405,1
1955,Master,Married,38452.0,2014-03-30,62,56,0,14,0.0,0,2.0,3,3,0,3,7,0,0,0,0,0,0,0,60,60+,72,2
1971,Graduation,Divorced,44421.0,2013-02-15,53,110,5,59,7.0,1,7.0,5,5,0,4,8,0,0,0,0,0,0,0,44,40–49,189,2
1986,PhD,Together,38197.0,2013-06-29,86,23,0,11,2.0,1,3.0,1,1,0,3,5,0,0,0,0,0,0,0,29,<30,40,1
1978,Graduation,Divorced,41986.0,2014-02-09,15,27,5,8,8.0,3,12.0,3,3,0,4,4,0,0,0,0,0,0,0,37,30–39,63,1
1983,Graduation,Together,28427.0,2013-03-21,67,18,3,19,3.0,3,6.0,2,2,0,3,8,0,0,0,0,0,0,0,32,30–39,52,1
1976,PhD,Together,37395.0,2014-05-02,47,18,0,9,0.0,1,11.0,1,1,0,3,6,0,0,0,0,0,0,0,39,30–39,39,1
1971,Graduation,Married,64722.0,2014-05-26,47,303,0,280,60.0,81,15.0,4,8,2,11,6,0,0,0,0,0,0,0,44,40–49,805,1
1956,Master,Together,55249.0,2014-04-17,81,97,1,19,2.0,0,11.0,1,2,1,4,3,0,0,0,0,0,0,0,59,50–59,130,1
1972,Graduation,Together,84906.0,2013-10-04,98,997,15,414,99.0,30,76.0,1,5,6,12,2,0,1,1,0,1,0,0,43,40–49,1631,0
1989,Graduation,Married,28691.0,2013-07-04,56,5,4,13,8.0,0,4.0,1,1,0,3,8,0,0,0,0,0,0,0,26,<30,34,1
1952,Graduation,Single,44213.0,2013-11-29,48,95,11,35,0.0,4,7.0,4,2,1,5,6,0,0,0,0,0,0,0,63,60+,152,2
1984,Basic,Single,25707.0,2014-01-18,18,1,6,2,3.0,6,3.0,1,1,0,3,7,0,0,0,0,0,0,0,31,30–39,21,1
1967,PhD,Married,59062.0,2013-10-03,74,46,1,12,3.0,0,9.0,2,2,0,3,4,0,0,0,0,0,0,0,48,40–49,71,3
1962,Graduation,Single,76624.0,2014-05-24,68,411,81,147,54.0,81,66.0,1,5,10,7,1,1,0,0,0,0,0,0,53,50–59,899,1
1947,Master,Together,66000.0,2014-04-20,36,244,51,270,101.0,0,45.0,1,1,3,5,1,0,0,0,0,0,0,0,68,60+,711,0
1978,PhD,Together,27683.0,2012-08-04,90,152,9,121,12.0,12,45.0,4,6,2,4,8,0,0,0,0,0,0,0,37,30–39,351,1
1971,Graduation,Divorced,1730.0,2014-05-18,65,1,1,3,1.0,1,1.0,15,0,0,0,20,0,0,0,0,0,0,0,44,40–49,8,0
1992,Basic,Single,7500.0,2012-12-03,63,10,17,18,8.0,26,40.0,4,3,2,2,9,0,0,0,0,0,0,0,23,<30,119,1
1968,Graduation,Together,40521.0,2013-04-05,82,12,0,5,0.0,0,4.0,1,0,1,2,5,0,0,0,0,0,0,0,47,40–49,21,2
1973,PhD,Together,20427.0,2014-03-24,63,5,0,4,0.0,0,1.0,1,1,0,2,8,0,0,0,0,0,0,0,42,40–49,10,1
1975,Graduation,Married,65106.0,2014-05-24,55,790,19,133,12.0,0,19.0,3,8,3,13,6,0,1,0,0,0,0,0,40,40–49,973,1
1965,PhD,Married,69969.0,2013-08-27,64,882,29,514,38.0,29,44.0,1,4,2,6,3,0,0,1,1,0,0,1,50,50–59,1536,0
1952,Graduation,Married,67433.0,2013-07-16,51,615,28,259,12.0,48,30.0,4,6,5,13,4,0,1,0,0,0,0,0,63,60+,992,2
1967,PhD,Married,77766.0,2013-02-22,97,1004,59,265,115.0,59,27.0,2,11,10,11,6,1,0,0,0,0,0,1,48,40–49,1529,1
1972,Graduation,Married,74716.0,2013-09-12,92,133,27,421,13.0,81,71.0,2,7,3,5,4,0,0,0,0,0,0,0,43,40–49,860,1
1963,Graduation,Divorced,68118.0,2013-10-18,51,595,23,123,10.0,23,126.5,2,8,9,4,6,0,0,0,0,0,0,0,52,50–59,928,1
1970,PhD,Married,55158.0,2012-07-30,72,293,0,87,4.0,11,23.0,4,7,2,5,7,0,0,0,0,0,0,1,45,40–49,418,2
1955,2n Cycle,Married,62972.0,2012-08-03,39,313,15,47,20.0,0,126.5,2,7,4,3,6,0,0,0,0,0,0,1,60,60+,587,1
1975,Graduation,Married,74190.0,2014-05-12,49,151,81,86,120.5,81,64.0,2,4,2,11,2,0,0,0,0,0,0,0,40,40–49,641,1
1976,Graduation,Married,39356.0,2014-03-19,21,15,0,2,0.0,0,6.0,1,1,0,2,6,1,0,0,0,0,0,0,39,30–39,23,2
1969,Graduation,Together,76653.0,2013-08-16,91,736,63,556,120.5,81,126.0,1,4,7,11,2,0,0,1,1,0,0,0,46,40–49,2279,0
1973,PhD,Divorced,35860.0,2014-05-19,37,15,0,8,4.0,2,20.0,2,1,1,2,5,1,0,0,0,0,0,0,42,40–49,49,2
1983,PhD,Divorced,90687.0,2013-05-22,98,982,17,556,23.0,34,51.0,1,6,2,8,2,0,0,1,0,0,0,1,32,30–39,1779,0
1982,Master,Together,73450.0,2013-12-05,85,1142,51,415,90.0,69,37.0,1,7,8,11,3,1,0,0,1,0,0,0,33,30–39,1804,0
1960,Graduation,Married,31454.0,2013-07-06,40,28,0,11,0.0,0,9.0,3,2,0,3,8,0,0,0,0,0,0,0,55,50–59,48,2
1952,Graduation,Single,47139.0,2014-03-06,2,46,0,12,0.0,2,23.0,2,2,1,2,7,0,0,0,0,0,0,1,63,60+,83,2
1975,Graduation,Divorced,83829.0,2013-10-08,78,897,81,430,120.5,81,27.0,0,4,7,6,1,1,0,1,1,0,0,1,40,40–49,1862,0
1963,PhD,Married,53378.0,2012-09-24,41,489,6,152,8.0,6,126.5,10,9,4,6,8,0,0,0,0,0,0,1,52,50–59,793,2
1970,Graduation,Together,19656.0,2013-02-08,94,25,4,9,6.0,8,32.0,3,2,1,3,7,0,0,0,0,0,0,0,45,40–49,84,1
1948,PhD,Married,45579.0,2013-08-20,10,145,1,33,2.0,1,1.0,1,4,1,4,6,0,0,0,0,0,0,0,67,60+,183,1
1958,2n Cycle,Single,85485.0,2014-06-21,73,630,26,556,44.0,18,54.0,1,6,6,6,2,0,0,0,0,0,0,0,57,50–59,1383,0
1944,Graduation,Married,55956.0,2014-04-07,22,760,38,104,50.0,9,38.0,2,7,3,4,4,0,1,0,0,0,0,0,71,60+,999,0
1963,Master,Single,64191.0,2013-01-22,30,420,15,186,120.5,38,15.0,3,5,3,13,3,0,0,0,0,0,0,0,52,50–59,825,1
1972,Graduation,Single,38808.0,2012-08-26,21,125,17,52,3.0,19,30.0,4,5,1,4,8,1,0,0,0,0,0,1,43,40–49,246,1
1966,Master,Married,57183.0,2013-03-19,51,464,5,64,7.0,0,70.0,8,9,1,7,8,0,0,0,0,0,0,0,49,40–49,610,2
1968,Master,Divorced,23748.0,2012-11-21,97,6,6,29,12.0,15,8.0,3,2,1,3,8,0,0,0,0,0,0,0,47,40–49,76,1
1971,Graduation,Married,66303.0,2013-02-26,56,1090,12,96,16.0,12,60.0,4,3,4,11,8,0,1,0,0,0,0,0,44,40–49,1286,1
1975,Master,Married,37368.0,2013-12-16,4,3,2,11,2.0,2,10.0,1,1,0,2,6,1,0,0,0,0,0,0,40,40–49,30,1
1964,Graduation,Married,40800.0,2013-01-01,77,24,0,27,8.0,30,10.0,2,3,0,3,7,0,0,0,0,0,1,0,51,50–59,99,3
1978,Graduation,Divorced,71847.0,2012-09-21,95,737,21,106,55.0,63,126.5,0,6,7,9,3,0,0,0,1,0,0,0,37,30–39,1192,0
1975,Graduation,Married,46149.0,2013-11-29,36,254,6,71,4.0,0,27.0,5,5,1,7,5,0,0,0,0,0,0,0,40,40–49,362,1
1983,Graduation,Together,78687.0,2012-08-09,13,817,81,556,120.5,55,126.5,1,4,6,8,2,0,0,1,0,0,0,1,32,30–39,2130,0
1971,2n Cycle,Divorced,49118.0,2012-08-18,90,620,54,239,99.0,81,119.0,2,9,7,10,7,0,1,0,0,1,0,1,44,40–49,1229,0
1957,PhD,Married,37633.0,2012-09-20,49,13,4,20,0.0,0,1.0,2,1,0,3,9,0,0,0,0,0,0,0,58,50–59,38,2
1951,Master,Together,39767.0,2013-07-21,18,113,61,204,34.0,26,47.0,2,7,1,7,8,0,0,0,0,0,0,0,64,60+,485,0
1951,Basic,Married,26997.0,2012-11-05,89,7,23,78,120.5,49,126.5,2,4,2,5,7,0,0,0,0,0,0,0,64,60+,434,0
1970,Graduation,Divorced,33986.0,2013-03-14,43,16,2,18,2.0,1,5.0,1,1,0,3,7,0,0,0,0,0,0,0,45,40–49,44,1
1972,PhD,Married,57091.0,2012-11-23,82,462,0,24,6.0,0,4.0,2,9,2,5,7,0,1,0,0,0,0,1,43,40–49,496,1
1969,2n Cycle,Married,46831.0,2013-06-08,84,22,2,10,6.0,4,34.0,2,1,2,2,4,0,0,0,0,0,0,0,46,40–49,78,2
1972,Master,Married,83151.0,2013-02-10,80,968,81,556,120.5,42,126.5,1,5,7,10,2,1,0,1,1,0,0,1,43,40–49,2346,0
1971,Graduation,Married,52531.0,2012-12-30,68,283,81,151,51.0,72,125.0,2,7,2,10,6,0,0,0,0,0,0,0,44,40–49,794,0
1956,Graduation,Married,15759.0,2013-09-05,12,1,2,5,6.0,0,3.0,1,1,0,2,7,0,0,0,0,0,0,0,59,50–59,17,0
1971,Graduation,Single,22804.0,2013-07-31,75,14,1,7,2.0,1,1.0,1,2,0,2,9,0,0,0,0,0,0,0,44,40–49,26,1
1973,2n Cycle,Married,43050.0,2014-03-18,10,30,5,24,6.0,3,8.0,2,2,0,4,5,0,0,0,0,0,0,0,42,40–49,76,1
1977,PhD,Single,42997.0,2013-12-07,91,4,0,5,0.0,1,5.0,1,1,0,2,7,0,0,0,0,0,0,0,38,30–39,15,2
1963,PhD,Single,48918.0,2014-04-12,21,52,0,9,0.0,0,1.0,2,1,0,4,4,0,0,0,0,0,0,0,52,50–59,62,2
1954,Master,Together,60033.0,2014-03-29,28,62,1,57,19.0,11,48.0,2,2,1,5,2,0,0,0,0,0,0,0,61,60+,198,1
1978,PhD,Together,34043.0,2013-10-25,97,20,2,14,3.0,0,10.0,1,2,0,2,9,0,0,0,0,0,0,0,37,30–39,49,1
1966,Graduation,Together,57811.0,2013-06-24,49,545,7,114,37.0,21,78.0,5,7,2,11,5,0,1,0,0,0,0,0,49,40–49,802,1
1946,Graduation,Married,78569.0,2014-02-19,14,558,79,556,120.5,81,95.0,1,4,6,4,1,0,0,1,0,0,0,1,69,60+,1736,0
1978,Graduation,Single,7500.0,2012-12-27,5,6,5,4,13.0,4,25.0,4,2,1,3,6,0,0,0,0,0,0,0,37,30–39,57,2
1971,Master,Together,157733.0,2013-06-04,37,39,1,9,2.0,0,8.0,0,1,0,1,1,0,0,0,0,0,0,0,44,40–49,59,1
1953,Graduation,Together,94384.0,2013-03-04,62,1111,24,556,120.5,45,126.5,0,5,8,5,2,0,1,1,1,0,0,1,62,60+,2302,0
1985,2n Cycle,Married,23148.0,2014-02-18,83,4,6,8,6.0,3,10.0,1,2,0,3,7,0,0,0,0,0,0,0,30,30–39,37,0
1970,Graduation,Divorced,44267.0,2013-02-25,48,183,5,65,3.0,5,49.0,5,5,2,4,9,0,0,0,0,0,0,0,45,40–49,310,2
1979,Graduation,Married,71626.0,2012-11-01,94,546,72,376,94.0,81,72.0,1,5,5,8,3,0,1,0,0,0,0,0,36,30–39,1305,0
1966,Graduation,Together,60894.0,2013-06-28,61,606,7,155,10.0,0,54.0,5,10,3,8,7,0,0,0,0,0,0,0,49,40–49,832,1
1976,Graduation,Together,50200.0,2013-04-03,70,266,6,51,8.0,6,64.0,6,7,1,5,8,0,0,0,0,0,0,0,39,30–39,401,2
1965,PhD,Married,81051.0,2014-05-23,43,1142,29,249,38.0,29,14.0,1,5,5,12,2,0,1,1,0,0,0,0,50,50–59,1501,0
1982,Graduation,Married,65169.0,2014-01-14,23,1074,0,69,0.0,0,46.0,1,10,4,13,6,1,0,1,1,1,0,1,33,30–39,1189,0
1972,Graduation,Together,59868.0,2013-07-22,37,771,51,154,54.0,10,126.5,7,11,2,12,6,0,0,0,0,0,0,0,43,40–49,1194,1
1960,PhD,Married,65695.0,2014-01-31,50,371,32,189,0.0,58,6.0,2,5,4,10,4,0,0,0,0,0,0,0,55,50–59,656,1
1956,Master,Single,64857.0,2012-11-23,78,556,14,556,120.5,0,43.0,1,7,5,10,4,0,0,0,0,0,0,0,59,50–59,1540,0
1965,Master,Together,45143.0,2013-08-26,74,202,5,74,11.0,5,14.0,3,6,1,5,7,0,0,0,0,0,0,0,50,50–59,311,1
1955,2n Cycle,Together,74805.0,2013-11-06,14,209,81,209,41.0,81,37.0,5,4,7,10,2,0,0,0,0,0,0,0,60,60+,820,1
1989,2n Cycle,Married,59060.0,2014-01-11,77,35,40,111,36.0,40,12.0,3,3,1,7,4,0,0,0,0,0,0,0,26,<30,274,1
1962,PhD,Single,27238.0,2013-04-20,39,37,0,17,0.0,0,3.0,3,3,0,3,9,0,0,0,0,0,0,0,53,50–59,57,2
1965,Graduation,Together,47009.0,2013-10-01,89,171,45,73,59.0,10,90.0,4,3,2,8,4,0,0,0,0,0,0,0,50,50–59,448,1
1973,2n Cycle,Married,46094.0,2014-06-10,62,12,2,20,3.0,2,5.0,1,1,0,3,7,0,0,0,0,0,0,0,42,40–49,44,2
1972,Graduation,Married,40321.0,2013-07-29,59,44,4,21,6.0,0,27.0,2,3,0,3,7,0,0,0,0,0,0,0,43,40–49,102,2
1984,Graduation,Together,37235.0,2014-02-01,68,20,2,9,4.0,6,20.0,1,1,1,2,4,0,0,0,0,0,0,0,31,30–39,61,1
1960,Master,Married,81843.0,2013-04-22,13,779,81,537,34.0,69,126.5,1,5,9,12,3,0,0,0,0,0,0,0,55,50–59,1643,0
1958,Master,Together,46692.0,2013-06-06,37,170,6,97,24.0,12,88.0,3,6,1,5,6,0,0,0,0,0,0,0,57,50–59,397,1
1968,Graduation,Together,77382.0,2014-01-07,36,491,48,231,112.0,81,126.5,2,5,7,12,1,0,0,1,0,0,0,0,47,40–49,1121,1
1977,Graduation,Single,37774.0,2012-09-03,28,173,8,107,7.0,2,126.5,4,7,2,3,9,1,0,0,0,0,1,1,38,30–39,473,2
1974,Basic,Married,18393.0,2014-03-29,2,7,10,13,16.0,0,4.0,2,3,0,3,8,0,0,0,0,0,0,0,41,40–49,50,1
1962,Master,Married,72828.0,2013-02-14,17,1205,0,235,19.0,14,126.5,6,6,3,13,7,0,0,0,0,0,0,0,53,50–59,1678,1
1982,Graduation,Married,24711.0,2014-04-18,86,10,7,25,6.0,3,7.0,1,3,0,3,7,0,0,0,0,0,0,0,33,30–39,58,0
1975,PhD,Married,45503.0,2013-09-25,54,97,4,44,6.0,1,18.0,1,3,1,4,5,0,0,0,0,0,0,0,40,40–49,170,1
1982,Master,Single,6560.0,2013-12-12,2,67,11,26,4.0,3,126.5,0,1,0,1,17,0,0,0,0,0,0,0,33,30–39,373,0
1945,PhD,Together,71604.0,2013-11-17,3,345,53,528,98.0,75,97.0,1,8,3,5,4,1,0,0,0,0,0,1,70,60+,1196,0
1979,Graduation,Married,27244.0,2014-03-07,84,6,5,17,3.0,24,46.0,2,2,2,2,7,0,0,0,0,0,0,0,36,30–39,101,1
1969,Graduation,Married,48752.0,2012-12-12,8,73,57,100,71.0,15,0.0,5,6,1,5,9,0,0,0,0,0,0,1,46,40–49,316,2
1962,Graduation,Married,71434.0,2013-09-18,4,711,36,217,120.5,81,126.5,3,7,4,7,4,0,1,0,1,0,0,0,53,50–59,1400,1
1948,Graduation,Single,90842.0,2013-07-29,57,774,70,118,120.5,81,93.0,1,4,9,13,1,0,0,0,0,0,0,0,67,60+,1424,0
1978,Master,Married,88097.0,2012-08-18,24,163,0,480,0.0,81,75.0,1,6,5,8,9,0,1,1,1,0,0,1,37,30–39,844,1
1975,Graduation,Married,51948.0,2013-09-17,51,82,33,54,71.0,30,41.0,2,5,2,4,5,0,0,0,0,0,0,0,40,40–49,311,1
1982,Graduation,Together,71853.0,2013-05-08,29,358,81,413,120.5,81,32.0,1,2,8,6,1,0,0,0,0,0,0,0,33,30–39,1149,0
1983,Master,Married,35876.0,2014-04-20,13,66,2,40,4.0,3,14.0,1,3,1,3,6,0,0,0,0,0,0,0,32,30–39,129,0
1952,Graduation,Widow,40049.0,2013-10-16,23,13,6,7,0.0,3,3.0,1,1,0,3,6,0,0,0,0,0,0,0,63,60+,32,1
1982,Graduation,Single,39660.0,2012-08-08,36,139,13,78,20.0,13,36.0,3,7,1,3,9,0,0,0,0,0,0,1,33,30–39,299,1
1962,Graduation,Together,50127.0,2014-05-29,88,274,0,21,4.0,6,15.0,1,5,1,6,6,0,1,0,0,0,0,0,53,50–59,320,1
1977,Master,Married,43263.0,2012-11-21,2,262,6,61,0.0,10,102.0,3,5,2,6,5,0,0,0,0,0,0,0,38,30–39,441,1
1949,Master,Married,62845.0,2012-10-01,3,1099,0,45,0.0,0,34.0,11,3,4,10,8,0,1,0,0,0,0,1,66,60+,1178,2
1990,Graduation,Married,18929.0,2013-02-16,15,32,0,8,23.0,4,18.0,1,1,0,4,6,0,0,0,0,0,0,0,25,<30,85,0
1982,Basic,Single,24367.0,2013-03-20,58,2,4,2,0.0,11,5.0,1,1,0,2,9,0,0,0,0,0,0,0,33,30–39,24,1
1975,Graduation,Single,33249.0,2013-02-20,11,6,10,21,19.0,14,42.0,2,2,1,3,6,0,0,0,0,0,0,0,40,40–49,112,1
1959,2n Cycle,Married,26887.0,2013-02-10,27,6,7,4,3.0,4,6.0,1,1,0,3,6,0,0,0,0,0,0,0,56,50–59,30,1
1983,PhD,Married,50150.0,2013-06-20,32,135,46,92,65.0,61,11.0,2,5,2,7,5,0,0,0,0,0,0,0,32,30–39,410,0
1976,Graduation,Together,62061.0,2013-08-31,12,641,7,84,0.0,30,38.0,3,10,4,7,6,0,1,0,0,0,0,0,39,30–39,800,1
1962,PhD,Divorced,85696.0,2013-05-03,88,714,76,395,116.0,0,12.0,1,4,6,9,1,0,0,0,0,0,0,1,53,50–59,1313,0
1956,PhD,Together,76542.0,2013-03-30,91,794,73,556,0.0,29,14.0,1,4,8,10,2,0,0,0,0,0,0,0,59,50–59,1483,0
1993,Graduation,Single,70515.0,2013-10-21,12,420,0,452,120.5,64,126.5,1,6,6,4,2,0,0,0,0,0,0,1,22,<30,1258,0
1987,Graduation,Together,18227.0,2012-11-08,21,1,2,7,4.0,3,11.0,1,0,1,2,8,0,0,0,0,0,0,0,28,<30,28,1
1965,Graduation,Married,69139.0,2014-01-27,23,86,12,75,33.0,15,6.0,1,4,1,5,4,0,0,0,0,0,0,0,50,50–59,227,1
1982,Graduation,Married,69109.0,2012-11-09,10,823,25,459,120.5,29,95.0,1,6,6,7,4,0,0,1,0,0,0,1,33,30–39,1555,0
1962,Graduation,Single,69627.0,2013-03-17,35,231,81,215,120.5,30,53.0,2,8,2,11,5,0,0,0,0,0,0,0,53,50–59,861,1
1978,Graduation,Married,38136.0,2013-04-22,69,8,15,27,0.0,20,33.0,2,3,1,2,8,1,0,0,0,0,0,0,37,30–39,103,1
1946,PhD,Single,62159.0,2014-04-28,68,182,17,259,77.0,70,29.0,1,6,2,10,4,0,0,0,0,0,0,0,69,60+,634,0
1963,Graduation,Single,80695.0,2013-12-29,85,557,81,556,120.5,37,18.0,1,5,8,5,2,0,0,0,0,0,0,0,52,50–59,1918,0
1971,Master,Single,33316.0,2013-10-04,34,79,1,31,4.0,4,12.0,3,2,1,4,6,0,0,0,0,0,0,0,44,40–49,131,2
1968,Graduation,Together,58554.0,2012-09-26,55,368,24,68,38.0,0,88.0,6,8,2,6,7,0,0,0,0,0,0,0,47,40–49,586,2
1992,Basic,Married,17256.0,2013-11-23,10,6,4,14,8.0,8,22.0,2,2,1,2,8,1,0,0,0,0,0,0,23,<30,62,1
1974,Graduation,Divorced,53034.0,2013-05-30,30,160,15,196,15.0,11,50.0,8,6,1,7,8,0,0,0,0,0,0,0,41,40–49,447,2
1950,2n Cycle,Together,52203.0,2012-07-31,36,488,21,238,56.0,81,28.0,1,8,7,11,6,0,0,0,0,0,0,0,65,60+,939,0
1977,2n Cycle,Divorced,59601.0,2013-07-25,14,691,7,69,0.0,7,23.0,4,2,2,7,8,0,1,0,0,0,0,0,38,30–39,797,1
1958,Master,Single,75154.0,2012-09-04,79,543,10,205,120.5,81,82.0,1,6,3,6,3,0,0,0,0,0,0,1,57,50–59,1143,1
1976,Graduation,Single,47025.0,2013-11-07,52,254,7,108,20.0,0,26.0,3,6,3,5,6,0,0,0,0,0,0,0,39,30–39,415,1
1973,Graduation,Married,37971.0,2013-11-25,97,5,4,10,2.0,2,7.0,1,1,0,3,8,0,0,0,0,0,0,0,42,40–49,30,1
1968,Master,Divorced,41335.0,2013-12-26,24,112,19,21,16.0,14,5.0,3,4,1,4,7,0,0,0,0,0,0,0,47,40–49,187,1
1958,Graduation,Married,67267.0,2014-05-13,0,134,11,59,15.0,2,30.0,1,3,2,5,2,0,0,0,0,0,0,0,57,50–59,251,1
1975,Graduation,Single,57338.0,2014-04-29,96,143,6,52,11.0,8,17.0,2,4,1,5,5,0,0,0,0,0,0,0,40,40–49,237,1
1960,2n Cycle,Together,50523.0,2013-12-25,89,51,4,24,4.0,7,1.0,2,2,0,4,6,0,0,0,0,0,0,0,55,50–59,91,2
1965,Master,Single,35791.0,2013-05-06,94,27,0,5,0.0,0,3.0,2,1,0,3,8,0,0,0,0,0,0,0,50,50–59,35,3
1960,PhD,Divorced,50611.0,2012-10-04,98,459,0,24,6.0,0,4.0,6,4,5,7,6,0,1,0,0,0,0,0,55,50–59,493,1
1969,PhD,Married,56242.0,2013-03-03,72,689,8,167,11.0,8,88.0,5,8,4,11,6,0,0,0,0,0,0,0,46,40–49,971,1
1960,Graduation,Single,48904.0,2012-12-02,1,283,10,38,0.0,13,27.0,4,7,2,4,8,0,0,0,0,0,0,0,55,50–59,371,1
1975,Graduation,Single,56243.0,2013-12-30,26,347,0,35,4.0,3,7.0,6,4,2,8,5,0,0,0,0,0,0,0,40,40–49,396,3
1985,Graduation,Married,21355.0,2013-08-20,5,5,13,14,0.0,5,31.0,2,2,1,2,6,1,0,0,0,0,0,1,30,30–39,68,1
1971,Master,Together,57420.0,2013-06-25,22,280,0,18,0.0,0,24.0,3,5,1,6,7,0,1,0,0,0,0,0,44,40–49,322,1
1970,Master,Together,51381.5,2013-04-01,39,187,5,65,26.0,20,14.0,2,4,2,6,5,0,0,0,0,0,0,0,45,40–49,317,1
1955,Master,Divorced,46390.0,2014-05-05,56,95,14,64,2.0,9,38.0,1,4,2,3,7,0,0,0,0,0,0,0,60,60+,222,1
1956,2n Cycle,Together,54342.0,2013-07-03,74,84,10,34,11.0,10,28.0,4,3,1,4,6,0,0,0,0,0,0,0,59,50–59,177,2
1958,Graduation,Together,51381.5,2012-09-03,87,19,4,12,2.0,2,6.0,1,1,0,3,5,0,0,0,0,0,0,0,57,50–59,45,2
1964,2n Cycle,Single,51381.5,2014-01-12,49,5,1,9,2.0,0,4.0,1,1,0,2,7,0,0,0,0,0,0,0,51,50–59,21,2
1973,Graduation,Married,20895.0,2012-10-06,24,18,3,17,3.0,0,4.0,1,2,0,3,9,0,0,0,0,0,0,0,42,40–49,45,1
1948,Graduation,Married,92344.0,2014-01-15,9,992,24,556,51.0,19,119.0,0,5,10,5,1,1,0,1,0,0,0,0,67,60+,1899,0
1972,PhD,Together,51381.5,2014-03-02,17,25,1,13,0.0,0,3.0,1,1,0,3,7,0,0,0,0,0,0,0,43,40–49,42,1
1976,2n Cycle,Together,26907.0,2013-08-20,10,9,1,7,0.0,3,2.0,2,1,0,3,7,0,0,0,0,0,0,0,39,30–39,22,2
1980,Graduation,Together,44964.0,2012-12-16,35,19,1,17,2.0,0,2.0,1,1,0,3,8,0,0,0,0,0,0,0,35,30–39,41,2
1979,Graduation,Together,75507.0,2014-05-02,56,709,81,374,104.0,80,80.0,1,8,6,6,3,0,0,0,0,0,0,0,36,30–39,1440,0
1972,Master,Married,53761.0,2013-10-11,7,158,0,76,13.0,7,71.0,6,4,4,3,5,0,0,0,0,0,0,0,43,40–49,325,2
1973,Graduation,Together,22682.0,2013-10-03,51,10,14,29,4.0,2,36.0,3,2,1,4,4,0,0,0,0,0,0,0,42,40–49,95,1
1972,PhD,Together,38887.0,2014-03-02,17,25,1,13,0.0,0,3.0,1,1,0,3,7,0,0,0,0,0,0,0,43,40–49,42,1
1975,2n Cycle,Single,41658.0,2012-11-09,30,8,4,12,15.0,4,29.0,2,1,1,2,4,0,0,0,0,0,0,0,40,40–49,72,2
1972,PhD,Married,29791.0,2014-05-15,21,14,0,6,0.0,0,0.0,2,2,0,3,5,0,0,0,0,0,0,0,43,40–49,20,1
1956,Master,Married,63915.0,2013-07-30,2,622,7,115,30.0,0,15.0,2,6,3,12,5,0,0,0,0,0,0,0,59,50–59,789,2
1974,Graduation,Divorced,39996.0,2014-05-22,85,11,0,3,0.0,0,1.0,1,1,0,2,6,0,0,0,0,0,0,0,41,40–49,15,2
1972,Graduation,Divorced,26759.0,2014-02-07,65,25,3,16,8.0,5,2.0,2,2,1,3,6,0,0,0,0,0,0,0,43,40–49,59,1
1968,Master,Divorced,63841.0,2013-04-21,64,635,15,100,20.0,7,126.5,1,9,3,9,6,0,0,0,0,0,0,0,47,40–49,908,1
1969,PhD,Married,51039.0,2012-12-10,11,100,64,79,65.0,0,109.0,2,6,2,4,7,0,0,0,0,0,0,0,46,40–49,417,2
1961,Graduation,Married,60544.0,2012-08-25,92,201,2,43,3.0,5,35.0,4,5,1,5,6,0,0,0,0,0,0,0,54,50–59,289,2
1972,Graduation,Married,65685.0,2014-03-29,54,642,14,49,0.0,7,57.0,1,9,2,9,5,0,0,0,0,0,0,0,43,40–49,769,1
1953,Graduation,Married,37716.0,2014-04-21,4,97,1,41,6.0,2,41.0,2,4,1,3,7,0,0,0,0,0,0,0,62,60+,188,1
1957,Graduation,Single,36864.0,2012-08-13,53,204,5,39,17.0,0,89.0,3,5,2,4,8,0,0,0,0,0,0,1,58,50–59,354,1
1970,Master,Married,44511.0,2012-10-12,39,513,7,133,46.0,14,14.0,6,8,4,8,8,0,0,0,0,0,0,0,45,40–49,727,1
1967,PhD,Married,36947.0,2012-08-07,49,88,3,21,4.0,1,29.0,4,3,0,4,9,0,0,0,0,0,0,0,48,40–49,146,2
1951,Master,Together,47352.0,2013-04-11,70,172,12,112,8.0,0,15.0,4,6,1,5,7,0,0,0,0,0,0,0,64,60+,319,1
1953,Master,Married,67087.0,2013-12-17,40,329,35,222,120.5,35,43.0,2,7,5,8,4,0,0,0,0,0,0,0,62,60+,794,1
1950,Graduation,Married,57045.0,2012-09-08,40,296,13,104,11.0,13,17.0,3,4,2,9,3,0,0,0,0,0,0,0,65,60+,454,1
1953,PhD,Divorced,36957.0,2012-09-06,43,100,2,16,2.0,1,31.0,4,3,2,2,9,0,0,0,0,0,0,1,62,60+,152,2
1977,PhD,Married,69389.0,2012-09-28,17,422,7,238,69.0,46,15.0,1,7,2,12,4,0,0,0,0,0,0,0,38,30–39,797,1
1972,Graduation,Married,80134.0,2013-05-20,40,1218,16,272,104.0,0,80.0,2,5,3,6,6,0,1,1,1,0,0,1,43,40–49,1690,1
1969,Master,Married,43142.0,2014-02-18,84,5,1,7,2.0,1,4.0,1,1,0,2,7,0,0,0,0,0,0,0,46,40–49,20,2
1944,Graduation,Married,80589.0,2014-01-22,25,507,81,520,120.5,40,26.0,1,5,10,5,1,0,0,0,1,0,0,1,71,60+,1428,0
1990,Graduation,Single,34412.0,2013-02-13,62,52,12,50,4.0,36,55.0,3,5,0,3,9,0,0,0,0,0,0,0,25,<30,209,1
1979,Graduation,Single,57537.0,2013-06-10,83,191,56,139,51.0,8,100.0,4,4,3,8,4,0,0,0,0,0,0,0,36,30–39,545,1
1966,Basic,Together,22634.0,2013-01-16,47,2,23,11,8.0,6,46.0,1,2,1,2,8,0,0,0,0,0,0,0,49,40–49,96,0
1948,Graduation,Together,51315.0,2014-02-23,45,68,28,39,16.0,30,41.0,1,2,2,5,2,0,0,0,0,0,0,0,67,60+,222,0
1972,Graduation,Married,36026.0,2014-03-16,34,20,4,10,6.0,4,17.0,2,2,0,3,6,0,0,0,0,0,0,0,43,40–49,61,3
1973,Graduation,Married,24639.0,2014-01-28,3,20,3,16,0.0,4,1.0,3,2,0,4,6,0,0,0,0,0,0,0,42,40–49,44,2
1972,PhD,Together,34578.0,2014-04-11,1,7,0,1,0.0,0,0.0,1,1,0,2,6,0,0,0,0,0,0,0,43,40–49,8,3
1972,2n Cycle,Single,65704.0,2013-10-13,18,279,81,74,38.0,8,126.5,1,2,10,10,1,0,0,0,0,0,0,0,43,40–49,817,0
1966,Graduation,Single,63810.0,2012-11-11,45,977,12,253,16.0,12,101.0,4,4,3,12,8,0,1,0,0,0,0,0,49,40–49,1371,1
1969,PhD,Together,54132.0,2014-02-16,81,30,1,8,0.0,0,3.0,1,1,0,3,7,0,0,0,0,0,0,0,46,40–49,42,1
1959,Graduation,Married,18690.0,2012-12-28,77,6,1,7,23.0,4,19.0,1,1,1,2,8,0,0,0,0,0,0,0,56,50–59,60,0
1970,Graduation,Married,28164.0,2013-05-04,23,3,18,26,11.0,8,12.0,3,2,0,4,7,0,0,0,0,0,0,0,45,40–49,78,1
1974,PhD,Married,34596.0,2013-04-13,48,14,0,2,0.0,0,7.0,1,1,0,2,8,0,0,0,0,0,0,0,41,40–49,23,1
1972,PhD,Married,43269.0,2013-09-16,61,10,1,7,0.0,0,1.0,1,1,0,2,8,0,0,0,0,0,0,0,43,40–49,19,1
1958,2n Cycle,Single,38741.0,2014-03-30,60,7,10,17,8.0,6,13.0,2,2,0,3,7,0,0,0,0,0,0,0,57,50–59,61,2
1972,Graduation,Single,31907.0,2013-03-04,75,33,81,64,120.5,16,74.0,1,6,1,6,7,0,0,0,0,0,0,0,43,40–49,449,0
1983,Master,Married,27100.0,2013-04-05,64,12,0,13,2.0,0,10.0,1,1,0,3,7,0,0,0,0,0,0,0,32,30–39,37,1
1973,2n Cycle,Divorced,31163.0,2014-02-13,54,2,3,10,11.0,2,10.0,1,1,0,3,6,0,0,0,0,0,0,0,42,40–49,38,1
1985,Graduation,Married,92533.0,2013-12-19,84,693,21,118,110.0,81,42.0,1,6,5,11,2,0,0,1,1,0,0,0,30,30–39,1131,0
1973,Graduation,Single,34853.0,2013-12-23,75,9,3,15,2.0,3,2.0,2,2,0,3,6,0,0,0,0,0,0,0,42,40–49,34,2
1967,Graduation,Divorced,70844.0,2013-10-30,16,129,26,67,3.0,67,2.0,5,6,1,5,7,0,0,0,0,0,0,0,48,40–49,294,2
1979,2n Cycle,Married,31086.0,2013-05-04,79,16,2,11,3.0,0,16.0,2,1,1,2,8,1,0,0,0,0,0,0,36,30–39,48,2
1961,Graduation,Married,60544.0,2012-08-25,92,201,2,43,3.0,5,35.0,4,5,1,5,6,0,0,0,0,0,0,0,54,50–59,289,2
1986,2n Cycle,Together,20491.0,2013-01-25,16,5,4,5,4.0,2,10.0,1,0,1,2,7,0,0,0,0,0,0,0,29,<30,30,0
1964,Graduation,Married,42523.0,2014-04-23,96,14,36,11,3.0,26,35.0,1,1,1,4,2,0,0,0,0,0,0,0,51,50–59,125,0
1983,Graduation,Married,39922.0,2013-02-14,30,29,12,59,19.0,1,36.0,2,3,0,4,8,0,0,0,0,0,0,0,32,30–39,156,1
1952,Graduation,Together,33402.0,2013-07-18,60,26,2,19,10.0,5,8.0,3,2,1,3,8,0,0,0,0,0,0,0,63,60+,70,2
1949,Master,Married,36408.0,2013-09-21,11,9,1,4,3.0,2,3.0,1,1,0,2,6,0,0,0,0,0,0,0,66,60+,22,2
1979,Graduation,Together,21645.0,2012-09-03,75,14,0,23,4.0,5,19.0,3,3,0,3,9,0,0,0,0,0,0,1,36,30–39,65,1
1948,Master,Widow,78427.0,2012-10-24,36,972,19,556,120.5,26,126.5,3,3,7,10,3,0,0,0,1,0,0,1,67,60+,1930,0
1946,Graduation,Together,82657.0,2013-09-27,71,966,81,556,120.5,81,126.0,1,7,5,10,4,0,1,0,1,0,0,0,69,60+,2283,0
1958,Graduation,Married,51876.0,2013-10-15,88,99,27,102,28.0,48,6.0,1,2,2,8,1,0,0,0,0,0,0,0,57,50–59,310,0
1971,2n Cycle,Married,78041.0,2012-12-16,93,482,35,553,72.0,81,17.0,1,4,4,9,2,0,0,0,0,0,0,0,44,40–49,1319,0
1957,Graduation,Married,52852.0,2012-12-01,93,714,8,99,11.0,0,47.0,4,10,7,5,8,1,0,0,0,0,0,0,58,50–59,879,1
1982,PhD,Together,70038.0,2013-10-25,54,587,54,348,71.0,54,126.5,1,4,4,8,2,0,0,0,0,0,0,0,33,30–39,1244,0
1973,2n Cycle,Together,69401.0,2014-03-23,41,399,27,159,58.0,8,39.0,4,4,4,5,2,0,0,0,0,0,0,0,42,40–49,690,1
1972,Graduation,Together,46053.0,2013-02-17,46,56,10,92,19.0,7,25.0,3,3,2,4,5,0,0,0,0,0,0,0,43,40–49,209,1
1965,Graduation,Married,77343.0,2014-06-09,28,227,81,556,98.0,54,31.0,1,3,4,9,1,0,0,0,0,0,0,0,50,50–59,1134,0
1953,Graduation,Single,73892.0,2013-11-13,40,703,81,556,0.0,58,43.0,1,3,11,8,1,0,0,0,0,0,0,1,62,60+,1507,0
1967,PhD,Single,40304.0,2013-09-30,82,37,0,17,0.0,0,3.0,1,2,0,3,7,0,0,0,0,0,0,0,48,40–49,57,1
1965,PhD,Together,32727.0,2012-08-28,38,167,13,180,86.0,13,70.0,2,7,3,5,8,0,0,0,0,0,0,0,50,50–59,529,0
1969,Graduation,Together,68695.0,2014-06-25,3,458,81,356,106.0,50,40.0,1,4,4,7,2,0,0,0,0,0,0,0,46,40–49,1091,0
1971,Graduation,Divorced,43300.0,2012-10-13,87,91,3,52,2.0,1,31.0,3,4,0,4,8,0,0,0,0,0,0,1,44,40–49,180,1
1972,Graduation,Together,26290.0,2013-01-12,49,15,8,16,11.0,5,22.0,4,2,0,4,6,0,0,0,0,0,0,0,43,40–49,77,2
1970,Graduation,Single,93790.0,2014-02-12,16,1302,68,556,89.0,81,45.0,0,6,7,12,2,0,1,1,1,0,0,1,45,40–49,2349,0
1974,PhD,Married,38410.0,2012-09-14,65,153,64,123,116.0,64,14.0,2,5,2,9,6,0,0,0,0,0,0,1,41,40–49,534,0
1950,Master,Widow,64866.0,2014-01-26,9,508,5,21,7.0,5,10.0,4,7,3,7,5,0,1,0,0,0,0,0,65,60+,556,1
1959,Graduation,Together,57957.0,2013-08-19,24,290,59,177,77.0,5,29.0,7,4,6,8,3,0,0,0,0,0,1,0,56,50–59,637,1
1955,PhD,Together,46015.0,2014-04-13,25,38,0,2,0.0,0,6.0,1,1,0,3,7,1,0,0,0,1,0,0,60,60+,46,2
1978,Graduation,Together,16531.0,2014-06-18,43,2,13,6,7.0,5,11.0,3,3,0,3,7,0,0,0,0,0,0,0,37,30–39,44,1
1986,Master,Married,28072.0,2013-07-08,10,30,0,10,2.0,0,5.0,1,1,0,3,7,0,0,0,0,0,0,0,29,<30,47,1
1963,Master,Divorced,49476.0,2013-06-20,29,386,23,95,54.0,41,126.5,4,2,11,5,2,0,0,0,0,0,0,0,52,50–59,795,1
1953,Graduation,Married,50725.0,2013-02-13,45,443,10,75,0.0,10,48.0,4,8,1,8,8,0,0,0,0,0,0,0,62,60+,586,1
1952,Graduation,Together,83844.0,2013-05-12,57,901,31,345,75.0,31,126.5,1,4,4,11,1,0,0,1,0,0,0,0,63,60+,1574,0
1950,PhD,Married,41145.0,2014-02-08,20,9,0,3,0.0,0,1.0,1,0,0,3,3,0,0,0,0,0,0,0,65,60+,13,2
1970,Graduation,Together,67419.0,2013-01-16,29,846,81,352,91.0,56,42.0,4,9,4,8,5,0,0,0,0,0,0,0,45,40–49,1471,1
1970,2n Cycle,Married,23162.0,2013-12-21,82,8,3,9,19.0,4,22.0,3,1,1,3,6,0,0,0,0,0,0,0,45,40–49,65,2
1977,Graduation,Married,34380.0,2013-05-02,68,72,7,58,13.0,1,24.0,4,4,1,3,8,0,0,0,0,0,0,0,38,30–39,175,1
1966,Graduation,Single,34704.0,2013-04-27,65,29,0,5,0.0,1,5.0,1,1,0,3,5,0,0,0,0,0,0,0,49,40–49,40,1
1969,PhD,Married,94871.0,2012-09-01,99,169,24,553,120.5,0,126.5,1,8,5,4,7,0,1,1,0,0,0,1,46,40–49,1078,2
1958,Graduation,Married,65148.0,2012-11-16,9,460,35,422,33.0,12,126.5,2,6,6,7,4,0,0,0,0,0,0,0,57,50–59,1115,1
1954,Graduation,Together,39898.0,2013-02-12,20,69,8,26,12.0,7,12.0,2,3,0,4,7,0,0,0,0,0,0,0,61,60+,134,1
1956,Master,Single,64857.0,2012-11-23,78,556,14,556,120.5,0,43.0,1,7,5,10,4,0,0,0,0,0,0,0,59,50–59,1540,0
1970,PhD,Married,59892.0,2013-11-02,26,73,0,13,0.0,1,0.0,1,2,1,3,3,0,0,0,0,0,0,0,45,40–49,87,1
1987,Master,Single,41020.0,2013-10-28,68,112,1,54,7.0,7,36.0,1,3,2,4,3,0,0,0,0,0,0,0,28,<30,217,0
1961,PhD,Married,57072.0,2014-01-24,79,944,0,60,0.0,0,30.0,2,7,5,13,5,1,0,0,0,0,0,0,54,50–59,1034,1
1979,Graduation,Single,60474.0,2013-04-01,25,265,81,303,120.5,9,126.5,7,10,2,12,7,0,0,0,0,0,0,0,36,30–39,1180,1
1960,Graduation,Together,62807.0,2012-08-31,83,526,28,135,10.0,21,99.0,3,5,3,12,5,0,0,0,0,0,0,0,55,50–59,819,1
1981,2n Cycle,Together,19414.0,2013-10-16,32,2,3,12,3.0,5,7.0,1,1,0,3,8,0,0,0,0,0,0,0,34,30–39,32,1
1980,Graduation,Married,19107.0,2013-08-22,49,2,4,9,10.0,5,16.0,2,1,0,3,7,0,0,0,0,0,0,0,35,30–39,46,1
1976,2n Cycle,Together,75484.0,2012-08-02,50,378,81,259,120.5,81,34.0,2,7,3,6,4,0,0,0,0,0,0,0,39,30–39,1159,1
1976,Master,Single,70379.0,2013-03-03,84,553,25,142,65.0,67,8.0,3,6,3,13,4,0,0,0,0,0,0,0,39,30–39,860,1
1970,Master,Together,79419.0,2014-06-22,96,751,81,556,20.0,15,31.0,1,4,6,4,2,0,0,0,0,0,0,0,45,40–49,1631,0
1946,PhD,Together,64014.0,2014-06-10,56,406,0,30,0.0,0,8.0,7,8,2,5,7,0,0,0,1,0,0,0,69,60+,444,3
1955,Graduation,Married,76998.0,2013-01-11,85,1449,81,161,69.0,35,107.0,2,11,8,8,6,0,0,1,0,0,0,0,60,60+,1910,1
1972,Master,Together,49854.0,2013-11-10,63,123,17,171,39.0,0,30.0,5,6,2,5,6,0,0,0,0,0,0,0,43,40–49,380,1
1971,PhD,Married,60585.0,2013-06-24,17,267,42,309,55.0,42,21.0,10,7,4,9,5,0,0,0,0,0,0,1,44,40–49,736,2
1950,PhD,Divorced,42873.0,2013-01-21,11,209,0,40,3.0,2,15.0,4,6,1,4,8,0,0,0,0,0,0,0,65,60+,269,2
1988,Graduation,Together,87679.0,2013-07-27,62,1259,81,556,97.0,81,33.0,1,7,11,10,4,1,0,1,1,0,0,1,27,<30,2524,0
1978,Graduation,Together,57867.0,2013-10-01,48,344,35,178,15.0,23,17.0,7,7,2,9,6,0,0,0,0,0,0,0,37,30–39,612,1
1990,Graduation,Married,35765.0,2013-12-11,86,22,3,30,0.0,5,15.0,2,2,0,4,6,0,0,0,0,0,0,0,25,<30,75,1
1959,Graduation,Married,65492.0,2014-01-26,73,247,81,295,120.5,81,47.0,2,4,7,13,2,0,0,0,0,0,0,0,56,50–59,1045,0
1977,Graduation,Divorced,32952.0,2013-12-01,36,38,0,12,3.0,1,1.0,1,2,0,3,7,0,0,0,0,0,0,0,38,30–39,55,1
1969,PhD,Together,53374.0,2012-08-16,34,896,10,101,13.0,10,34.0,6,4,2,9,9,1,0,0,0,0,0,1,46,40–49,1064,1
1959,Graduation,Together,71706.0,2012-11-13,16,931,56,253,91.0,81,14.0,4,9,5,7,5,0,0,0,0,0,0,0,56,50–59,1443,1
1988,Graduation,Married,68487.0,2013-01-13,48,758,12,385,33.0,81,89.0,1,9,7,13,4,0,0,0,0,0,0,0,27,<30,1366,0
1975,Master,Together,53253.0,2013-02-11,61,216,9,57,20.0,9,125.0,7,4,3,5,5,0,0,0,0,0,0,0,40,40–49,436,2
1973,2n Cycle,Divorced,31163.0,2014-02-13,54,2,3,10,11.0,2,10.0,1,1,0,3,6,0,0,0,0,0,0,0,42,40–49,38,1
1977,Graduation,Married,42014.0,2012-08-17,56,244,15,108,4.0,15,50.0,6,7,1,6,8,0,0,0,0,0,0,1,38,30–39,436,1
1973,Master,Married,54108.0,2012-11-05,74,539,6,91,8.0,6,97.0,13,8,2,9,8,0,0,0,0,0,0,0,42,40–49,747,2
1955,PhD,Single,49667.0,2012-08-20,35,1181,26,120,17.0,13,39.0,2,5,10,5,8,1,0,0,0,0,0,1,60,60+,1396,0
1974,Master,Married,63206.0,2014-03-20,65,750,8,125,11.0,8,26.0,1,4,3,6,2,0,0,1,0,0,0,0,41,40–49,928,0
1972,Master,Married,57136.0,2013-07-09,48,306,5,109,21.0,81,92.0,9,5,2,10,6,0,0,0,0,0,0,0,43,40–49,642,2
1975,2n Cycle,Together,46772.0,2012-11-07,88,350,81,189,120.5,81,57.0,6,11,8,5,8,1,0,0,0,0,0,0,40,40–49,1048,1
1971,PhD,Married,78931.0,2013-10-25,19,331,81,170,58.0,81,35.0,1,2,8,13,1,0,0,0,0,0,0,0,44,40–49,943,0
1958,Graduation,Together,53977.0,2013-06-08,21,620,16,165,0.0,24,82.0,5,5,5,12,5,0,0,0,0,0,0,0,57,50–59,907,1
1988,Graduation,Married,84219.0,2014-02-02,27,434,81,400,45.0,81,45.0,1,3,4,10,1,0,0,0,0,0,0,0,27,<30,1198,0
1975,Master,Single,46098.0,2012-08-18,86,57,0,27,0.0,0,36.0,4,3,2,2,8,0,0,0,0,0,0,0,40,40–49,120,2
1965,Graduation,Married,73538.0,2012-11-25,92,811,76,428,99.0,81,107.0,3,10,4,9,7,0,0,0,0,0,0,0,50,50–59,1658,1
1986,Graduation,Married,79529.0,2014-04-27,1,423,42,556,73.0,81,126.5,1,4,8,9,2,0,0,0,0,0,0,0,29,<30,1638,0
1977,2n Cycle,Together,20981.0,2013-04-30,14,2,12,10,6.0,13,30.0,1,3,1,2,8,0,0,0,0,0,0,1,38,30–39,73,0
1980,Graduation,Single,51766.0,2014-03-11,74,60,51,87,6.0,20,51.0,2,4,2,4,5,0,0,0,0,0,0,0,35,30–39,275,1
1962,Graduation,Married,55759.0,2012-11-28,84,675,0,85,10.0,7,77.0,5,10,3,8,8,0,0,0,0,0,0,0,53,50–59,854,1
1978,Graduation,Married,33039.0,2013-09-09,4,30,8,12,8.0,8,12.0,1,2,0,4,5,0,0,0,0,0,0,0,37,30–39,78,1
1972,Master,Married,37787.0,2013-09-20,50,40,1,40,4.0,3,18.0,1,3,0,3,8,0,0,0,0,0,0,0,43,40–49,106,1
1970,Graduation,Single,27242.0,2012-11-11,2,3,17,26,20.0,1,39.0,2,2,0,3,9,0,0,0,0,0,0,1,45,40–49,106,1
1983,PhD,Single,87188.0,2013-06-03,73,910,81,556,49.0,74,55.0,1,10,2,6,3,0,0,0,0,0,0,1,32,30–39,1923,0
1971,Graduation,Together,69930.0,2013-05-26,21,252,81,556,120.5,70,126.5,1,4,5,12,3,0,0,0,0,0,0,0,44,40–49,1662,0
1976,Graduation,Single,37697.0,2014-02-07,82,34,6,21,11.0,4,8.0,1,2,1,3,6,0,0,0,0,0,0,0,39,30–39,84,1
1973,PhD,Married,37401.0,2014-05-06,14,19,3,19,3.0,1,3.0,2,2,0,3,7,0,0,0,0,0,0,0,42,40–49,48,1
1973,Graduation,Single,3502.0,2013-04-13,56,2,1,1,0.0,0,1.0,0,0,0,0,14,0,0,0,0,0,0,0,42,40–49,5,1
1976,Graduation,Married,58597.0,2012-11-20,20,490,0,184,10.0,28,21.0,12,7,4,9,7,0,0,0,0,0,0,0,39,30–39,733,2
1948,PhD,Widow,82032.0,2014-04-05,54,332,81,377,120.5,81,57.0,0,4,6,7,1,0,0,0,0,0,0,0,67,60+,1234,0
1958,Graduation,Together,28087.0,2012-12-11,77,53,8,17,13.0,0,21.0,3,2,2,2,7,0,0,0,0,0,0,0,57,50–59,112,2
1987,PhD,Single,74004.0,2014-02-24,5,784,48,556,42.0,81,48.0,1,4,6,4,3,0,0,1,1,0,0,1,28,<30,1658,0
1960,Graduation,Together,19740.0,2013-03-24,65,7,11,3,10.0,4,20.0,2,1,1,3,5,0,0,0,0,0,0,0,55,50–59,55,1
1975,2n Cycle,Married,57036.0,2012-12-11,33,1171,43,219,19.0,14,47.0,4,6,3,13,9,1,0,0,0,0,0,0,40,40–49,1513,1
1958,2n Cycle,Together,53083.0,2013-05-15,65,215,7,33,3.0,0,13.0,6,5,1,5,7,0,1,0,0,0,0,0,57,50–59,271,2
1975,PhD,Married,69283.0,2014-06-14,41,674,62,134,0.0,26,8.0,4,7,3,13,5,0,0,0,0,0,0,0,40,40–49,904,1
1975,Master,Single,46098.0,2012-08-18,86,57,0,27,0.0,0,36.0,4,3,2,2,8,0,0,0,0,0,0,1,40,40–49,120,2
1988,2n Cycle,Married,23331.0,2012-09-04,92,5,36,7,0.0,10,45.0,2,3,0,3,8,0,0,0,0,0,0,0,27,<30,103,1
1988,2n Cycle,Single,23331.0,2012-10-05,97,104,20,101,24.0,15,5.0,6,5,1,5,9,0,0,0,0,0,0,0,27,<30,269,1
1989,Graduation,Single,9255.0,2013-12-20,91,9,0,7,2.0,0,4.0,1,1,1,2,8,0,0,0,0,0,0,0,26,<30,22,1
1959,PhD,Widow,67786.0,2013-12-07,0,431,81,441,80.0,20,102.0,1,3,6,6,1,0,0,0,0,0,0,1,56,50–59,1156,0
1971,PhD,Married,71969.0,2012-10-16,59,1000,0,76,0.0,0,10.0,3,3,4,9,8,0,1,0,0,0,0,0,44,40–49,1086,1
1967,Master,Single,59235.0,2013-01-12,4,448,40,469,80.0,0,91.0,3,11,2,12,7,0,0,0,0,0,0,0,48,40–49,1128,1
1989,Graduation,Together,31928.0,2014-03-28,5,33,4,24,4.0,2,5.0,2,3,0,4,7,0,0,0,0,0,0,0,26,<30,72,1
1961,Master,Together,74881.0,2013-03-08,48,505,72,270,36.0,27,54.0,4,9,2,12,5,0,0,0,0,0,0,0,54,50–59,964,2
1978,Graduation,Married,65819.0,2012-11-29,99,267,38,556,120.5,81,63.0,1,5,4,10,3,0,0,0,0,0,0,0,37,30–39,1383,0
1953,PhD,Single,51411.0,2013-05-26,81,14,0,3,0.0,0,1.0,1,0,0,3,5,0,0,0,0,0,0,0,62,60+,18,3
1964,Graduation,Divorced,51983.0,2012-08-31,95,631,0,115,10.0,7,30.0,3,9,2,10,7,0,0,0,0,0,0,0,51,50–59,793,1
1986,Master,Together,42386.0,2013-01-13,43,65,4,16,0.0,4,11.0,1,3,0,3,8,0,0,0,0,0,0,0,29,<30,100,1
1987,2n Cycle,Married,30390.0,2013-09-02,5,10,12,12,25.0,1,20.0,1,2,0,3,6,0,0,0,0,0,0,0,28,<30,80,0
1963,Graduation,Single,30983.0,2012-11-09,50,51,4,50,12.0,1,49.0,1,4,0,3,8,0,0,0,0,0,0,1,52,50–59,167,0
1957,Graduation,Widow,66033.0,2013-01-20,76,293,35,179,46.0,59,65.0,2,8,3,7,7,0,0,0,0,0,0,0,58,50–59,677,1
1975,2n Cycle,Married,37284.0,2013-03-29,46,11,1,2,2.0,1,6.0,1,0,0,3,6,0,0,0,0,0,0,0,40,40–49,23,2
1951,Master,Divorced,57530.0,2013-10-12,68,50,1,27,6.0,7,1.0,1,1,1,4,1,0,0,0,0,0,0,0,64,60+,92,1
1965,2n Cycle,Married,76800.0,2014-03-08,33,173,26,255,35.0,71,81.0,1,4,4,7,1,0,0,0,0,0,0,0,50,50–59,641,0
1956,Graduation,Married,63943.0,2012-09-02,50,423,81,368,13.0,81,21.0,1,6,4,6,5,0,0,0,0,0,0,0,59,50–59,1106,1
1962,Graduation,Together,76081.0,2014-05-23,85,292,30,415,63.0,33,126.5,1,4,5,4,2,0,0,0,1,0,0,0,53,50–59,1033,0
1974,Graduation,Married,67445.0,2012-08-12,63,757,80,217,29.0,80,11.0,5,9,6,12,6,0,0,0,0,0,0,0,41,40–49,1174,1
1967,Master,Married,37054.0,2013-09-15,89,12,1,6,0.0,1,5.0,2,1,0,3,7,0,0,0,0,0,0,0,48,40–49,25,2
1962,Master,Together,47175.0,2012-10-28,81,167,2,44,6.0,2,19.0,7,4,2,4,8,1,0,0,0,0,0,1,53,50–59,240,2
1976,Graduation,Divorced,31859.0,2013-06-14,77,3,1,3,8.0,0,5.0,1,1,0,2,7,0,0,0,0,0,0,0,39,30–39,20,1
1961,Graduation,Divorced,27215.0,2013-01-23,50,30,5,22,8.0,9,28.0,4,2,1,4,6,0,0,0,0,0,0,0,54,50–59,102,3
1976,PhD,Divorced,70179.0,2013-07-21,10,532,81,168,69.0,44,126.5,3,7,3,13,5,0,0,0,0,0,0,0,39,30–39,1034,1
1983,Graduation,Married,39922.0,2013-02-14,30,29,12,59,19.0,1,36.0,2,3,0,4,8,0,0,0,0,0,0,0,32,30–39,156,1
1976,Master,Married,49681.0,2013-11-04,66,411,0,26,0.0,0,21.0,6,7,1,7,7,0,0,0,0,0,0,0,39,30–39,458,2
1988,Graduation,Married,24645.0,2012-11-01,16,5,3,4,4.0,1,0.0,1,1,0,2,8,0,0,0,0,0,0,0,27,<30,17,1
1954,Graduation,Divorced,79865.0,2014-06-18,12,71,81,278,120.5,81,38.0,1,5,10,5,1,0,0,0,0,0,0,0,61,60+,792,1
1985,Graduation,Married,44322.0,2014-06-16,30,46,0,40,3.0,0,3.0,2,3,0,3,8,0,0,0,0,0,0,0,30,30–39,92,1
1952,Graduation,Single,47958.0,2013-01-19,8,268,11,88,15.0,3,22.0,2,6,3,5,5,0,0,0,0,0,0,0,63,60+,407,1
1964,Master,Single,63972.0,2012-12-02,93,928,63,254,0.0,12,12.0,4,5,4,10,4,0,1,0,0,0,0,0,51,50–59,1269,1
1954,Graduation,Together,75315.0,2014-04-15,14,459,15,171,120.5,23,31.0,2,5,4,12,2,0,0,0,0,0,0,0,61,60+,841,1
1950,PhD,Married,55517.0,2012-09-27,53,483,0,108,0.0,6,36.0,5,11,1,6,9,0,0,0,0,0,0,1,65,60+,633,2
1957,PhD,Married,75283.0,2013-03-27,26,733,9,180,12.0,19,66.0,11,6,3,5,4,0,0,0,0,0,0,0,58,50–59,1019,3
1946,PhD,Single,82800.0,2012-11-24,23,1006,22,115,59.0,68,45.0,1,7,6,12,3,0,0,1,1,0,0,1,69,60+,1315,0
1954,Graduation,Married,38998.0,2012-11-03,92,34,1,14,0.0,0,5.0,3,2,0,3,8,0,0,0,0,0,1,0,61,60+,54,2
1991,Master,Single,90638.0,2014-02-13,29,1156,81,556,94.0,81,96.0,1,3,4,10,1,0,0,1,0,0,0,1,24,<30,2525,0
1986,Master,Married,27161.0,2013-10-28,41,7,4,23,7.0,0,11.0,1,1,0,3,7,0,0,0,0,0,0,0,29,<30,52,1
1977,Graduation,Married,42014.0,2012-08-17,56,244,15,108,4.0,15,50.0,6,7,1,6,8,0,0,0,0,0,0,1,38,30–39,436,1
1960,PhD,Together,38201.0,2013-03-29,19,233,0,23,0.0,0,12.0,4,5,1,5,8,0,0,0,0,0,0,0,55,50–59,268,1
1982,Graduation,Together,45203.0,2014-03-23,4,35,3,67,10.0,8,24.0,1,3,1,3,6,0,0,0,0,0,0,1,33,30–39,147,2
1947,PhD,Together,81574.0,2014-04-28,89,1252,0,465,46.0,35,0.0,1,4,5,8,1,0,1,1,0,0,0,0,68,60+,1798,0
1992,Graduation,Married,34935.0,2013-06-21,71,34,4,66,3.0,10,20.0,1,2,1,4,7,0,0,0,0,0,0,0,23,<30,137,0
1976,Master,Single,60482.0,2013-01-23,81,255,43,134,37.0,14,24.0,1,7,2,7,7,0,0,0,0,0,0,0,39,30–39,507,1
1956,Graduation,Together,34633.0,2014-01-23,31,8,1,5,0.0,0,1.0,1,1,0,2,6,0,0,0,0,0,0,0,59,50–59,15,3
1947,Master,Together,78093.0,2013-12-11,53,368,32,556,13.0,43,10.0,1,4,7,5,1,0,0,0,0,0,0,0,68,60+,1105,0
1950,Graduation,Divorced,82460.0,2013-12-02,78,255,47,556,52.0,32,15.0,1,5,3,6,1,0,0,0,0,0,0,0,65,60+,974,0
1966,Master,Together,45903.0,2014-04-23,80,33,8,10,2.0,10,3.0,2,2,1,3,4,0,0,0,0,0,0,0,49,40–49,66,1
1987,Graduation,Divorced,81361.0,2014-02-25,18,163,23,424,27.0,65,76.0,1,3,10,13,1,0,0,0,0,0,0,1,28,<30,778,0
1973,PhD,Divorced,35860.0,2014-05-19,37,15,0,8,4.0,2,20.0,2,1,1,2,5,1,0,0,0,0,0,1,42,40–49,49,2
1952,Master,Together,40442.0,2012-08-19,52,45,12,52,25.0,22,13.0,4,3,1,4,7,0,0,0,0,0,0,1,63,60+,169,2
1965,Graduation,Married,61482.0,2014-06-27,39,48,58,68,16.0,66,43.0,1,3,2,6,2,0,0,0,0,0,0,0,50,50–59,299,0
1980,Graduation,Married,34968.0,2013-04-10,11,158,6,45,8.0,2,2.0,7,3,2,5,7,0,0,0,0,0,0,0,35,30–39,221,1
1987,Graduation,Married,75794.0,2013-12-24,33,754,81,556,63.0,32,48.0,1,7,5,12,3,0,0,0,1,0,0,0,28,<30,1682,0
1962,PhD,Together,31497.0,2012-12-06,22,108,1,28,13.0,1,4.0,2,3,1,4,8,0,0,0,0,0,0,0,53,50–59,155,1
1955,Graduation,Married,74268.0,2013-02-14,83,199,66,315,97.0,81,41.0,1,4,3,5,2,0,0,0,0,0,0,0,60,60+,892,0
1988,Basic,Together,13724.0,2012-08-31,43,2,7,5,2.0,15,27.0,1,2,0,2,9,1,0,0,0,0,0,0,27,<30,58,1
1965,Master,Together,45143.0,2013-08-26,74,202,5,74,11.0,5,14.0,3,6,1,5,7,0,0,0,0,0,0,0,50,50–59,311,1
1967,PhD,Single,52569.0,2014-04-05,54,85,0,3,0.0,0,7.0,1,2,0,4,3,0,0,0,0,0,0,0,48,40–49,95,1
1973,PhD,Single,48432.0,2012-10-18,3,322,3,50,4.0,3,42.0,5,7,1,6,8,0,0,0,0,0,0,1,42,40–49,424,1
1960,Master,Together,17144.0,2014-02-15,96,18,2,19,0.0,2,6.0,5,3,0,4,7,0,0,0,0,0,0,0,55,50–59,47,2
1984,Graduation,Single,36108.0,2013-10-15,68,141,8,129,3.0,11,47.0,3,7,1,4,9,1,0,0,0,0,0,0,31,30–39,339,1
1971,Graduation,Married,76445.0,2012-09-28,2,739,81,309,120.5,80,35.0,1,2,5,13,6,0,0,0,0,0,0,0,44,40–49,1410,1
1975,PhD,Married,36663.0,2014-04-25,40,18,0,6,3.0,3,5.0,1,1,1,3,2,0,0,0,0,0,0,0,40,40–49,35,1
1965,Master,Married,53843.0,2013-06-27,64,378,0,88,19.0,4,73.0,4,8,5,3,7,0,0,0,0,0,0,0,50,50–59,562,1
1956,Master,Married,90226.0,2012-09-26,26,1083,81,556,120.5,81,108.0,1,4,7,12,2,0,0,0,1,0,0,0,59,50–59,2352,0
1955,Master,Divorced,70638.0,2013-06-01,69,1016,12,215,16.0,12,63.0,1,4,5,10,3,0,1,0,0,0,0,0,60,60+,1334,0
1960,Graduation,Together,44512.0,2013-08-30,57,23,1,6,0.0,0,2.0,2,1,0,3,4,0,0,0,0,0,0,0,55,50–59,32,2
1961,Graduation,Married,27116.0,2014-03-02,78,12,1,21,2.0,2,3.0,2,2,0,3,7,0,0,0,0,0,0,0,54,50–59,41,2
1963,PhD,Married,54072.0,2013-07-27,71,35,0,4,0.0,0,0.0,1,2,0,2,8,0,0,0,0,0,0,0,52,50–59,39,2
1977,Graduation,Married,71855.0,2013-01-16,59,548,31,422,0.0,81,28.0,4,5,5,11,3,0,0,0,0,0,0,0,38,30–39,1141,1
1990,2n Cycle,Single,51250.0,2013-03-30,28,342,32,230,34.0,32,40.0,5,10,5,4,9,1,0,0,0,0,0,0,25,<30,710,1
1973,Master,Married,60432.0,2014-03-09,61,365,3,15,4.0,3,11.0,5,7,2,5,6,0,0,0,0,0,0,0,42,40–49,401,1
1964,PhD,Married,65526.0,2014-04-11,22,397,19,69,12.0,0,9.0,1,4,4,8,2,0,0,0,0,0,0,0,51,50–59,506,1
1988,Graduation,Single,68655.0,2012-08-10,95,456,19,556,75.0,81,38.0,1,4,5,11,3,0,0,0,0,0,0,0,27,<30,1538,0
1978,2n Cycle,Married,12393.0,2012-12-04,38,5,6,15,11.0,7,13.0,1,2,0,3,9,0,0,0,0,0,0,0,37,30–39,57,0
1990,Graduation,Single,64509.0,2013-08-17,19,836,81,556,24.0,25,77.0,1,6,3,9,4,1,0,0,0,0,0,1,25,<30,1722,0
1975,Graduation,Single,33955.0,2013-08-09,92,100,2,128,23.0,7,10.0,4,5,1,5,8,0,0,0,0,0,0,0,40,40–49,270,1
1977,Graduation,Married,31353.0,2013-12-29,24,10,0,10,3.0,1,7.0,2,1,1,2,8,0,0,0,0,0,0,1,38,30–39,31,2
1984,Graduation,Married,55434.0,2013-10-05,21,238,81,215,120.5,69,76.0,3,5,3,13,4,0,0,0,0,0,0,0,31,30–39,882,1
1983,Graduation,Together,28359.0,2013-10-27,35,6,0,5,2.0,1,2.0,1,1,0,2,7,0,0,0,0,0,0,0,32,30–39,16,1
1987,Graduation,Single,57100.0,2014-05-18,9,158,11,99,15.0,11,17.0,2,3,2,7,3,0,0,0,0,0,0,0,28,<30,311,1
1965,Graduation,Married,69139.0,2014-01-27,23,86,12,75,33.0,15,6.0,1,4,1,5,4,0,0,0,0,0,0,0,50,50–59,227,1
1956,Master,Married,52973.0,2012-11-08,92,856,0,76,12.0,9,126.5,7,9,6,9,8,0,0,0,0,0,0,0,59,50–59,1152,1
1965,PhD,Together,51717.0,2013-08-20,55,98,1,17,0.0,1,5.0,1,3,0,4,7,0,1,0,0,0,0,0,50,50–59,122,1
1971,Graduation,Married,18793.0,2013-01-12,14,4,16,20,0.0,17,20.0,3,2,0,4,8,0,0,0,0,0,0,0,44,40–49,77,1
1982,2n Cycle,Together,66664.0,2012-09-25,78,398,81,447,120.5,81,32.0,1,5,7,6,3,0,0,0,0,0,0,0,33,30–39,1289,0
1959,Graduation,Single,50664.0,2013-01-16,64,313,8,104,6.0,4,126.0,9,8,1,6,9,0,0,0,0,0,0,0,56,50–59,561,2
1963,Graduation,Together,54414.0,2013-01-23,49,109,18,16,24.0,26,18.0,4,3,1,5,4,0,0,0,0,0,0,0,52,50–59,211,2
1952,PhD,Married,54549.0,2014-03-03,8,216,2,6,0.0,0,9.0,2,5,1,4,7,0,0,0,0,0,0,0,63,60+,233,1
1971,PhD,Widow,47111.0,2012-09-08,35,595,71,153,120.0,81,41.0,6,3,2,10,9,0,0,0,0,0,0,0,44,40–49,1092,1
1963,PhD,Divorced,41003.0,2013-03-17,11,123,81,142,71.0,44,88.0,1,6,2,8,6,0,0,0,0,0,0,0,52,50–59,601,0
1982,Graduation,Together,19444.0,2014-02-22,8,16,0,23,3.0,2,10.0,3,4,1,2,7,0,0,0,0,0,0,1,33,30–39,54,1
1976,2n Cycle,Together,36301.0,2013-10-25,53,11,12,35,3.0,5,12.0,1,3,0,3,7,0,0,0,0,0,0,0,39,30–39,78,1
1947,PhD,Together,73059.0,2013-08-31,36,410,81,420,0.0,81,71.0,1,9,3,13,4,0,0,0,0,0,0,0,68,60+,1095,1
1969,PhD,Together,42731.0,2013-10-21,64,159,2,51,6.0,2,24.0,3,4,1,5,5,0,0,0,0,0,0,0,46,40–49,244,1
1959,PhD,Married,52854.0,2014-03-24,43,105,0,10,0.0,1,0.0,2,2,1,4,5,0,0,0,0,0,0,0,56,50–59,116,2
1978,Graduation,Together,22775.0,2013-06-19,40,5,1,8,0.0,0,1.0,1,1,0,2,8,0,0,0,0,0,0,0,37,30–39,15,1
1948,PhD,Together,46681.0,2013-10-08,52,269,15,69,15.0,19,38.0,2,4,6,4,5,0,0,0,0,0,0,0,67,60+,425,2
1955,PhD,Married,59821.0,2013-04-12,11,629,0,70,0.0,0,35.0,6,11,2,7,8,0,0,0,0,0,0,0,60,60+,734,1
1954,Graduation,Divorced,50002.0,2013-06-17,21,443,5,71,21.0,16,82.0,2,8,2,7,7,0,0,0,0,0,0,0,61,60+,638,1
1945,Graduation,Married,69755.0,2013-10-02,23,217,77,373,111.0,23,93.0,1,3,6,12,1,0,0,0,0,0,0,0,70,60+,894,0
1969,Graduation,Married,44078.0,2014-06-19,17,24,1,10,2.0,0,4.0,2,2,0,3,5,0,0,0,0,0,0,0,46,40–49,41,2
1976,Master,Together,30560.0,2013-06-27,6,9,1,5,4.0,5,7.0,1,1,0,3,7,0,0,0,0,0,0,0,39,30–39,31,1
1969,Master,Together,35924.0,2014-03-23,56,8,0,14,2.0,3,7.0,1,1,0,3,5,0,0,0,0,0,0,0,46,40–49,34,2
1964,PhD,Divorced,64140.0,2013-09-23,71,1459,0,61,0.0,15,126.5,5,2,5,6,5,1,0,1,0,1,0,1,51,50–59,1750,2
1981,Graduation,Together,56386.0,2012-10-27,51,230,48,214,13.0,32,75.0,8,9,1,7,9,0,0,0,0,0,0,0,34,30–39,612,2
1979,Basic,Together,24594.0,2013-12-10,94,1,3,6,10.0,0,9.0,1,1,0,3,5,0,0,0,0,0,0,0,36,30–39,29,1
1981,2n Cycle,Together,75774.0,2014-05-02,27,340,21,134,120.5,14,56.0,1,7,5,8,4,0,0,0,0,0,0,0,34,30–39,823,1
1960,Master,Divorced,39228.0,2013-05-10,1,7,1,6,0.0,3,3.0,1,0,0,3,4,0,0,0,0,0,0,0,55,50–59,20,0
1974,Master,Married,58494.0,2013-12-12,56,298,7,68,4.0,0,19.0,2,6,2,6,6,0,0,0,0,0,0,0,41,40–49,396,1
1981,Graduation,Single,58684.0,2014-06-16,71,479,35,179,28.0,7,85.0,1,5,3,12,2,0,1,0,0,0,0,0,34,30–39,813,0
1967,Graduation,Divorced,57136.0,2013-05-18,18,267,81,556,34.0,12,126.5,1,7,5,7,6,0,0,0,0,0,0,1,48,40–49,1179,0
1950,PhD,Widow,56551.0,2014-05-07,48,67,4,32,17.0,2,16.0,3,2,1,4,4,0,0,0,0,0,0,0,65,60+,138,2
1982,Graduation,Married,22448.0,2014-02-26,86,3,1,8,23.0,2,18.0,3,2,1,3,3,0,0,0,0,0,0,0,33,30–39,55,1
1961,Graduation,Single,82014.0,2012-08-20,48,980,37,265,35.0,81,31.0,1,3,6,12,6,0,0,0,0,0,0,1,54,50–59,1511,0
1963,Graduation,Widow,34213.0,2012-09-07,2,50,4,28,6.0,3,26.0,3,3,1,2,9,0,0,0,0,0,0,1,52,50–59,117,2
1977,Graduation,Together,157146.0,2013-04-29,13,1,0,556,2.0,1,1.0,0,0,28,0,1,0,0,0,0,0,0,0,38,30–39,1730,0
1947,PhD,Widow,25358.0,2013-07-22,57,19,0,5,0.0,0,8.0,2,1,0,3,6,0,0,0,0,0,0,0,68,60+,32,1
1978,Master,Single,35544.0,2014-03-08,77,30,5,23,4.0,1,4.0,1,2,0,3,7,0,0,0,0,0,0,0,37,30–39,67,1
1954,Master,Together,36634.0,2013-05-28,0,213,9,76,4.0,3,30.0,3,5,2,5,7,0,0,0,0,0,0,0,61,60+,335,1
1954,PhD,Married,62670.0,2014-02-02,57,539,30,92,80.0,46,38.0,1,5,3,13,3,0,0,0,0,0,0,0,61,60+,825,1
1972,2n Cycle,Together,50334.0,2013-07-24,24,284,16,160,84.0,16,126.5,6,7,4,6,6,0,0,0,0,0,0,0,43,40–49,694,1
1981,Graduation,Single,72066.0,2014-06-23,55,1003,34,536,120.5,51,34.0,1,4,6,6,2,0,0,1,1,0,0,1,34,30–39,1792,0
1958,PhD,Single,50729.0,2013-05-02,62,239,13,143,45.0,4,52.0,9,6,2,7,6,0,0,0,0,0,0,0,57,50–59,496,2
1968,Graduation,Together,34916.0,2013-05-15,89,51,23,82,33.0,0,42.0,4,5,1,3,9,0,0,0,0,0,0,0,47,40–49,231,2
1976,Graduation,Divorced,64892.0,2014-05-29,77,527,24,230,32.0,24,65.0,2,6,4,12,4,0,0,0,0,0,0,0,39,30–39,902,1
1966,Graduation,Single,43602.0,2014-01-10,45,19,5,12,10.0,3,19.0,3,3,1,2,6,0,0,0,0,0,0,0,49,40–49,68,2
1989,PhD,Single,33996.0,2013-09-11,46,40,2,15,8.0,0,6.0,1,1,1,3,4,0,0,0,0,0,0,0,26,<30,71,0
1985,2n Cycle,Single,41473.0,2013-06-19,80,21,8,20,15.0,3,9.0,1,2,0,3,7,0,0,0,0,0,0,0,30,30–39,76,1
1967,PhD,Married,63246.0,2013-08-20,60,593,30,91,29.0,22,7.0,1,6,3,12,4,0,0,0,0,0,0,0,48,40–49,772,2
1959,PhD,Married,36732.0,2013-12-29,71,21,5,3,10.0,1,7.0,3,1,1,4,2,0,0,0,0,0,0,0,56,50–59,47,2
1970,PhD,Married,69084.0,2013-11-19,43,1181,81,199,39.0,30,30.0,2,7,3,13,8,0,0,0,0,0,0,0,45,40–49,1586,1
1967,PhD,Married,77766.0,2013-02-22,97,1004,59,265,115.0,59,27.0,2,11,10,11,6,1,0,0,0,0,0,1,48,40–49,1529,1
1985,PhD,Single,37929.0,2013-07-30,49,202,2,46,3.0,2,10.0,2,4,2,5,7,0,1,0,1,0,0,1,30,30–39,265,0
1951,Graduation,Together,86610.0,2013-09-05,66,446,81,556,33.0,81,53.0,1,5,6,6,2,0,0,0,0,0,0,0,64,60+,1603,0
1986,Master,Married,80141.0,2013-01-11,20,1184,81,556,52.0,40,40.0,1,7,4,10,6,0,0,1,0,0,0,1,29,<30,2091,0
1955,2n Cycle,Married,72635.0,2013-06-03,54,390,22,323,104.0,35,107.0,1,6,8,6,3,0,0,0,1,0,0,0,60,60+,981,0
1970,Graduation,Married,69016.0,2012-11-22,61,726,53,363,120.5,81,126.5,4,8,9,13,5,0,0,0,0,0,0,0,45,40–49,1533,1
1991,2n Cycle,Together,20193.0,2012-11-28,18,8,8,22,24.0,11,9.0,1,1,1,4,4,0,0,0,0,0,0,0,24,<30,82,0
1975,Graduation,Married,27573.0,2013-03-25,45,50,15,110,39.0,15,15.0,4,5,1,4,8,0,0,0,0,0,0,0,40,40–49,244,1
1979,Basic,Single,15862.0,2013-06-27,26,1,1,4,11.0,9,10.0,1,1,0,3,8,0,0,0,0,0,0,0,36,30–39,36,1
1976,PhD,Married,49544.0,2013-02-12,0,308,0,73,0.0,0,23.0,2,5,1,8,7,0,0,0,0,0,0,0,39,30–39,404,1
1980,Graduation,Married,33228.0,2014-01-23,28,22,2,31,7.0,4,5.0,1,2,0,3,7,0,0,0,0,0,0,0,35,30–39,71,1
1978,Graduation,Together,70440.0,2013-10-08,49,690,81,499,76.0,81,88.0,1,5,10,7,3,0,0,0,1,0,0,0,37,30–39,1572,0
1971,Graduation,Together,38232.0,2014-01-17,84,43,5,28,7.0,6,33.0,4,3,1,3,5,0,0,0,0,0,0,0,44,40–49,122,2
1955,PhD,Married,22554.0,2012-11-03,38,27,0,10,0.0,0,4.0,4,2,0,4,5,0,0,0,0,0,0,0,60,60+,41,2
1983,PhD,Married,23536.0,2014-06-04,53,6,0,3,0.0,0,1.0,1,0,0,3,3,0,0,0,0,0,0,0,32,30–39,10,1
1952,Graduation,Married,49413.0,2013-10-25,88,205,7,41,3.0,2,46.0,2,4,2,5,5,0,0,0,0,0,0,0,63,60+,304,1
1969,Graduation,Married,42231.0,2014-03-25,99,24,0,8,0.0,1,4.0,1,1,0,3,5,0,0,0,0,0,0,0,46,40–49,37,2
1980,Master,Divorced,78789.0,2012-08-08,12,667,50,556,21.0,81,83.0,1,4,6,5,2,0,0,0,0,0,0,1,35,30–39,1754,0
1968,Graduation,Together,56534.0,2013-07-23,35,691,7,61,10.0,0,46.0,4,10,4,7,8,0,1,0,0,1,0,1,47,40–49,815,1
1971,Graduation,Single,58350.0,2013-01-04,5,493,26,206,116.0,80,80.0,4,8,3,12,6,0,0,0,0,0,0,0,44,40–49,1001,1
1989,Graduation,Single,81217.0,2013-07-19,77,493,70,324,120.5,40,84.0,1,3,7,11,1,0,0,0,0,0,0,0,26,<30,1157,0
1951,Graduation,Single,49090.0,2013-07-19,45,494,5,82,7.0,0,100.0,3,7,2,9,7,0,0,0,0,0,0,0,64,60+,688,1
1987,Master,Divorced,61787.0,2013-07-06,71,621,73,414,78.0,48,85.0,1,8,4,6,5,0,0,0,0,0,0,0,28,<30,1319,0
1985,PhD,Married,18169.0,2013-02-19,40,9,0,5,0.0,0,7.0,1,1,0,2,8,0,0,0,0,0,0,0,30,30–39,21,1
1981,2n Cycle,Single,24336.0,2012-08-27,82,1,6,2,8.0,2,12.0,1,1,0,2,7,0,0,0,0,0,0,0,34,30–39,31,1
1990,Graduation,Married,18222.0,2012-12-31,70,12,4,19,12.0,6,14.0,1,2,0,3,8,0,0,0,0,0,0,0,25,<30,67,0
1952,Graduation,Divorced,62335.0,2013-05-23,87,243,81,217,85.0,6,26.0,2,3,3,13,2,0,0,0,0,0,0,0,63,60+,708,1
1971,2n Cycle,Together,42033.0,2012-09-19,95,11,1,4,2.0,0,7.0,1,1,0,2,7,0,0,0,0,0,0,0,44,40–49,25,2
1983,PhD,Married,86580.0,2013-02-27,72,532,21,127,26.0,20,20.0,0,4,2,5,1,0,0,1,0,0,0,0,32,30–39,746,0
1957,PhD,Divorced,41437.0,2012-09-22,5,29,0,2,0.0,0,1.0,1,1,0,3,7,0,0,0,0,0,0,0,58,50–59,32,2
1951,Master,Widow,73705.0,2014-03-05,86,612,81,520,120.5,81,107.0,2,9,6,8,5,0,0,0,0,0,0,0,64,60+,1695,2
1976,Graduation,Married,61064.0,2012-08-31,80,387,81,342,0.0,45,126.5,5,8,4,11,6,0,0,0,0,0,0,0,39,30–39,1080,1
1955,Master,Married,38452.0,2014-03-30,62,56,0,14,0.0,0,2.0,3,3,0,3,7,0,0,0,0,0,0,0,60,60+,72,2
1989,Graduation,Single,18358.0,2013-11-20,49,6,8,19,16.0,4,4.0,3,3,0,4,7,0,0,0,0,0,0,0,26,<30,57,1
1973,PhD,Together,55012.0,2014-03-21,85,582,0,65,0.0,0,13.0,6,8,2,9,5,0,0,0,0,0,0,0,42,40–49,660,1
1973,Basic,Together,9722.0,2012-10-02,7,6,17,16,6.0,16,42.0,4,3,1,3,8,0,0,0,0,0,0,1,42,40–49,103,1
1984,PhD,Married,38175.0,2013-09-23,6,70,6,69,2.0,3,3.0,3,3,1,4,7,0,0,0,0,0,0,0,31,30–39,153,1
1956,Master,Together,58656.0,2012-09-20,25,962,12,194,16.0,24,12.0,4,7,8,13,6,0,0,1,0,0,0,0,59,50–59,1220,1
1965,Graduation,Together,52117.0,2012-08-16,55,112,10,107,30.0,0,20.0,2,5,2,4,7,0,0,0,0,0,0,0,50,50–59,279,1
1978,Graduation,Married,64813.0,2014-01-02,81,293,0,124,120.5,81,52.0,1,7,2,10,5,0,0,0,0,0,0,0,37,30–39,745,1
1973,PhD,Married,54222.0,2014-03-01,98,199,12,31,3.0,12,7.0,1,3,3,5,3,0,0,0,0,0,0,0,42,40–49,264,1
1986,Graduation,Married,83512.0,2014-06-17,31,1060,61,556,80.0,20,101.0,1,4,7,10,1,1,0,1,1,1,0,1,29,<30,2157,0
1959,Master,Married,77520.0,2013-08-28,30,940,44,396,0.0,81,58.0,1,8,7,7,4,1,0,1,1,0,0,1,56,50–59,1526,1
1978,Graduation,Together,41154.0,2013-04-09,98,44,2,11,2.0,3,7.0,1,1,0,4,5,0,0,0,0,0,0,0,37,30–39,69,1
1966,Graduation,Married,80398.0,2012-11-10,92,342,51,556,120.5,35,26.0,1,5,8,12,3,0,0,1,0,0,0,0,49,40–49,1597,0
1992,Basic,Single,18746.0,2014-05-29,41,2,10,11,12.0,9,20.0,2,3,0,3,6,0,0,0,0,0,0,0,23,<30,64,1
1984,Graduation,Together,35196.0,2012-11-13,68,75,12,141,43.0,39,126.5,6,6,1,5,8,0,0,0,0,0,0,0,31,30–39,497,1
1956,Graduation,Single,60230.0,2013-05-20,78,520,20,367,39.0,81,40.0,2,6,3,6,5,0,0,0,0,0,0,0,59,50–59,1067,1
1977,Graduation,Married,22108.0,2014-05-08,46,5,3,9,6.0,2,6.0,2,2,0,3,7,0,0,0,0,0,0,0,38,30–39,31,2
1974,Graduation,Together,44392.0,2013-09-05,71,87,5,71,7.0,12,29.0,5,4,1,4,7,0,0,0,0,0,0,0,41,40–49,211,2
1976,PhD,Married,55424.0,2012-11-25,6,462,61,184,10.0,53,107.0,4,7,5,9,6,1,0,0,0,0,0,1,39,30–39,877,1
1979,Graduation,Married,17688.0,2013-01-13,82,2,2,1,3.0,1,2.0,1,1,0,2,8,0,0,0,0,0,1,0,36,30–39,11,1
1983,PhD,Married,92491.0,2013-05-01,71,979,44,556,29.0,25,22.0,1,7,5,12,3,0,1,1,1,0,0,1,32,30–39,2034,0
1991,Graduation,Single,90273.0,2013-12-14,32,704,81,556,120.0,74,111.0,1,5,6,7,2,0,1,1,1,0,0,1,24,<30,1991,0
1962,PhD,Widow,82571.0,2014-04-02,28,861,31,556,62.0,81,79.0,0,6,5,13,2,0,0,1,0,0,0,0,53,50–59,1686,0
1982,PhD,Single,38513.0,2014-01-28,20,172,3,115,16.0,0,18.0,5,6,1,5,8,0,0,0,0,0,0,1,33,30–39,324,1
1979,Master,Single,16653.0,2014-04-18,10,5,7,31,15.0,4,7.0,3,2,1,3,6,0,0,0,0,0,0,1,36,30–39,69,1
1955,Graduation,Together,42586.0,2012-10-29,7,194,2,56,0.0,0,0.0,5,4,1,6,8,0,0,0,0,0,0,1,60,60+,252,2
1965,Basic,Single,23529.0,2013-01-07,67,9,7,13,3.0,2,20.0,1,1,1,2,6,0,0,0,0,0,0,0,50,50–59,54,1
1961,Master,Together,74881.0,2013-03-08,48,505,72,270,36.0,27,54.0,4,9,2,12,5,0,0,0,0,0,0,0,54,50–59,964,2
1951,Graduation,Married,71107.0,2013-02-17,61,533,10,217,120.5,81,126.5,2,7,6,13,4,0,0,0,0,0,0,0,64,60+,1327,1
1964,PhD,Together,46910.0,2014-03-23,36,48,0,14,0.0,0,6.0,2,2,0,3,6,0,0,0,0,0,0,0,51,50–59,68,2
1959,Graduation,Married,18690.0,2012-12-28,77,6,1,7,23.0,4,19.0,1,1,1,2,8,0,0,0,0,0,0,0,56,50–59,60,0
1955,Graduation,Divorced,37244.0,2013-04-27,90,18,2,10,0.0,0,25.0,1,1,1,2,7,1,0,0,0,0,0,0,60,60+,55,2
1966,Graduation,Together,82427.0,2014-03-12,35,482,81,509,104.0,81,107.0,1,3,5,12,1,0,0,1,0,0,0,0,49,40–49,1456,0
1958,2n Cycle,Single,75342.0,2013-05-06,38,204,81,97,21.0,81,26.0,1,5,2,10,4,0,0,0,0,0,0,0,57,50–59,563,1
1954,Graduation,Divorced,70044.0,2013-02-18,46,1073,0,250,120.5,14,14.0,4,7,10,5,5,0,0,0,0,0,0,0,61,60+,1504,1
1967,Graduation,Single,79146.0,2014-04-24,33,245,16,223,21.0,43,16.0,2,8,1,8,6,0,0,0,0,0,0,0,48,40–49,564,2
1963,Graduation,Married,77437.0,2013-11-26,70,560,21,442,29.0,44,29.0,1,4,5,13,1,0,0,1,0,0,0,0,52,50–59,1125,0
1959,Graduation,Married,54984.0,2014-05-24,51,173,13,131,32.0,3,6.0,4,6,1,6,7,0,0,0,1,0,0,0,56,50–59,358,1
1971,PhD,Married,42403.0,2013-12-11,18,22,1,11,0.0,5,3.0,1,1,0,3,8,0,0,0,0,0,0,0,44,40–49,42,1
1964,Graduation,Together,55761.0,2014-04-24,97,136,1,12,0.0,3,32.0,2,4,1,3,6,0,1,0,0,0,0,0,51,50–59,184,1
1983,Graduation,Together,37292.0,2013-04-18,32,275,0,86,10.0,23,66.0,5,6,3,5,8,0,0,0,0,0,0,0,32,30–39,460,1
1945,PhD,Single,45576.0,2014-05-28,9,56,19,29,2.0,14,25.0,1,3,1,3,8,0,0,0,0,0,0,1,70,60+,145,0
1947,Graduation,Together,70321.0,2013-01-16,6,303,23,556,82.0,26,126.5,1,6,5,13,4,0,0,0,0,0,0,1,68,60+,1376,0
1969,PhD,Divorced,58086.0,2013-01-20,80,708,7,62,0.0,0,15.0,2,11,3,7,8,0,0,0,0,0,0,0,46,40–49,792,1
1952,Graduation,Married,81795.0,2012-10-26,74,324,81,556,27.0,81,88.0,1,4,11,7,2,0,0,0,0,0,0,0,63,60+,1382,0
1947,Basic,Together,28389.0,2012-11-20,49,1,5,3,7.0,4,8.0,1,1,0,2,7,0,0,0,0,0,0,0,68,60+,28,0
1946,Master,Married,66835.0,2013-09-28,21,620,26,195,34.0,17,126.5,1,6,4,13,2,0,0,0,0,0,0,0,69,60+,1033,0
1969,Graduation,Divorced,69901.0,2013-05-29,95,312,21,206,102.0,81,126.5,3,7,3,10,5,0,0,0,0,0,0,0,46,40–49,882,1
1949,PhD,Married,80360.0,2013-03-03,56,1493,81,454,112.0,43,43.0,2,4,4,5,2,0,1,1,1,0,0,0,66,60+,2231,0
1961,PhD,Together,63342.0,2012-10-16,48,918,21,118,13.0,10,21.0,3,8,3,5,6,0,1,0,0,0,0,1,54,50–59,1101,1
1974,Graduation,Married,44989.0,2012-09-12,26,98,0,106,49.0,10,106.0,5,5,1,5,6,0,0,0,0,0,0,0,41,40–49,369,1
1980,2n Cycle,Single,31859.0,2014-02-27,3,3,4,7,15.0,8,11.0,1,1,0,3,7,0,0,0,0,0,0,0,35,30–39,48,1
1949,PhD,Widow,51569.0,2013-02-12,39,380,0,47,6.0,0,34.0,4,7,1,7,8,0,1,0,0,0,0,1,66,60+,467,1
1971,Graduation,Widow,30372.0,2012-12-25,33,15,0,12,7.0,3,7.0,3,2,0,3,7,0,0,0,0,0,0,0,44,40–49,44,2
1979,Basic,Single,16014.0,2013-03-17,42,3,9,4,7.0,8,7.0,4,1,1,4,3,0,0,0,0,0,0,0,36,30–39,38,2
1968,Graduation,Married,41120.0,2013-11-06,80,24,2,23,0.0,8,24.0,3,2,1,3,6,0,0,0,0,0,0,0,47,40–49,81,2
1971,Master,Single,39763.0,2013-08-04,9,80,1,60,4.0,6,16.0,2,5,1,2,9,0,0,0,0,0,0,1,44,40–49,167,1
1955,PhD,Married,38725.0,2014-05-10,52,31,0,6,2.0,1,5.0,2,1,0,4,4,0,0,0,0,0,0,0,60,60+,45,2
1972,Graduation,Married,77981.0,2013-05-26,78,138,81,204,16.0,81,60.0,3,7,4,7,5,0,0,0,0,0,0,0,43,40–49,664,1
1964,2n Cycle,Married,62905.0,2013-09-10,68,166,75,96,119.0,81,59.0,3,7,2,8,4,0,0,0,0,0,0,0,51,50–59,622,1
1979,2n Cycle,Divorced,13533.0,2013-03-10,45,12,3,8,8.0,0,17.0,2,2,0,3,7,0,0,0,0,0,0,0,36,30–39,48,1
1975,Graduation,Together,59481.0,2013-10-23,47,178,3,85,71.0,66,58.0,2,3,3,8,2,0,0,0,0,0,0,0,40,40–49,461,1
1977,Graduation,Married,72117.0,2013-08-20,34,707,20,171,65.0,60,50.0,1,9,7,9,5,0,0,0,0,0,0,0,38,30–39,1073,1
1986,2n Cycle,Married,21955.0,2013-09-07,81,5,1,7,17.0,14,11.0,2,2,1,3,6,0,0,0,0,0,0,0,29,<30,55,1
1956,Graduation,Married,67131.0,2013-03-26,72,465,71,250,93.0,35,62.0,3,9,2,12,6,0,0,0,0,0,0,0,59,50–59,976,1
1980,PhD,Single,36802.0,2014-06-16,23,16,1,2,0.0,0,1.0,1,1,0,3,5,0,0,0,0,0,0,0,35,30–39,20,1
1982,Graduation,Together,71853.0,2013-05-08,29,358,81,413,120.5,81,32.0,1,2,8,6,1,0,0,0,0,0,0,0,33,30–39,1149,0
1961,Basic,Married,28249.0,2014-06-15,80,1,9,7,2.0,14,10.0,1,2,0,3,6,0,0,0,0,0,0,0,54,50–59,43,0
1975,Master,Married,47808.0,2013-10-20,30,123,1,26,2.0,0,72.0,2,3,2,3,7,1,0,0,0,0,0,0,40,40–49,224,1
1974,PhD,Divorced,25509.0,2012-09-18,15,40,3,30,10.0,7,11.0,3,3,0,3,9,0,0,0,0,0,0,1,41,40–49,101,1
1946,PhD,Married,51012.0,2013-04-18,86,102,9,63,2.0,9,24.0,1,4,1,4,6,0,0,0,0,0,0,0,69,60+,209,0
1985,Graduation,Single,70596.0,2012-10-05,68,347,44,534,17.0,0,26.0,1,3,5,12,2,0,0,0,0,0,0,0,30,30–39,968,0
1952,PhD,Together,85431.0,2013-06-08,54,376,53,462,120.5,53,53.0,1,2,7,7,0,0,0,0,0,0,0,0,63,60+,1165,0
1967,Graduation,Married,42664.0,2014-03-18,44,21,0,3,0.0,0,0.0,1,1,0,3,6,0,0,0,0,0,0,0,48,40–49,24,1
1955,Graduation,Together,42586.0,2012-10-29,7,194,2,56,0.0,0,0.0,5,4,1,6,8,0,0,0,0,0,0,1,60,60+,252,2
1985,Graduation,Single,29760.0,2012-08-29,87,64,4,68,7.0,5,17.0,4,3,1,4,8,0,0,0,0,0,0,0,30,30–39,165,1
1977,PhD,Married,28973.0,2012-10-13,59,206,0,46,3.0,2,12.0,2,5,1,5,8,0,0,0,0,0,0,0,38,30–39,269,0
1973,PhD,Together,39435.0,2013-08-06,16,71,0,18,0.0,0,13.0,1,3,1,2,7,0,0,0,0,0,0,0,42,40–49,102,1
1984,2n Cycle,Married,65370.0,2013-08-01,1,71,22,112,120.5,81,29.0,1,2,3,13,1,0,0,0,0,0,0,0,31,30–39,461,0
1979,Basic,Single,20194.0,2012-12-17,64,0,4,7,11.0,10,15.0,2,2,0,3,6,0,0,0,0,0,0,0,36,30–39,47,1
1976,PhD,Single,42473.0,2014-02-17,72,93,1,21,0.0,4,25.0,3,2,1,4,5,0,0,0,0,0,0,0,39,30–39,144,2
1968,Graduation,Married,64590.0,2012-10-14,98,920,81,168,36.0,46,30.0,1,9,4,10,6,0,0,0,0,0,0,0,47,40–49,1338,0
1959,Graduation,Together,71232.0,2013-11-28,91,653,17,170,34.0,26,17.0,2,11,2,10,7,0,0,0,0,0,0,0,56,50–59,917,1
1971,Graduation,Together,34600.0,2013-01-01,8,199,33,60,8.0,3,15.0,5,5,2,5,8,0,0,0,0,0,0,1,44,40–49,318,2
1967,Graduation,Single,46904.0,2012-11-03,20,153,4,56,0.0,9,31.0,4,5,1,4,8,0,0,0,0,0,0,0,48,40–49,253,2
1973,Graduation,Married,49094.0,2012-09-21,6,376,0,38,11.0,8,69.0,5,6,3,6,6,0,0,0,0,0,0,0,42,40–49,502,1
1983,Graduation,Together,36075.0,2013-12-09,54,46,0,30,12.0,1,30.0,1,2,0,4,6,0,0,0,0,0,0,0,32,30–39,119,1
1979,2n Cycle,Together,60839.0,2012-08-28,72,600,21,128,120.5,81,126.5,13,2,2,12,8,0,0,0,0,0,0,0,36,30–39,1250,2
1979,Graduation,Together,77298.0,2013-11-02,46,425,81,292,23.0,35,79.0,1,6,6,11,3,0,0,0,0,0,0,0,36,30–39,969,1
1950,Graduation,Together,34026.0,2013-08-05,11,18,6,15,12.0,8,17.0,3,2,1,3,5,0,0,0,0,0,0,0,65,60+,76,2
1963,PhD,Single,48918.0,2014-04-12,21,52,0,9,0.0,0,1.0,2,1,0,4,4,0,0,0,0,0,0,0,52,50–59,62,2
1962,2n Cycle,Together,82122.0,2013-08-15,89,734,22,350,120.5,25,100.0,1,3,9,13,1,0,0,1,0,0,0,0,53,50–59,1382,0
1976,Graduation,Single,37697.0,2014-02-07,82,34,6,21,11.0,4,8.0,1,2,1,3,6,0,0,0,0,0,0,0,39,30–39,84,1
1952,Graduation,Together,34074.0,2013-07-13,69,135,1,41,10.0,1,67.0,5,3,3,3,6,1,0,0,0,0,0,0,63,60+,255,2
1960,Master,Married,28520.0,2013-06-14,55,11,0,10,0.0,2,20.0,1,1,1,2,6,0,0,0,0,0,0,0,55,50–59,43,2
1955,Graduation,Single,62535.0,2013-10-03,13,163,48,90,0.0,45,52.0,1,3,2,8,3,0,0,0,0,0,0,0,60,60+,398,1
1977,Master,Single,36273.0,2014-04-16,80,29,3,30,3.0,2,9.0,2,3,0,3,6,0,0,0,0,0,0,0,38,30–39,76,1
1964,Graduation,Together,63404.0,2014-06-06,97,734,26,70,11.0,44,17.0,2,6,3,4,4,0,0,0,1,0,0,0,51,50–59,902,2
1981,2n Cycle,Together,75774.0,2014-05-02,27,340,21,134,120.5,14,56.0,1,7,5,8,4,0,0,0,0,0,0,0,34,30–39,823,1
1976,Graduation,Together,78416.0,2014-06-27,99,453,38,279,120.5,38,126.5,2,7,7,10,3,0,0,0,0,0,0,0,39,30–39,1179,1
1974,Graduation,Together,75702.0,2012-10-14,87,1073,0,556,120.5,37,37.0,1,10,5,13,6,0,0,1,0,0,0,0,41,40–49,1921,1
1951,Master,Together,59385.0,2013-04-28,85,135,0,10,0.0,4,36.0,2,3,1,4,5,0,0,0,0,0,0,0,64,60+,185,2
1966,Graduation,Single,37070.0,2013-03-20,30,231,7,137,4.0,15,39.0,9,5,1,8,7,0,0,0,0,0,0,1,49,40–49,433,2
1951,Graduation,Married,44689.0,2014-01-10,82,18,0,5,0.0,0,11.0,2,1,1,2,7,1,0,0,0,0,0,0,64,60+,34,2
1958,Graduation,Together,53977.0,2013-06-08,21,620,16,165,0.0,24,82.0,5,5,5,12,5,0,0,0,0,0,0,0,57,50–59,907,1
1966,PhD,Single,7144.0,2013-12-07,92,81,4,33,5.0,2,126.5,0,23,1,1,0,0,0,0,0,0,0,0,49,40–49,416,2
1964,Graduation,Single,18701.0,2013-06-04,95,12,4,2,10.0,6,10.0,4,2,0,4,5,0,0,0,0,0,0,0,51,50–59,44,2
1956,Graduation,Married,90369.0,2014-04-28,2,292,51,556,120.5,23,17.0,1,4,6,6,1,0,0,0,0,0,0,1,59,50–59,1588,0
1974,PhD,Single,63159.0,2012-11-05,74,965,34,556,89.0,81,37.0,1,3,5,8,3,1,0,0,0,0,0,0,41,40–49,1797,0
1966,Graduation,Together,37758.0,2012-10-04,49,27,2,10,0.0,0,1.0,2,1,0,3,8,0,0,0,0,0,0,0,49,40–49,40,2
1963,PhD,Single,46757.0,2012-11-16,71,777,30,163,0.0,51,122.0,6,4,4,7,9,0,0,0,0,0,0,0,52,50–59,1143,1
1969,Master,Married,79734.0,2014-06-28,72,572,8,232,23.0,62,17.0,1,4,3,6,1,0,0,0,1,0,0,0,46,40–49,914,0
1992,Graduation,Together,63207.0,2013-01-20,68,438,81,556,91.0,81,70.0,1,2,3,6,7,0,0,0,1,0,0,0,23,<30,1502,0
1954,Graduation,Divorced,72071.0,2013-02-14,4,531,69,300,120.5,81,126.5,3,5,4,8,2,0,0,0,0,0,0,0,61,60+,1338,1
1983,PhD,Together,21840.0,2013-07-21,80,17,0,9,0.0,0,1.0,1,1,0,3,9,0,0,0,0,0,0,0,32,30–39,27,1
1982,2n Cycle,Together,58582.0,2013-09-28,15,402,35,106,101.0,77,42.0,2,9,2,9,5,0,1,0,0,0,0,0,33,30–39,763,1
1951,Graduation,Single,72282.0,2013-07-19,70,503,27,419,90.0,81,126.5,1,5,7,9,7,0,0,0,0,0,0,1,64,60+,1331,0
1956,Graduation,Married,50387.0,2013-08-31,91,369,9,87,12.0,14,34.0,3,6,2,8,5,0,0,0,0,0,0,0,59,50–59,525,2
1961,PhD,Together,32583.0,2014-06-15,10,5,0,3,0.0,0,1.0,1,1,0,2,7,0,0,0,0,0,0,0,54,50–59,9,2
1962,Graduation,Together,62568.0,2014-04-07,99,362,17,398,80.0,35,61.0,3,5,3,5,4,0,0,0,1,0,0,0,53,50–59,953,1
1971,Master,Divorced,44635.0,2013-10-11,25,56,0,9,0.0,0,3.0,2,2,0,3,7,0,0,0,0,0,0,0,44,40–49,68,2
1971,Master,Single,33316.0,2013-10-04,34,79,1,31,4.0,4,12.0,3,2,1,4,6,0,0,0,0,0,0,0,44,40–49,131,2
1968,Graduation,Married,63967.0,2013-08-09,57,387,81,141,73.0,35,126.5,3,4,4,12,2,0,0,0,0,0,0,0,47,40–49,882,1
1978,2n Cycle,Together,52513.0,2012-09-04,84,367,17,241,104.0,81,126.5,2,9,5,9,7,0,0,0,0,0,0,0,37,30–39,1149,0
1969,Graduation,Married,25293.0,2013-09-15,51,15,0,11,0.0,2,9.0,1,1,1,2,8,0,0,0,0,0,0,0,46,40–49,37,1
1965,PhD,Widow,54111.0,2013-08-25,97,267,6,54,8.0,3,50.0,2,5,2,6,5,0,0,0,0,0,0,0,50,50–59,388,1
1986,Graduation,Together,78394.0,2013-02-15,13,298,27,556,120.5,24,126.5,1,4,6,5,2,0,0,0,0,0,0,1,29,<30,1428,0
1958,Master,Married,80739.0,2013-05-23,92,674,81,556,39.0,0,92.0,1,3,11,9,1,0,0,0,0,0,0,0,57,50–59,1633,0
1975,Master,Together,22669.0,2013-05-22,30,16,14,36,37.0,22,48.0,3,4,1,2,9,0,0,0,0,0,0,1,40,40–49,173,1
1987,Graduation,Single,29236.0,2013-10-08,30,37,4,24,16.0,9,9.0,2,4,0,3,9,0,0,0,0,0,0,0,28,<30,99,1
1959,Graduation,Together,44911.0,2013-03-15,11,159,0,22,2.0,1,31.0,3,4,1,4,7,0,0,0,0,0,0,0,56,50–59,215,1
1962,PhD,Married,54693.0,2013-02-17,72,686,17,142,23.0,26,35.0,8,6,4,13,6,0,0,0,0,0,0,0,53,50–59,929,1
1974,Graduation,Together,48186.0,2014-03-20,39,97,3,66,12.0,7,34.0,3,4,1,4,7,0,0,0,0,0,0,0,41,40–49,219,1
1977,Graduation,Married,54809.0,2013-09-11,0,63,6,57,13.0,13,22.0,4,2,1,5,4,0,0,0,0,0,0,1,38,30–39,174,2
1978,Graduation,Together,41580.0,2012-12-10,15,56,5,24,4.0,0,3.0,3,2,1,3,5,0,0,0,0,0,0,0,37,30–39,92,2
1970,PhD,Married,80336.0,2013-09-09,12,209,19,456,120.5,81,66.0,1,2,9,13,1,0,0,0,0,0,0,0,45,40–49,1052,0
1957,Graduation,Married,47743.0,2013-03-22,56,198,2,43,0.0,12,20.0,3,4,1,6,6,0,1,0,0,0,0,0,58,50–59,275,1
1955,2n Cycle,Married,62972.0,2012-08-03,39,313,15,47,20.0,0,126.5,2,7,4,3,6,0,0,0,0,0,0,0,60,60+,587,1
1954,PhD,Divorced,57333.0,2012-09-22,55,941,14,397,76.0,58,126.5,11,8,5,9,6,0,0,0,0,0,0,1,61,60+,1662,1
1982,PhD,Together,32313.0,2013-02-11,60,86,4,56,2.0,4,7.0,3,4,0,4,9,0,0,0,0,0,0,0,33,30–39,159,1
1953,Master,Widow,84953.0,2013-06-03,73,167,48,556,63.0,72,72.0,1,3,10,4,2,0,1,1,1,0,0,1,62,60+,1024,0
1968,Master,Divorced,27071.0,2014-04-23,90,8,3,19,0.0,2,3.0,2,2,0,3,6,0,0,0,0,0,0,0,47,40–49,35,1
1957,Master,Together,68148.0,2013-08-31,86,389,66,408,37.0,57,85.0,1,4,4,6,2,0,0,0,0,0,0,0,58,50–59,1042,0
1965,Master,Together,65735.0,2013-12-07,37,239,7,119,4.0,15,11.0,5,6,2,6,7,0,0,0,0,0,0,0,50,50–59,395,2
1975,PhD,Married,86836.0,2012-09-12,7,179,21,273,0.0,21,63.0,1,6,10,6,5,1,0,1,1,0,0,1,40,40–49,557,0
1963,PhD,Married,4023.0,2014-06-23,29,5,0,1,1.0,1,1.0,15,0,0,0,19,0,0,0,0,0,0,0,52,50–59,9,2
1990,Graduation,Married,30093.0,2013-07-08,19,2,6,28,13.0,4,16.0,1,2,0,3,7,0,0,0,0,0,0,0,25,<30,69,0
1966,PhD,Married,57705.0,2014-01-11,14,383,0,53,6.0,4,40.0,3,8,1,6,6,0,0,0,0,0,0,0,49,40–49,486,1
1988,Graduation,Single,25008.0,2014-02-02,72,2,8,8,6.0,1,9.0,2,1,0,3,8,0,0,0,0,0,0,0,27,<30,34,1
1995,2n Cycle,Single,83257.0,2012-09-18,56,536,27,556,38.0,81,67.0,1,5,10,12,6,1,0,1,0,0,1,1,20,<30,1365,0
1975,Graduation,Together,22280.0,2013-05-19,85,2,1,4,3.0,1,2.0,1,1,0,2,8,0,0,0,0,0,0,0,40,40–49,13,1
1978,PhD,Married,72159.0,2012-10-29,62,322,53,556,34.0,40,53.0,1,4,6,10,2,0,0,0,0,0,0,0,37,30–39,1401,0
1961,Graduation,Together,64260.0,2013-01-11,1,539,81,556,20.0,0,30.0,1,4,5,4,3,0,0,0,0,0,0,1,54,50–59,1574,0
1984,PhD,Single,82733.0,2013-09-10,28,712,50,420,65.0,38,38.0,1,8,4,7,4,0,0,0,0,0,0,1,31,30–39,1323,0
1971,Master,Divorced,74290.0,2013-08-12,70,1121,0,72,0.0,12,12.0,4,10,8,10,6,0,1,0,1,0,0,0,44,40–49,1217,1
1951,Master,Single,58217.0,2012-11-17,84,68,1,13,3.0,5,13.0,1,2,0,4,6,0,0,0,0,0,0,0,64,60+,103,3
1976,Master,Together,21024.0,2013-07-04,89,36,4,18,6.0,2,18.0,1,2,0,4,7,0,0,0,0,0,0,0,39,30–39,84,0
1972,PhD,Married,70116.0,2013-01-26,73,707,44,556,95.0,58,29.0,1,2,8,12,1,0,0,0,0,0,0,0,43,40–49,1536,0
1985,Graduation,Together,54006.0,2012-09-18,42,174,77,203,6.0,24,97.0,2,8,1,7,7,0,0,0,0,0,0,0,30,30–39,581,1
1966,PhD,Married,69063.0,2012-11-07,16,666,35,124,69.0,8,26.0,1,5,3,5,3,0,0,0,0,0,0,0,49,40–49,928,1
1975,2n Cycle,Divorced,11448.0,2013-12-15,16,0,0,0,6.0,2,6.0,1,1,0,2,6,0,0,0,0,0,0,0,40,40–49,14,0
1979,Graduation,Single,61825.0,2013-08-07,56,162,50,100,55.0,30,27.0,1,4,2,8,4,0,0,0,0,0,0,0,36,30–39,424,1
1971,Graduation,Married,70886.0,2013-10-14,65,407,70,239,103.0,81,53.0,1,5,4,4,2,0,0,0,0,0,0,0,44,40–49,960,1
1982,Graduation,Married,69109.0,2012-11-09,10,823,25,459,120.5,29,95.0,1,6,6,7,4,0,0,1,0,0,0,1,33,30–39,1555,0
1973,Graduation,Widow,60208.0,2012-10-07,13,488,23,71,15.0,0,59.0,11,8,3,7,7,0,1,0,0,0,0,1,42,40–49,656,2
1968,Master,Together,32889.0,2013-09-06,78,28,0,13,4.0,2,8.0,3,2,1,3,5,0,0,0,0,0,0,0,47,40–49,55,2
1984,Graduation,Single,34738.0,2014-05-11,51,3,2,10,3.0,0,2.0,1,1,0,3,6,0,0,0,0,0,0,0,31,30–39,20,1
1971,Master,Together,30538.0,2012-10-01,27,284,0,52,8.0,3,20.0,4,9,0,4,10,0,0,0,0,0,0,0,44,40–49,367,1
1977,2n Cycle,Together,82326.0,2014-03-10,30,938,81,556,120.5,81,126.5,1,5,10,6,2,0,1,1,1,0,0,1,38,30–39,2257,0
1967,PhD,Divorced,26642.0,2014-03-01,71,13,2,15,2.0,2,8.0,2,2,0,3,6,0,0,0,0,0,0,0,48,40–49,42,1
1964,Graduation,Divorced,69932.0,2013-06-12,97,412,81,153,120.5,81,57.0,2,7,6,11,4,0,0,0,0,0,0,0,51,50–59,1049,1
1972,Graduation,Single,44503.0,2014-04-16,83,31,1,8,0.0,0,8.0,2,2,0,3,6,0,0,0,0,0,0,0,43,40–49,48,2
1948,PhD,Single,60200.0,2013-01-02,3,502,19,132,0.0,6,26.0,6,6,2,11,6,0,0,0,0,0,0,0,67,60+,685,1
1952,Graduation,Divorced,49638.0,2014-04-19,71,18,10,3,3.0,5,0.0,1,1,0,3,2,0,0,0,0,0,0,0,63,60+,39,1
1987,2n Cycle,Single,23830.0,2014-02-07,3,1,8,6,4.0,8,16.0,1,1,0,3,7,0,0,0,0,0,0,0,28,<30,43,0
1959,Master,Widow,33051.0,2012-08-16,15,100,71,243,108.0,81,126.5,3,9,1,8,9,0,0,0,0,0,0,1,56,50–59,835,0
1958,Graduation,Married,72905.0,2014-01-21,52,407,81,445,120.5,81,126.5,1,3,7,9,1,0,0,0,1,0,0,0,57,50–59,1515,0
1951,PhD,Together,69702.0,2013-02-19,8,664,9,240,50.0,19,57.0,2,7,7,10,4,0,0,0,0,0,0,0,64,60+,1039,1
1975,Graduation,Divorced,70300.0,2013-07-15,89,1045,61,338,60.0,46,46.0,3,5,5,13,8,0,0,0,0,0,0,0,40,40–49,1596,1
1984,PhD,Married,70643.0,2012-10-15,66,1218,81,304,23.0,81,33.0,1,5,8,4,6,0,0,0,0,0,0,1,31,30–39,1828,0
1969,PhD,Married,30396.0,2014-04-30,22,15,0,6,0.0,1,12.0,2,1,1,2,7,1,0,0,0,0,0,1,46,40–49,34,1
1968,PhD,Divorced,50616.0,2014-04-18,56,128,0,16,0.0,1,4.0,2,4,0,4,7,0,0,0,0,0,0,0,47,40–49,149,1
1969,Master,Single,62772.0,2013-05-19,74,581,49,157,43.0,8,108.0,1,5,6,11,2,0,1,0,0,0,0,0,46,40–49,946,1
1985,PhD,Single,30298.0,2014-05-19,48,6,3,12,6.0,1,0.0,1,1,1,3,3,0,0,0,0,0,0,0,30,30–39,28,0
1984,Graduation,Single,52413.0,2012-11-03,67,185,8,133,56.0,56,12.0,2,7,1,7,7,0,0,0,0,0,0,0,31,30–39,450,1
1957,PhD,Married,44155.0,2014-01-19,24,22,1,9,0.0,0,14.0,1,1,1,2,4,0,0,0,0,0,0,0,58,50–59,46,2
1971,PhD,Divorced,86979.0,2013-11-07,67,584,81,556,65.0,81,35.0,1,5,5,5,2,1,0,0,0,0,0,1,44,40–49,1702,0
1975,Graduation,Together,76532.0,2013-09-09,38,355,30,177,90.0,81,30.0,4,9,5,7,5,0,0,0,0,0,0,0,40,40–49,820,2
1982,Graduation,Married,42081.0,2013-02-26,86,175,10,110,54.0,6,27.0,2,6,3,4,6,1,0,0,0,0,0,0,33,30–39,382,1
1988,PhD,Married,67546.0,2012-08-31,90,864,81,556,120.5,38,126.5,1,4,10,5,3,0,0,0,0,0,0,0,27,<30,2126,0
1989,Master,Together,88420.0,2014-05-02,87,957,81,556,99.0,81,126.5,1,4,7,8,1,1,0,1,1,0,0,0,26,<30,2069,0
1985,Graduation,Married,31158.0,2013-01-27,62,25,6,16,20.0,0,5.0,2,2,0,3,8,0,0,0,0,0,0,0,30,30–39,72,1
1968,Graduation,Divorced,61671.0,2014-06-03,23,641,7,56,0.0,0,28.0,8,10,4,6,8,0,1,0,1,0,0,0,47,40–49,732,1
1974,Graduation,Single,69719.0,2014-05-26,99,273,81,208,120.5,14,43.0,1,2,3,5,1,0,0,0,0,0,0,0,41,40–49,801,0
1949,Graduation,Divorced,49160.0,2013-10-20,29,122,21,43,25.0,10,15.0,2,3,1,6,6,0,0,0,0,0,0,0,66,60+,236,1
1978,Basic,Together,24882.0,2012-09-09,52,1,4,10,29.0,0,36.0,1,1,1,2,6,1,0,0,0,0,0,0,37,30–39,80,1
1954,PhD,Single,90933.0,2014-03-31,90,1020,31,430,62.0,63,79.0,1,4,6,4,1,0,0,1,0,0,0,0,61,60+,1685,0
1945,PhD,Single,113734.0,2014-05-28,9,6,2,3,1.0,81,3.0,0,27,0,0,1,0,0,0,0,0,0,0,70,60+,277,0
1950,PhD,Together,59292.0,2013-06-13,71,378,14,68,19.0,14,14.0,2,3,5,8,3,0,0,0,0,0,0,0,65,60+,507,1
1964,PhD,Married,45759.0,2013-02-23,13,42,1,18,3.0,0,4.0,2,2,0,3,7,0,0,0,0,0,0,0,51,50–59,68,2
1983,Graduation,Single,22148.0,2014-04-13,16,15,5,14,0.0,4,11.0,1,1,0,3,7,0,0,0,0,0,0,0,32,30–39,49,0
1987,Master,Married,73395.0,2014-03-18,94,272,7,80,20.0,7,11.0,1,4,4,6,2,0,0,0,0,0,0,0,28,<30,397,0
1971,Graduation,Divorced,29819.0,2013-10-24,77,9,1,24,2.0,1,2.0,3,3,0,3,6,0,0,0,0,0,0,0,44,40–49,39,1
1968,Graduation,Married,45688.0,2014-01-25,20,279,0,18,0.0,0,9.0,2,3,1,8,4,0,1,0,0,0,0,0,47,40–49,306,1
1954,Graduation,Married,62820.0,2013-05-11,51,398,61,265,120.5,61,53.0,1,3,4,6,1,0,0,0,0,0,0,0,61,60+,976,0
1971,PhD,Married,60491.0,2013-09-06,81,637,47,237,12.0,19,76.0,4,6,11,7,5,0,0,0,0,0,0,0,44,40–49,1028,1
1986,Graduation,Together,33235.0,2014-02-05,71,45,0,16,2.0,1,6.0,1,3,0,3,7,0,0,0,0,0,0,0,29,<30,70,1
1959,Graduation,Married,35701.0,2013-03-19,36,21,1,9,7.0,3,5.0,1,1,0,3,6,0,0,0,0,0,0,0,56,50–59,46,0
1980,Master,Married,31535.0,2013-09-26,95,15,4,13,0.0,0,19.0,1,1,1,2,7,1,0,0,0,0,0,0,35,30–39,51,1
1960,2n Cycle,Together,92556.0,2014-04-20,32,493,81,352,120.5,23,28.0,0,3,5,13,0,0,0,0,0,0,0,0,55,50–59,1263,0
1970,Graduation,Single,67384.0,2012-11-10,32,957,40,175,120.5,53,107.0,2,7,8,5,5,0,1,0,0,0,0,0,45,40–49,1490,1
1971,Master,Together,80573.0,2012-10-14,85,829,81,430,60.0,81,15.0,1,4,6,13,2,0,0,0,0,0,0,0,44,40–49,1564,0
1967,Graduation,Married,77870.0,2012-08-22,93,1017,50,500,65.0,50,126.5,3,5,5,5,8,0,1,0,1,0,0,1,48,40–49,1815,1
1963,PhD,Widow,52278.0,2013-01-25,24,953,0,71,0.0,0,126.5,6,10,5,10,8,0,0,0,0,0,0,0,52,50–59,1198,1
1968,Graduation,Single,57107.0,2012-08-24,44,159,0,120,0.0,0,126.5,7,4,4,8,8,0,1,0,0,1,0,1,47,40–49,416,1
1990,Graduation,Married,18929.0,2013-02-16,15,32,0,8,23.0,4,18.0,1,1,0,4,6,0,0,0,0,0,0,0,25,<30,85,0
1981,PhD,Single,36038.0,2013-05-31,82,23,0,15,0.0,2,7.0,2,3,0,3,6,0,0,0,0,0,0,0,34,30–39,47,1
1976,Graduation,Single,20180.0,2013-02-20,27,18,42,24,15.0,20,18.0,1,2,1,4,7,0,0,0,0,0,0,0,39,30–39,137,0
1965,PhD,Together,34230.0,2012-12-26,72,15,0,4,0.0,0,2.0,1,1,0,2,7,0,0,0,0,0,0,0,50,50–59,21,2
1977,2n Cycle,Single,31878.0,2014-06-22,7,23,4,5,10.0,5,23.0,1,1,0,4,3,0,0,0,0,0,0,0,38,30–39,70,1
1972,2n Cycle,Married,70932.0,2014-01-19,57,200,81,100,46.0,81,126.5,2,6,2,12,3,0,0,0,0,0,0,0,43,40–49,909,1
1956,Graduation,Single,91249.0,2012-10-20,84,1324,27,119,71.0,81,27.0,0,7,9,6,4,0,1,1,1,1,0,1,59,50–59,1676,0
1943,Master,Single,77598.0,2013-10-01,53,1193,33,281,120.5,66,33.0,1,7,5,13,3,0,0,1,0,0,0,0,72,60+,1735,0
1959,Graduation,Single,80982.0,2013-01-08,48,505,81,401,104.0,22,22.0,3,11,5,11,5,0,0,0,0,0,1,0,56,50–59,1191,2
1977,Master,Married,22701.0,2013-09-05,2,2,4,9,0.0,4,5.0,1,1,0,3,5,0,0,0,0,0,0,0,38,30–39,24,1
1969,PhD,Married,55212.0,2012-11-23,65,1103,0,45,0.0,0,34.0,3,4,2,11,8,0,1,0,0,1,0,0,46,40–49,1182,1
1970,Graduation,Married,70617.0,2013-06-23,45,353,61,556,40.0,46,27.0,1,3,3,7,2,0,0,0,0,0,0,0,45,40–49,1280,0
1957,Graduation,Single,64849.0,2012-11-13,42,652,48,350,94.0,81,108.0,1,9,3,6,5,0,0,0,0,0,0,1,58,50–59,1336,0
1965,Master,Married,62694.0,2013-06-17,29,379,6,157,25.0,81,91.0,5,9,3,7,7,0,0,0,0,0,0,0,50,50–59,749,2
1974,PhD,Married,61917.0,2013-11-20,83,46,4,36,2.0,2,1.0,1,2,0,4,5,0,0,0,0,0,0,0,41,40–49,91,2
1947,PhD,Married,67472.0,2013-09-28,93,162,31,127,8.0,17,69.0,2,4,2,7,3,0,0,0,0,0,0,0,68,60+,414,1
1982,Master,Married,21059.0,2014-01-07,40,8,3,19,3.0,3,8.0,3,3,0,3,6,0,0,0,0,0,0,0,33,30–39,44,1
1968,Master,Married,29543.0,2014-04-01,47,17,3,18,3.0,4,18.0,2,3,1,2,7,0,0,0,0,0,0,0,47,40–49,63,2
1951,Graduation,Married,75903.0,2013-04-08,50,340,81,185,120.5,38,100.0,2,6,6,9,3,0,0,0,0,0,0,0,64,60+,901,1
1975,2n Cycle,Together,34984.0,2012-09-06,40,8,4,15,3.0,5,3.0,2,1,0,3,7,0,0,0,0,0,0,0,40,40–49,38,2
1956,PhD,Single,54998.0,2013-03-10,3,154,22,202,39.0,30,8.0,5,4,2,9,4,0,0,0,0,0,0,1,59,50–59,455,1
1949,PhD,Widow,54356.0,2012-11-19,62,710,15,30,20.0,0,0.0,3,11,2,8,8,0,0,0,0,0,0,1,66,60+,775,1
1959,Master,Married,34242.0,2014-03-23,25,8,2,4,0.0,0,1.0,1,0,0,3,5,0,0,0,0,0,0,0,56,50–59,15,1
1973,Graduation,Married,25410.0,2013-08-31,48,2,2,4,13.0,13,4.0,1,1,0,4,4,0,0,0,0,0,0,0,42,40–49,38,1
1984,PhD,Married,73356.0,2014-02-06,56,1050,14,322,0.0,14,112.0,1,5,11,5,2,1,0,1,1,0,0,1,31,30–39,1512,0
1950,Graduation,Together,28320.0,2013-01-14,68,19,1,14,3.0,2,4.0,1,1,0,3,8,0,0,0,0,0,0,0,65,60+,43,1
1977,Graduation,Single,23763.0,2012-08-07,64,22,0,6,6.0,2,6.0,1,1,0,3,7,0,0,0,0,0,0,0,38,30–39,42,1
1984,Graduation,Married,72570.0,2014-04-25,67,274,81,216,120.5,81,126.5,1,4,6,12,1,0,0,0,0,0,0,0,31,30–39,1089,0
1976,Master,Married,34529.0,2012-09-14,94,68,6,38,3.0,6,41.0,2,2,2,3,7,0,0,0,0,0,0,0,39,30–39,162,1
1951,Graduation,Widow,70792.0,2013-02-06,82,344,45,556,104.0,11,114.0,2,3,4,10,3,0,0,0,0,0,0,0,64,60+,1272,0
1982,Graduation,Married,63211.0,2012-11-02,3,145,81,459,120.5,26,126.5,2,3,8,7,2,0,0,0,0,0,0,1,33,30–39,1173,0
1974,Master,Married,83891.0,2014-06-20,24,217,38,350,111.0,81,15.0,1,4,7,10,1,0,0,0,0,0,0,0,41,40–49,816,1
1968,Graduation,Single,36065.0,2013-03-31,54,18,7,34,10.0,2,3.0,3,3,0,3,8,0,0,0,0,0,0,0,47,40–49,74,2
1954,Graduation,Together,39898.0,2013-02-12,20,69,8,26,12.0,7,12.0,2,3,0,4,7,0,0,0,0,0,0,0,61,60+,134,1
1940,PhD,Single,51141.0,2013-07-08,96,144,0,7,0.0,0,6.0,1,3,1,4,5,0,0,0,0,0,0,0,75,60+,157,0
1976,Graduation,Married,56939.0,2013-09-18,19,256,34,103,90.0,29,49.0,2,3,3,10,3,0,0,0,0,0,0,0,39,30–39,561,1
1951,Graduation,Single,80872.0,2014-05-12,60,483,72,556,94.0,12,108.0,1,4,4,10,1,0,0,0,0,0,0,0,64,60+,1336,0
1976,PhD,Together,72335.0,2012-08-13,2,1285,81,556,28.0,21,0.0,1,10,4,8,8,0,0,0,0,0,0,1,39,30–39,2092,0
1964,PhD,Single,61798.0,2013-11-23,13,338,4,89,11.0,8,13.0,1,4,2,9,4,0,0,0,0,0,0,0,51,50–59,463,0
1950,PhD,Widow,76842.0,2014-05-03,37,605,10,345,84.0,54,32.0,1,1,8,7,0,0,0,0,0,0,0,0,65,60+,1130,0
1976,Graduation,Together,29478.0,2014-01-17,59,8,0,7,3.0,1,1.0,1,1,0,3,6,0,0,0,0,0,0,0,39,30–39,20,1
1956,Graduation,Single,46998.0,2012-10-22,55,172,41,86,45.0,6,27.0,5,5,3,5,7,1,0,0,0,0,0,0,59,50–59,377,1
1990,Graduation,Single,96843.0,2013-04-23,60,448,71,556,40.0,17,17.0,1,6,11,10,2,0,0,1,0,0,0,1,25,<30,1544,0
1950,PhD,Widow,56551.0,2014-05-07,48,67,4,32,17.0,2,16.0,3,2,1,4,4,0,0,0,0,0,0,0,65,60+,138,2
1965,Master,Married,70053.0,2013-07-03,38,512,53,98,81.0,81,89.0,3,8,5,10,5,0,0,0,0,0,0,0,50,50–59,1012,1
1962,PhD,Widow,71670.0,2013-07-09,8,1462,16,128,0.0,0,126.5,1,5,3,6,6,0,1,1,0,1,0,1,53,50–59,1766,0
1978,Graduation,Married,44359.0,2014-06-17,19,20,0,14,7.0,3,1.0,3,2,0,4,3,0,0,0,0,0,0,0,37,30–39,45,2
1952,Graduation,Single,40887.0,2013-05-06,32,50,4,44,10.0,10,43.0,3,3,1,3,9,0,0,0,0,0,0,1,63,60+,161,2
1966,Graduation,Divorced,48877.0,2014-01-05,27,102,1,15,2.0,0,24.0,1,3,0,4,7,0,0,0,0,0,0,0,49,40–49,144,1
1947,Graduation,Together,74485.0,2013-08-24,58,499,81,556,120.5,49,49.0,1,6,7,12,3,0,0,0,0,0,0,0,68,60+,1734,0
1972,Graduation,Together,64474.0,2013-10-22,59,381,35,172,56.0,81,93.0,2,8,2,10,5,0,0,0,0,0,0,0,43,40–49,823,1
1963,Graduation,Together,77226.0,2014-02-28,29,631,43,239,120.5,76,21.0,2,6,8,12,3,0,0,0,0,0,0,0,52,50–59,1138,1
1949,Graduation,Widow,72643.0,2013-02-27,60,526,80,553,120.5,81,53.0,1,3,10,7,2,0,0,0,1,0,0,1,66,60+,1429,0
1978,Master,Together,85738.0,2014-01-23,41,913,26,376,17.0,26,13.0,1,3,6,11,1,0,1,1,0,0,0,0,37,30–39,1371,0
1966,Graduation,Divorced,55686.0,2013-02-14,27,673,0,199,37.0,47,26.0,2,6,3,5,4,1,0,0,0,0,0,0,49,40–49,982,1
1983,Graduation,Single,39062.0,2014-03-25,28,23,0,9,0.0,0,12.0,1,1,0,3,4,1,0,0,0,0,0,0,32,30–39,44,1
1971,Graduation,Together,34600.0,2013-01-01,8,199,33,60,8.0,3,15.0,5,5,2,5,8,0,0,0,0,0,0,1,44,40–49,318,2
1975,Graduation,Married,40794.0,2013-04-07,18,261,23,73,4.0,23,50.0,2,6,3,5,7,0,0,0,0,0,0,0,40,40–49,434,1
1971,2n Cycle,Married,54690.0,2013-11-07,76,111,16,37,7.0,9,18.0,3,3,1,5,3,0,0,0,0,0,0,0,44,40–49,198,2
1969,Graduation,Married,4428.0,2013-10-05,0,16,4,12,2.0,4,126.5,0,25,0,0,1,0,0,0,0,0,0,0,46,40–49,359,1
1963,2n Cycle,Married,32632.0,2012-08-02,32,63,81,137,120.5,19,53.0,2,4,4,8,5,0,0,0,0,0,0,0,52,50–59,576,0
1968,PhD,Single,38236.0,2013-09-20,2,58,0,18,2.0,0,10.0,4,3,0,4,7,0,0,0,0,0,0,0,47,40–49,88,2
1979,Graduation,Married,36781.0,2014-04-10,16,29,1,17,0.0,3,13.0,1,2,1,2,8,0,0,0,0,0,0,1,36,30–39,63,1
1984,Master,Single,31385.0,2012-12-05,56,3,2,12,0.0,1,9.0,1,1,0,2,8,1,0,0,0,0,0,1,31,30–39,27,1
1984,Graduation,Married,24570.0,2013-02-27,97,28,34,62,11.0,14,44.0,3,4,0,4,9,0,0,0,0,0,0,0,31,30–39,193,1
1974,PhD,Divorced,25509.0,2012-09-18,15,40,3,30,10.0,7,11.0,3,3,0,3,9,0,0,0,0,0,0,1,41,40–49,101,1
1951,Graduation,Married,94642.0,2014-02-12,35,879,81,556,106.0,81,126.5,0,5,7,9,1,0,0,1,1,0,0,0,64,60+,2211,0
1962,Master,Married,58646.0,2013-06-10,3,62,1,44,6.0,5,22.0,1,2,1,4,4,0,0,0,0,0,0,0,53,50–59,140,1
1975,Graduation,Single,53201.0,2013-02-12,49,280,7,81,20.0,0,27.0,8,6,3,5,7,0,0,0,0,0,0,0,40,40–49,415,2
1957,Graduation,Together,21994.0,2012-12-24,4,9,0,6,3.0,1,3.0,1,0,0,3,5,0,0,0,0,0,0,0,58,50–59,22,1
1978,Graduation,Married,57113.0,2013-02-06,45,182,4,33,0.0,2,42.0,6,4,1,5,7,0,0,0,0,0,0,0,37,30–39,263,2
1991,Graduation,Married,51373.0,2013-06-22,37,83,2,101,64.0,26,117.0,1,3,5,3,4,0,0,0,0,0,0,0,24,<30,393,0
1986,Graduation,Married,23477.0,2013-10-21,39,38,15,54,3.0,8,29.0,3,3,0,4,8,0,0,0,0,0,0,0,29,<30,147,1
1956,Graduation,Married,58116.0,2014-04-13,38,228,19,130,4.0,11,51.0,2,3,3,8,2,0,0,0,0,0,0,0,59,50–59,443,1
1963,PhD,Divorced,72968.0,2013-12-16,8,1092,37,556,120.5,37,55.0,1,5,5,8,3,0,0,0,1,0,0,1,52,50–59,1958,0
1971,Master,Married,39791.0,2013-03-28,89,85,15,27,13.0,13,21.0,2,3,1,4,7,0,0,0,0,0,0,0,44,40–49,174,1
1947,Master,Single,91712.0,2013-10-17,47,1276,24,556,94.0,29,48.0,0,9,7,11,3,0,0,1,0,0,0,1,68,60+,2217,0
1958,Graduation,Single,94472.0,2014-04-03,75,1017,33,417,108.0,81,16.0,1,5,5,5,5,0,1,1,0,0,0,0,57,50–59,1691,1
1960,Graduation,Together,13672.0,2013-04-17,86,6,2,9,2.0,1,5.0,2,1,0,3,8,0,0,0,0,0,0,0,55,50–59,25,2
1980,2n Cycle,Married,96547.0,2014-05-23,4,448,21,125,52.0,81,62.0,0,7,6,8,2,1,0,1,1,0,0,1,35,30–39,809,0
1975,Graduation,Married,79205.0,2012-08-29,73,504,23,117,120.5,28,44.0,1,6,5,4,4,0,0,0,1,0,0,1,40,40–49,895,0
1975,PhD,Together,56559.0,2012-12-25,46,226,22,133,41.0,31,31.0,3,4,3,8,4,0,0,0,0,0,0,0,40,40–49,484,1
1973,PhD,Married,32644.0,2013-01-16,38,239,3,141,0.0,7,23.0,4,7,1,6,8,1,0,0,0,0,0,0,42,40–49,413,1
1980,2n Cycle,Single,67506.0,2014-01-02,73,90,38,67,33.0,36,67.0,1,4,1,6,3,0,0,0,0,0,0,0,35,30–39,331,1
1970,Graduation,Single,24206.0,2013-03-08,66,7,2,8,3.0,2,3.0,1,1,0,3,6,0,0,0,0,0,0,0,45,40–49,25,1
1967,PhD,Divorced,28420.0,2013-12-24,36,4,2,5,2.0,0,0.0,1,1,0,2,6,0,0,0,0,0,0,0,48,40–49,13,1
1970,Graduation,Married,22979.0,2012-09-06,29,16,17,19,20.0,21,22.0,3,3,2,2,8,0,0,0,0,0,0,1,45,40–49,115,1
1966,Graduation,Single,33279.0,2014-06-12,29,10,3,3,0.0,0,0.0,1,0,0,3,3,0,0,0,0,0,0,0,49,40–49,16,0
1972,Master,Single,46423.0,2013-09-18,6,68,0,16,0.0,0,8.0,3,2,0,4,7,0,0,0,0,0,0,0,43,40–49,92,2
1977,Graduation,Married,30368.0,2013-11-07,97,35,0,13,2.0,0,2.0,2,2,0,3,8,0,0,0,0,0,0,0,38,30–39,52,1
1970,Graduation,Married,63684.0,2012-11-26,61,575,80,428,120.5,81,80.0,3,8,4,8,5,0,0,0,0,0,0,0,45,40–49,1464,1
1964,Graduation,Divorced,41638.0,2013-02-13,68,315,0,31,4.0,0,91.0,4,5,5,3,8,1,0,0,0,0,0,0,51,50–59,441,1
1959,PhD,Divorced,68805.0,2013-09-17,73,182,2,49,17.0,13,20.0,1,3,1,7,2,0,0,0,0,0,0,0,56,50–59,283,1
1966,PhD,Together,65814.0,2014-03-02,90,561,14,113,10.0,14,35.0,3,8,2,10,5,0,0,0,0,0,0,0,49,40–49,747,1
1958,Graduation,Divorced,71964.0,2013-05-20,81,587,51,556,120.5,34,86.0,1,5,6,5,3,0,0,0,0,0,0,0,57,50–59,1870,0
1986,Graduation,Single,39146.0,2013-02-14,1,94,1,33,13.0,12,12.0,3,4,0,4,8,0,0,0,0,0,0,0,29,<30,165,1
1977,Graduation,Together,96876.0,2013-08-06,79,908,43,556,40.0,81,21.0,1,7,7,9,2,0,1,1,1,0,0,1,38,30–39,1941,0
1981,Basic,Married,34445.0,2013-01-27,92,228,81,122,120.5,81,30.0,6,11,2,8,9,0,0,0,0,0,0,0,34,30–39,839,0
1958,Graduation,Single,68281.0,2012-08-07,31,995,81,417,42.0,48,41.0,1,2,9,13,5,0,0,0,0,0,0,1,57,50–59,1655,0
1975,2n Cycle,Married,37284.0,2013-03-29,46,11,1,2,2.0,1,6.0,1,0,0,3,6,0,0,0,0,0,0,0,40,40–49,23,2
1983,Graduation,Married,36790.0,2013-03-01,14,3,3,14,15.0,21,10.0,1,2,1,2,9,0,0,0,0,0,0,1,32,30–39,66,0
1967,Graduation,Together,27943.0,2013-04-15,89,12,1,16,4.0,1,3.0,3,2,0,3,8,0,0,0,0,0,0,0,48,40–49,37,2
1951,Graduation,Divorced,22263.0,2014-03-30,31,17,0,2,0.0,0,2.0,2,1,0,3,6,0,0,0,0,0,1,0,64,60+,21,2
1972,Graduation,Together,30261.0,2012-09-25,75,8,0,5,0.0,3,6.0,1,0,0,3,8,0,0,0,0,0,0,0,43,40–49,22,3
1978,Graduation,Together,28587.0,2014-02-12,42,22,4,17,12.0,10,13.0,3,2,0,4,6,0,0,0,0,0,0,0,37,30–39,78,1
1982,Master,Married,43815.0,2013-04-05,53,14,10,29,4.0,7,15.0,1,2,0,3,6,0,0,0,0,0,0,0,33,30–39,79,1
1956,Graduation,Married,48195.0,2014-01-21,53,106,27,68,52.0,7,5.0,6,4,2,5,6,0,0,0,0,0,0,0,59,50–59,265,2
1952,Master,Married,77027.0,2014-02-05,23,820,57,242,45.0,0,11.0,2,8,3,6,4,0,0,0,0,0,0,0,63,60+,1175,1
1965,PhD,Married,71322.0,2013-02-16,57,753,43,226,69.0,10,126.5,2,8,5,13,4,0,0,0,0,0,0,0,50,50–59,1305,1
1979,Master,Married,32765.0,2014-02-23,49,13,3,17,7.0,3,3.0,2,2,0,4,5,0,0,0,0,0,0,0,36,30–39,46,1
1965,Graduation,Together,29672.0,2013-03-12,6,9,1,3,0.0,4,8.0,1,0,0,3,6,0,0,0,0,0,0,0,50,50–59,25,2
1953,Graduation,Divorced,23272.0,2013-10-17,29,19,3,6,4.0,2,12.0,1,1,0,3,4,0,0,0,0,0,0,0,62,60+,46,0
1949,Master,Together,49912.0,2012-09-07,5,520,8,223,32.0,49,42.0,4,10,5,7,8,1,0,0,0,0,0,1,66,60+,874,1
1985,2n Cycle,Together,7500.0,2012-08-01,98,5,17,17,13.0,14,34.0,4,2,1,3,9,0,0,0,0,0,0,0,30,30–39,100,1
1947,PhD,Widow,68117.0,2013-03-10,80,618,44,215,0.0,17,36.0,2,11,8,4,6,1,0,0,0,0,0,1,68,60+,930,1
1955,Graduation,Married,67225.0,2013-11-26,4,315,35,322,46.0,7,126.5,3,7,2,11,5,0,0,0,0,0,0,0,60,60+,868,1
1976,Graduation,Married,17649.0,2013-11-12,70,15,1,23,0.0,5,1.0,3,3,0,3,8,0,0,0,0,0,0,0,39,30–39,45,1
1975,Graduation,Together,55914.0,2013-04-29,32,384,60,364,119.0,81,126.5,4,11,6,8,7,0,0,0,0,0,0,0,40,40–49,1260,1
1984,Graduation,Married,40059.0,2013-09-28,82,110,29,92,28.0,10,126.5,1,6,2,3,8,1,0,0,0,0,0,0,31,30–39,414,1
1950,Graduation,Together,60905.0,2013-12-05,27,208,17,76,36.0,17,38.0,2,3,3,7,2,0,0,0,0,0,0,0,65,60+,392,1
1977,Graduation,Married,75330.0,2012-10-04,94,555,81,257,93.0,61,61.0,4,10,3,12,6,0,0,0,0,0,0,0,38,30–39,1109,2
1951,Graduation,Single,60689.0,2013-06-01,23,240,81,216,63.0,6,24.0,4,4,4,10,3,0,0,0,0,0,0,0,64,60+,639,1
1984,Graduation,Married,38680.0,2013-03-28,97,11,0,36,15.0,5,12.0,1,2,0,3,7,0,0,0,0,0,0,0,31,30–39,79,1
1982,Graduation,Together,61416.0,2013-02-08,25,848,81,323,120.5,61,78.0,1,10,3,10,6,1,0,0,0,0,0,0,33,30–39,1665,0
1991,Graduation,Single,49767.0,2013-05-02,92,202,47,197,55.0,42,126.5,1,5,4,8,4,0,0,0,0,0,0,0,24,<30,692,0
1970,Graduation,Single,83273.0,2012-09-25,98,433,81,556,16.0,81,102.0,10,4,6,9,7,0,0,0,0,0,0,0,45,40–49,1392,3
1981,Graduation,Married,29009.0,2013-11-29,19,6,6,15,10.0,5,2.0,2,2,0,3,6,0,0,0,0,0,0,0,34,30–39,44,1
1979,Master,Married,45057.0,2013-12-01,80,37,0,7,3.0,0,3.0,1,2,0,3,5,0,0,0,0,0,0,0,36,30–39,50,1
1971,Graduation,Married,37150.0,2012-09-11,80,167,37,64,49.0,34,116.0,8,4,3,6,7,0,0,0,0,0,0,0,44,40–49,467,1
1970,Graduation,Single,43020.0,2013-11-30,79,45,7,99,4.0,25,43.0,3,4,1,4,6,0,0,0,0,0,0,0,45,40–49,223,1
1959,Graduation,Married,53154.0,2014-06-09,50,129,0,21,0.0,1,7.0,1,3,1,4,4,0,0,0,0,0,0,0,56,50–59,158,1
1973,Graduation,Married,65308.0,2013-09-11,60,713,0,264,120.0,80,34.0,1,7,8,12,4,0,0,1,1,0,0,0,42,40–49,1211,0
1970,Graduation,Single,76467.0,2012-08-17,44,676,81,426,120.5,44,58.0,2,2,5,5,6,0,0,0,0,0,0,1,45,40–49,1575,1
1947,2n Cycle,Married,81044.0,2013-12-27,0,450,26,535,73.0,81,26.0,1,5,6,10,1,0,0,0,0,0,0,0,68,60+,1208,0
1951,Graduation,Married,32871.0,2013-03-09,28,22,2,12,0.0,2,5.0,1,1,0,3,4,0,0,0,0,0,0,0,64,60+,43,2
1975,Graduation,Single,55801.0,2013-09-22,35,367,4,51,6.0,4,95.0,6,7,2,6,7,0,0,0,1,0,0,0,40,40–49,527,2
1959,Graduation,Widow,76320.0,2014-06-22,49,526,35,214,69.0,53,35.0,2,6,3,4,2,0,0,0,0,0,0,0,56,50–59,932,1
1955,Master,Single,36927.0,2014-06-02,46,51,0,16,0.0,0,4.0,2,3,0,3,8,0,0,0,0,0,0,0,60,60+,71,2
1953,Graduation,Together,48794.0,2014-06-26,97,25,0,11,3.0,0,15.0,1,1,0,3,4,0,0,0,0,0,0,0,62,60+,54,2
1965,Graduation,Single,23478.0,2013-03-19,51,28,6,27,12.0,17,39.0,1,3,0,3,8,0,0,0,0,0,0,0,50,50–59,129,0
1973,Graduation,Divorced,71128.0,2012-10-06,80,958,81,447,20.0,0,31.0,3,2,10,12,7,0,0,0,0,0,0,0,42,40–49,1615,1
1976,PhD,Divorced,70179.0,2013-07-21,10,532,81,168,69.0,44,126.5,3,7,3,13,5,0,0,0,0,0,0,0,39,30–39,1034,1
1950,Graduation,Married,59462.0,2013-01-05,29,724,17,143,0.0,8,126.5,2,9,2,12,7,0,0,0,0,0,0,0,65,60+,1088,1
1969,Master,Together,51381.5,2013-05-18,52,375,42,48,94.0,66,96.0,7,4,10,4,3,0,0,0,0,0,0,0,46,40–49,721,2
1969,Graduation,Together,38361.0,2013-12-27,74,39,0,56,20.0,8,14.0,3,3,1,3,7,0,0,0,0,0,0,0,46,40–49,137,1
1981,PhD,Single,51381.5,2013-05-31,82,23,0,15,0.0,2,7.0,2,3,0,3,6,0,0,0,0,0,0,0,34,30–39,47,1
1982,PhD,Together,70038.0,2013-10-25,54,587,54,348,71.0,54,126.5,1,4,4,8,2,0,0,0,0,0,0,0,33,30–39,1244,0
1978,Graduation,Together,42554.0,2013-01-12,93,29,1,11,0.0,0,0.0,2,2,0,3,4,0,0,0,0,0,0,0,37,30–39,41,2
1974,Graduation,Married,67445.0,2012-08-12,63,757,80,217,29.0,80,11.0,5,9,6,12,6,0,0,0,0,0,0,0,41,40–49,1174,1
1951,Graduation,Widow,67046.0,2013-01-06,92,544,35,133,23.0,81,107.0,2,4,5,4,2,0,0,0,0,0,0,0,64,60+,993,1
1948,Graduation,Married,42192.0,2013-09-06,40,40,15,15,17.0,6,7.0,1,2,1,3,4,0,0,0,0,0,0,0,67,60+,100,0
1952,PhD,Married,77610.0,2012-10-29,70,1245,33,332,21.0,33,16.0,2,4,7,4,7,0,0,0,0,0,0,0,63,60+,1680,1
1984,Graduation,Married,31761.0,2014-04-05,96,19,1,20,16.0,14,28.0,2,3,0,4,5,0,0,0,0,0,0,0,31,30–39,98,1
1979,Graduation,Together,34350.0,2013-10-19,81,16,3,15,2.0,1,11.0,1,1,0,3,7,0,0,0,0,0,0,0,36,30–39,48,1
1949,Graduation,Together,54591.0,2013-08-05,63,376,4,94,12.0,9,24.0,3,6,2,8,5,0,0,0,0,0,0,0,66,60+,519,1
1956,Graduation,Married,71866.0,2013-12-25,85,184,81,178,103.0,39,33.0,1,6,3,10,3,0,0,0,0,0,0,0,59,50–59,715,1
1969,Graduation,Married,25293.0,2013-09-15,51,15,0,11,0.0,2,9.0,1,1,1,2,8,0,0,0,0,0,0,0,46,40–49,37,1
1987,PhD,Single,42000.0,2013-01-10,23,124,81,267,85.0,59,35.0,2,5,2,11,5,0,0,0,0,0,0,1,28,<30,653,0
1983,Graduation,Married,69520.0,2013-07-07,95,627,81,414,120.5,80,93.0,1,9,6,5,5,0,0,0,0,0,0,0,32,30–39,1455,0
1970,Graduation,Divorced,64713.0,2014-02-07,11,180,60,241,13.0,54,54.0,2,5,5,7,4,0,0,0,0,0,0,1,45,40–49,602,1
1977,Master,Married,27889.0,2013-07-05,42,14,0,4,0.0,0,8.0,1,1,1,2,6,0,0,0,0,0,0,0,38,30–39,26,1
1960,Basic,Widow,22123.0,2014-03-27,77,3,3,24,34.0,7,31.0,1,2,1,3,5,0,0,0,0,0,0,0,55,50–59,102,0
1971,Graduation,Married,51381.5,2013-03-03,82,71,1,16,0.0,0,9.0,4,2,1,3,8,0,0,0,0,0,0,0,44,40–49,97,2
1954,Master,Together,51381.5,2013-06-23,83,161,0,22,0.0,0,24.0,2,4,1,4,6,0,0,0,0,0,0,0,61,60+,207,1
1973,Graduation,Married,27803.0,2012-08-26,40,8,26,46,38.0,9,49.0,2,3,0,4,8,0,0,0,0,0,0,0,42,40–49,176,1
1955,Graduation,Single,51381.5,2013-10-18,95,264,0,21,12.0,6,126.5,3,6,1,5,7,0,0,0,0,0,0,0,60,60+,450,1
1960,Graduation,Married,51651.0,2012-11-07,32,293,6,23,13.0,6,92.0,4,6,2,5,8,0,0,0,0,0,0,0,55,50–59,433,1
1988,Graduation,Married,68487.0,2013-01-13,48,758,12,385,33.0,81,89.0,1,9,7,13,4,0,0,0,0,0,0,0,27,<30,1366,0
1943,Master,Widow,51381.5,2013-10-30,75,532,81,490,120.5,81,126.0,1,5,5,11,1,0,0,1,0,0,0,1,72,60+,1564,0
1969,Graduation,Married,56796.0,2013-02-16,24,656,38,161,62.0,47,37.0,3,8,9,7,7,0,0,0,0,0,0,0,46,40–49,1001,1
1992,2n Cycle,Married,87000.0,2012-12-15,61,196,25,556,67.0,17,49.0,1,4,6,7,2,0,0,0,0,0,0,0,23,<30,961,0
1959,Graduation,Married,79823.0,2014-03-31,6,835,73,380,114.0,73,43.0,1,6,9,7,2,0,1,0,0,0,0,0,56,50–59,1518,1
1980,Graduation,Single,30828.0,2013-10-04,16,16,11,15,2.0,0,12.0,2,1,1,4,3,0,0,0,0,0,0,0,35,30–39,56,1
1971,Master,Married,34109.0,2013-11-06,39,9,1,5,2.0,1,4.0,1,0,0,3,4,0,0,0,0,0,0,0,44,40–49,22,1
1974,Master,Divorced,53367.0,2013-08-31,2,229,7,140,10.0,3,11.0,7,5,1,8,7,0,0,0,0,0,0,1,41,40–49,400,2
1969,Basic,Together,22390.0,2013-10-21,49,0,1,4,15.0,1,5.0,1,1,0,2,7,0,0,0,0,0,0,0,46,40–49,26,0
1976,Graduation,Together,71322.0,2014-05-02,31,121,24,124,24.0,15,42.0,1,4,1,7,2,0,0,0,0,0,0,0,39,30–39,350,1
1993,Graduation,Single,79244.0,2012-12-19,58,471,81,125,120.5,61,126.5,1,4,10,7,1,0,0,1,1,0,0,1,22,<30,1216,0
1949,Master,Together,49912.0,2012-09-07,5,520,8,223,32.0,49,42.0,4,10,5,7,8,1,0,0,0,0,0,1,66,60+,874,1
1950,PhD,Married,48699.0,2013-05-21,90,26,1,10,2.0,0,1.0,1,1,0,3,5,0,0,0,0,0,0,0,65,60+,40,2
1975,Graduation,Together,80144.0,2013-09-30,47,240,81,445,120.5,81,108.0,1,3,7,8,1,0,0,0,0,0,0,0,40,40–49,1367,0
1956,Graduation,Single,54252.0,2013-05-28,25,178,4,26,8.0,4,44.0,5,4,1,5,6,0,0,0,0,0,0,0,59,50–59,264,2
1976,Master,Married,81929.0,2012-09-29,60,1486,55,278,49.0,0,126.5,2,4,4,10,6,1,0,1,0,0,0,1,39,30–39,2053,1
1975,Graduation,Married,76068.0,2012-11-29,67,1115,12,128,33.0,12,76.0,1,2,3,4,6,0,1,0,0,1,0,0,40,40–49,1376,1
1976,Master,Married,53204.0,2014-03-20,40,29,0,8,2.0,0,6.0,1,1,0,3,4,0,0,0,0,0,0,0,39,30–39,45,2
1949,PhD,Together,67911.0,2014-05-22,63,529,0,356,63.0,28,0.0,3,6,7,11,3,0,0,0,0,0,0,0,66,60+,976,1
1984,2n Cycle,Married,14796.0,2012-09-17,1,13,3,8,7.0,4,16.0,2,1,0,3,9,0,0,0,0,0,0,1,31,30–39,51,1
1974,PhD,Married,78128.0,2014-02-19,89,934,24,230,16.0,24,36.0,2,8,4,6,3,0,1,1,0,0,0,0,41,40–49,1264,1
1972,Basic,Married,14188.0,2013-02-28,40,2,7,11,16.0,12,27.0,1,2,0,4,6,0,0,0,0,0,0,0,43,40–49,75,0
1986,Basic,Married,20425.0,2012-10-29,5,4,12,5,3.0,16,17.0,2,2,0,3,7,0,0,0,0,0,0,0,29,<30,57,1
1962,Master,Married,58646.0,2013-06-10,3,62,1,44,6.0,5,22.0,1,2,1,4,4,0,0,0,0,0,0,0,53,50–59,140,1
1970,Graduation,Divorced,72967.0,2012-12-15,1,158,35,179,0.0,0,125.0,2,7,2,8,5,1,0,0,0,0,0,1,45,40–49,497,1
1949,Master,Married,48150.0,2013-06-08,24,173,2,39,3.0,2,47.0,3,5,1,4,7,0,0,0,0,0,0,0,66,60+,266,1
1961,Graduation,Single,82332.0,2012-09-17,89,830,59,556,51.0,79,19.0,1,5,3,12,2,0,0,1,0,0,0,1,54,50–59,2006,0
1955,Graduation,Widow,58275.0,2013-06-02,48,189,10,253,56.0,43,64.0,6,8,2,7,7,0,0,0,0,0,0,0,60,60+,615,2
1981,PhD,Together,44953.0,2012-12-21,31,728,17,133,11.0,8,124.0,1,7,3,13,6,1,0,0,0,0,0,0,34,30–39,1021,0
1953,Graduation,Together,34587.0,2014-05-16,68,7,2,9,2.0,0,2.0,2,1,0,3,4,0,0,0,0,0,0,0,62,60+,22,2
1974,Master,Together,43018.0,2013-11-01,46,35,4,17,7.0,6,64.0,1,2,2,2,5,0,0,0,0,0,0,0,41,40–49,133,1
1954,Master,Married,45736.0,2013-07-24,92,188,3,180,20.0,3,43.0,5,7,1,6,7,0,0,0,0,0,0,0,61,60+,437,1
1969,Master,Together,66476.0,2013-12-04,80,742,28,152,25.0,9,57.0,2,6,8,10,4,0,0,0,0,0,0,0,46,40–49,1013,1
1981,2n Cycle,Married,27733.0,2013-08-26,16,0,7,5,26.0,2,17.0,2,2,0,3,7,0,0,0,0,0,0,0,34,30–39,57,1
1952,PhD,Together,69805.0,2014-01-21,50,750,71,174,13.0,10,20.0,2,6,8,11,2,0,0,0,0,0,0,0,63,60+,1038,1
1962,Master,Single,72217.0,2013-04-10,93,816,42,450,55.0,56,126.5,1,3,10,8,2,0,0,0,0,0,0,0,53,50–59,1573,0
1971,Graduation,Divorced,25818.0,2012-10-18,51,5,2,8,2.0,2,9.0,1,0,1,2,7,0,0,0,0,0,0,0,44,40–49,28,1
1976,Master,Together,37509.0,2012-09-12,24,37,5,56,12.0,8,5.0,2,3,0,4,7,0,0,0,0,0,0,0,39,30–39,123,1
1976,2n Cycle,Together,25176.0,2013-08-10,79,4,0,4,0.0,0,5.0,1,1,0,2,7,0,0,0,0,0,0,0,39,30–39,13,2
1980,Graduation,Married,43586.0,2012-08-30,26,99,2,11,4.0,0,16.0,3,3,0,4,8,0,0,0,0,0,0,0,35,30–39,132,1
1956,2n Cycle,Married,53230.0,2012-08-03,86,176,72,98,120.5,21,126.5,4,5,2,12,5,0,0,0,0,0,0,0,59,50–59,732,1
1957,Graduation,Together,50116.0,2014-06-20,68,54,0,10,0.0,0,2.0,2,1,0,4,5,0,1,0,0,0,0,0,58,50–59,66,2
1972,Graduation,Together,84906.0,2013-10-04,98,997,15,414,99.0,30,76.0,1,5,6,12,2,0,1,1,0,1,0,0,43,40–49,1631,0
1966,Graduation,Married,61286.0,2013-08-02,34,356,0,107,19.0,9,117.0,2,7,1,8,5,0,0,0,0,0,0,0,49,40–49,608,1
1986,PhD,Married,82333.0,2013-03-30,60,1311,0,359,46.0,81,17.0,1,4,3,10,2,0,0,1,0,0,0,1,29,<30,1822,0
1965,PhD,Together,65220.0,2012-09-03,3,890,63,292,0.0,25,12.0,4,8,4,7,6,0,0,0,0,0,0,1,50,50–59,1282,0
1974,Graduation,Together,33590.0,2013-11-03,65,4,0,2,0.0,0,2.0,1,1,0,2,7,0,0,0,0,0,0,0,41,40–49,8,3
1976,Graduation,Divorced,30992.0,2013-04-22,83,17,0,14,7.0,3,2.0,1,1,0,3,7,0,0,0,0,0,0,0,39,30–39,43,1
1976,Master,Single,72309.0,2013-03-11,64,960,0,556,50.0,38,0.0,1,5,6,8,3,0,0,0,1,0,0,1,39,30–39,1931,0
1949,PhD,Married,156924.0,2013-08-29,85,2,1,2,1.0,1,1.0,0,0,0,0,0,0,0,0,0,0,0,0,66,60+,8,0
1980,Basic,Married,16005.0,2012-08-14,69,1,3,2,20.0,30,47.0,3,2,1,2,8,0,0,0,0,0,0,0,35,30–39,103,1
1957,Master,Single,65487.0,2014-01-10,48,240,67,500,120.5,0,126.5,3,3,5,6,2,0,0,0,0,0,0,0,58,50–59,1169,0
1965,Graduation,Married,58692.0,2014-04-06,21,301,11,61,4.0,7,11.0,1,8,2,4,7,0,0,0,0,0,0,0,50,50–59,395,1
1969,Graduation,Widow,40590.0,2013-10-02,30,154,0,50,6.0,11,37.0,5,3,4,3,6,1,0,0,0,0,0,0,46,40–49,258,2
1970,Graduation,Single,20587.0,2014-05-11,39,2,3,6,4.0,1,9.0,1,1,1,2,7,0,0,0,0,0,0,0,45,40–49,25,1
1954,Master,Divorced,62637.0,2014-03-01,76,104,12,48,4.0,12,5.0,1,2,2,5,2,0,0,0,0,0,0,0,61,60+,185,1
1966,Master,Divorced,29435.0,2012-08-06,11,70,3,37,4.0,2,64.0,4,3,2,2,9,0,0,0,0,0,0,1,49,40–49,180,2
1974,Graduation,Divorced,19346.0,2014-01-30,26,2,0,9,3.0,6,2.0,1,1,0,3,8,0,0,0,0,0,0,0,41,40–49,22,1
1971,Graduation,Married,35788.0,2014-01-23,34,23,2,11,3.0,1,4.0,2,2,0,3,6,0,0,0,0,0,0,0,44,40–49,44,2
1968,Graduation,Divorced,36997.0,2013-02-01,72,43,4,12,8.0,0,27.0,5,2,1,4,5,0,0,0,0,0,0,0,47,40–49,94,2
1957,Graduation,Married,23539.0,2014-02-28,13,4,24,11,16.0,1,25.0,1,2,0,4,6,0,0,0,0,0,0,0,58,50–59,81,0
1973,Graduation,Single,65333.0,2014-01-17,58,654,7,92,0.0,15,30.0,7,9,4,8,6,0,1,1,0,0,0,0,42,40–49,798,1
1957,Graduation,Single,78499.0,2013-11-23,12,912,72,170,47.0,36,97.0,1,11,3,4,4,0,0,1,0,0,0,1,58,50–59,1334,0
1971,PhD,Together,29732.0,2014-03-25,23,25,0,8,0.0,1,4.0,1,2,0,2,9,0,0,0,0,0,0,0,44,40–49,38,1
1960,Master,Together,41275.0,2014-03-24,33,24,4,22,0.0,2,9.0,4,3,1,3,5,0,0,0,0,0,0,0,55,50–59,61,3
1973,PhD,Together,63516.0,2013-07-06,30,141,11,114,15.0,14,5.0,4,4,1,7,5,0,0,0,0,0,0,0,42,40–49,300,2
1962,PhD,Married,42769.0,2013-10-12,15,71,0,13,3.0,1,0.0,2,1,1,4,4,0,0,0,0,0,0,0,53,50–59,88,1
1958,Master,Married,49572.0,2013-12-15,25,35,1,16,0.0,1,1.0,2,2,0,3,7,0,0,0,0,0,0,0,57,50–59,54,2
1972,Graduation,Married,69209.0,2012-09-17,4,496,32,556,120.5,48,126.5,2,5,3,6,4,0,0,0,1,0,0,0,43,40–49,1782,0
1976,Graduation,Married,17148.0,2014-01-28,80,9,9,11,13.0,10,16.0,4,3,1,3,8,0,0,0,0,0,0,0,39,30–39,68,1
1969,Graduation,Widow,40590.0,2013-10-02,30,154,0,50,6.0,11,37.0,5,3,4,3,6,1,0,0,0,0,0,0,46,40–49,258,2
1976,Master,Together,30560.0,2013-06-27,6,9,1,5,4.0,5,7.0,1,1,0,3,7,0,0,0,0,0,0,0,39,30–39,31,1
1983,2n Cycle,Married,32146.0,2014-05-12,16,26,3,23,4.0,7,3.0,2,2,0,4,6,0,0,0,0,0,0,0,32,30–39,66,1
1964,2n Cycle,Divorced,41713.0,2014-04-29,57,77,8,44,10.0,10,25.0,5,3,1,4,6,0,0,0,0,0,0,0,51,50–59,174,2
1975,Master,Together,34176.0,2014-01-22,9,11,2,7,4.0,2,2.0,1,1,0,3,3,0,0,0,0,0,0,0,40,40–49,28,1
1955,PhD,Married,58482.0,2014-03-12,59,576,7,115,19.0,7,7.0,2,7,4,9,6,0,1,0,0,0,0,0,60,60+,731,1
1965,Graduation,Single,59686.0,2014-01-25,78,89,15,89,34.0,42,5.0,1,4,1,6,4,0,0,0,0,0,0,0,50,50–59,274,1
1964,PhD,Married,60896.0,2012-10-11,90,1013,30,399,60.0,46,126.5,3,9,10,4,6,0,0,0,0,0,0,1,51,50–59,1701,1
1980,Graduation,Together,62994.0,2014-03-04,74,224,12,48,4.0,12,12.0,1,6,2,4,6,0,0,0,0,0,0,0,35,30–39,312,1
1957,Graduation,Together,47320.0,2013-08-01,10,200,19,111,50.0,15,19.0,6,5,1,8,6,0,0,0,0,0,0,0,58,50–59,414,1
1949,2n Cycle,Widow,74859.0,2013-06-03,63,570,73,556,120.5,81,73.0,1,6,5,11,3,0,0,0,1,0,0,0,66,60+,1565,0
1992,Basic,Single,15253.0,2013-10-28,13,1,3,3,8.0,1,13.0,2,1,0,3,7,0,0,0,0,0,0,0,23,<30,29,1
1974,PhD,Single,31560.0,2013-06-24,98,62,1,20,4.0,0,7.0,2,2,1,3,8,0,0,0,0,0,0,0,41,40–49,94,1
1954,Graduation,Divorced,72071.0,2013-02-14,4,531,69,300,120.5,81,126.5,3,5,4,8,2,0,0,0,0,0,0,0,61,60+,1338,1
1990,Master,Single,91172.0,2013-03-27,94,162,28,556,0.0,28,56.0,0,4,3,7,3,1,0,1,1,1,0,1,25,<30,1092,0
1984,Graduation,Married,90000.0,2013-12-23,91,675,81,133,94.0,81,126.5,1,4,8,5,1,1,0,1,1,0,0,0,31,30–39,1479,0
1981,Graduation,Single,41967.0,2013-11-23,66,23,4,10,0.0,2,15.0,1,1,0,3,4,0,0,0,0,0,0,0,34,30–39,54,2
1965,Graduation,Single,69263.0,2014-03-05,14,492,5,32,13.0,5,21.0,1,9,1,7,6,0,1,0,0,0,0,0,50,50–59,568,1
1970,2n Cycle,Divorced,65706.0,2013-06-28,77,918,10,129,13.0,0,126.5,1,11,3,12,7,0,1,1,0,1,0,1,45,40–49,1199,0
1975,Graduation,Together,60934.0,2014-01-17,41,224,81,155,120.5,81,54.0,2,6,4,11,4,0,0,0,0,0,0,0,40,40–49,873,1
1951,Graduation,Married,71965.0,2013-07-29,21,572,19,286,50.0,38,126.5,3,6,3,5,3,0,0,0,0,0,0,0,64,60+,1213,1
1955,Graduation,Married,65210.0,2014-03-10,25,626,0,70,0.0,7,28.0,2,9,3,8,6,0,1,0,1,0,0,0,60,60+,731,1
1975,PhD,Married,79174.0,2013-01-11,2,1074,37,518,120.5,81,126.5,1,5,6,7,2,0,0,1,1,0,0,1,40,40–49,2043,0
1967,Master,Divorced,81380.0,2012-12-22,51,741,68,556,120.5,68,103.0,1,4,2,10,2,0,0,0,0,0,0,0,48,40–49,1893,0
1973,PhD,Single,48432.0,2012-10-18,3,322,3,50,4.0,3,42.0,5,7,1,6,8,0,0,0,0,0,0,0,42,40–49,424,1
1971,Graduation,Married,52914.0,2013-01-07,32,254,10,44,30.0,10,126.5,2,7,3,3,7,1,0,0,0,0,0,0,44,40–49,575,1
1955,Graduation,Together,38946.0,2013-10-24,84,116,6,82,6.0,6,41.0,2,3,1,6,5,0,0,0,0,0,0,0,60,60+,257,1
1974,Graduation,Married,26067.0,2013-11-04,49,22,2,18,0.0,2,12.0,3,3,0,3,8,0,0,0,0,0,0,0,41,40–49,56,1
1972,PhD,Married,44325.0,2013-03-07,69,516,0,21,0.0,0,5.0,4,8,2,7,8,0,1,0,0,0,0,0,43,40–49,542,1
1964,Graduation,Married,42523.0,2014-04-23,96,14,36,11,3.0,26,35.0,1,1,1,4,2,0,0,0,0,0,0,0,51,50–59,125,0
1978,Basic,Single,26487.0,2013-05-20,23,2,8,10,12.0,14,23.0,3,2,1,3,5,0,0,0,0,0,0,0,37,30–39,69,1
1957,2n Cycle,Married,53233.0,2014-03-18,18,28,0,9,3.0,0,0.0,1,1,0,3,4,0,0,0,0,0,0,0,58,50–59,40,1
1960,Graduation,Married,67716.0,2013-01-10,8,530,81,217,62.0,9,56.0,4,7,4,13,5,0,1,0,0,0,0,0,55,50–59,1016,1
1972,Master,Married,76234.0,2014-02-06,21,519,50,167,120.5,0,41.0,1,8,3,11,3,0,1,0,0,0,0,0,43,40–49,907,1
1956,PhD,Married,84117.0,2014-05-11,60,611,76,556,59.0,45,26.0,1,7,10,6,2,0,0,1,0,0,0,0,59,50–59,1566,0
1957,Master,Together,65487.0,2014-01-10,48,240,67,500,120.5,0,126.5,3,3,5,6,2,0,0,0,0,0,0,0,58,50–59,1169,0
1972,Basic,Married,25224.0,2014-03-16,36,4,9,12,11.0,2,8.0,2,1,1,3,3,0,0,0,0,0,0,0,43,40–49,46,1
1983,Master,Single,89616.0,2013-02-25,36,671,47,556,120.5,81,15.0,1,7,5,12,2,0,0,0,0,0,0,1,32,30–39,1644,0
1971,Graduation,Divorced,40851.0,2013-02-21,63,23,1,7,0.0,4,24.0,1,1,1,2,7,0,0,0,0,0,0,0,44,40–49,59,2
1947,Graduation,Married,27469.0,2012-08-02,2,9,1,2,3.0,2,0.0,1,0,0,3,6,0,0,0,0,0,0,0,68,60+,17,0
1957,2n Cycle,Married,82347.0,2012-11-06,38,556,54,556,120.5,81,63.0,1,7,7,10,3,1,0,0,1,0,0,1,58,50–59,1853,0
1957,Graduation,Married,73803.0,2012-08-01,61,833,80,363,52.0,26,126.5,2,9,5,6,6,1,0,0,0,0,0,1,58,50–59,1528,1
1952,Master,Single,8820.0,2013-03-22,52,12,0,13,4.0,2,4.0,4,3,0,3,8,0,0,0,0,0,0,0,63,60+,35,2
1974,Graduation,Single,43322.0,2014-04-21,25,56,7,48,10.0,2,18.0,1,3,0,4,7,0,0,0,0,0,0,0,41,40–49,141,0
1973,Graduation,Together,55593.0,2013-08-21,63,293,8,124,11.0,4,106.0,2,6,6,3,6,1,0,0,0,0,0,0,42,40–49,546,1
1954,Graduation,Married,50501.0,2013-06-18,10,297,0,38,13.0,0,126.5,7,5,4,4,6,1,0,0,0,0,0,1,61,60+,500,2
1975,Graduation,Married,37085.0,2014-06-26,65,39,1,16,2.0,0,3.0,4,3,0,3,8,0,0,0,0,0,0,0,40,40–49,61,2
1990,Basic,Single,16185.0,2013-08-05,71,5,11,16,21.0,8,45.0,2,2,2,2,8,0,0,0,0,0,0,0,25,<30,106,1
1969,Graduation,Single,57731.0,2012-11-23,0,266,21,300,65.0,8,44.0,4,8,8,6,6,0,0,0,0,0,0,0,46,40–49,704,1
1973,PhD,Single,48432.0,2012-10-18,3,322,3,50,4.0,3,42.0,5,7,1,6,8,0,0,0,0,0,0,1,42,40–49,424,1
1978,Graduation,Married,73807.0,2013-01-02,88,366,81,156,71.0,78,54.0,2,5,5,11,2,0,0,0,0,0,0,0,37,30–39,849,1
1990,Graduation,Married,18929.0,2013-02-16,15,32,0,8,23.0,4,18.0,1,1,0,4,6,0,0,0,0,0,0,0,25,<30,85,0
1968,Graduation,Single,35893.0,2012-10-15,80,158,0,23,0.0,0,18.0,6,3,1,5,8,0,0,0,0,0,0,0,47,40–49,199,2
1980,Graduation,Married,61014.0,2012-08-11,17,269,81,495,120.5,43,29.0,4,9,3,4,7,0,0,0,0,0,0,0,35,30–39,1147,1
1954,Graduation,Together,32144.0,2014-03-23,76,41,0,10,0.0,0,3.0,4,2,1,3,7,0,1,0,0,0,0,0,61,60+,54,2
1963,Basic,Together,14918.0,2012-12-07,52,3,3,3,15.0,4,15.0,1,1,0,3,6,0,0,0,0,0,0,0,52,50–59,43,1
1963,Graduation,Divorced,45146.0,2013-07-15,28,33,0,5,0.0,0,15.0,2,1,1,2,4,0,0,0,0,0,0,0,52,50–59,53,2
1955,2n Cycle,Divorced,41769.0,2013-02-13,31,302,29,131,32.0,0,27.0,6,8,1,7,8,0,0,0,0,0,0,0,60,60+,521,1
1981,Graduation,Together,88325.0,2014-02-05,42,519,71,556,93.0,27,53.0,1,6,2,9,2,0,0,0,0,0,0,0,34,30–39,1623,0
1950,Master,Divorced,38054.0,2014-05-01,24,23,2,17,2.0,1,0.0,2,2,0,3,7,0,0,0,0,0,0,0,65,60+,45,2
1995,2n Cycle,Single,80617.0,2012-10-12,42,594,51,556,72.0,55,32.0,1,4,6,8,2,0,0,0,0,0,0,0,20,<30,1435,0
1976,Graduation,Married,5305.0,2013-07-30,12,12,4,7,1.0,3,5.0,0,1,0,0,13,0,0,0,0,0,0,0,39,30–39,32,1
1954,Graduation,Together,36807.0,2012-12-20,88,4,2,5,0.0,0,5.0,1,1,0,2,6,0,0,0,0,0,0,0,61,60+,16,2
1983,Graduation,Together,28427.0,2013-03-21,67,18,3,19,3.0,3,6.0,2,2,0,3,8,0,0,0,0,0,0,0,32,30–39,52,1
1948,PhD,Widow,82032.0,2014-04-05,54,332,81,377,120.5,81,57.0,0,4,6,7,1,0,0,0,0,0,0,0,67,60+,1234,0
1978,Graduation,Together,22775.0,2013-06-19,40,5,1,8,0.0,0,1.0,1,1,0,2,8,0,0,0,0,0,0,0,37,30–39,15,1
1985,Master,Together,40101.0,2012-10-14,73,171,3,129,26.0,24,62.0,4,6,1,6,7,0,0,0,0,0,0,0,30,30–39,415,1
1979,Graduation,Married,58025.0,2013-11-26,81,270,31,88,11.0,48,22.0,3,3,2,10,4,0,0,0,0,0,0,0,36,30–39,470,1
1982,Master,Single,75777.0,2013-07-04,12,712,26,538,69.0,13,80.0,1,3,6,11,1,0,1,1,0,0,0,1,33,30–39,1438,0
1979,2n Cycle,Together,7500.0,2013-05-07,7,2,8,11,3.0,8,21.0,4,3,2,2,7,0,0,0,0,0,0,0,36,30–39,53,1
1963,Master,Married,33562.0,2014-06-25,33,21,12,12,0.0,3,3.0,3,2,0,4,4,0,0,0,0,0,0,0,52,50–59,51,3
1970,PhD,Single,57642.0,2014-01-09,24,580,6,58,8.0,0,27.0,3,7,6,6,4,1,0,0,0,0,0,0,45,40–49,679,1
1968,Graduation,Together,58554.0,2012-09-26,55,368,24,68,38.0,0,88.0,6,8,2,6,7,0,0,0,0,0,0,0,47,40–49,586,2
1979,Graduation,Married,63777.0,2013-03-24,87,457,5,106,15.0,17,53.0,8,11,1,6,8,0,0,0,0,0,0,0,36,30–39,653,2
1962,Graduation,Single,57967.0,2013-03-03,39,229,7,137,4.0,0,91.0,5,4,2,8,5,0,0,0,0,0,0,0,53,50–59,468,1
1978,2n Cycle,Together,51381.5,2012-08-12,53,32,2,556,12.0,4,22.0,0,0,0,1,0,0,1,0,0,0,0,0,37,30–39,1679,0
1972,Graduation,Married,24434.0,2014-05-18,9,3,2,8,20.0,0,17.0,2,2,1,2,7,0,0,0,0,0,0,0,43,40–49,50,2
1984,Graduation,Single,11012.0,2013-03-16,82,24,3,26,7.0,1,23.0,3,3,1,2,9,1,0,0,0,0,0,0,31,30–39,84,1
1970,Master,Single,44802.0,2012-08-21,71,853,10,143,13.0,10,20.0,2,9,4,12,8,0,0,0,0,0,0,0,45,40–49,1049,0
1986,Graduation,Single,26816.0,2012-08-17,50,5,1,6,3.0,4,3.0,1,0,0,3,4,0,0,0,0,0,0,0,29,<30,22,0
1977,Graduation,Together,666666.0,2013-06-02,23,9,14,18,8.0,1,12.0,4,3,1,3,6,0,0,0,0,0,0,0,38,30–39,62,1
1974,Graduation,Married,34421.0,2013-07-01,81,3,3,7,6.0,2,9.0,1,1,0,2,7,0,0,0,0,0,0,0,41,40–49,30,1
1967,Graduation,Married,61223.0,2013-06-13,46,709,43,182,42.0,81,126.5,2,9,3,4,5,0,0,0,0,0,0,0,48,40–49,1341,1
1946,PhD,Together,64014.0,2014-06-10,56,406,0,30,0.0,0,8.0,7,8,2,5,7,0,0,0,1,0,0,0,69,60+,444,3
1981,Graduation,Divorced,56981.0,2014-01-25,91,908,48,217,32.0,12,24.0,1,2,3,13,6,0,1,0,0,0,0,0,34,30–39,1241,0
1956,Master,Together,69245.0,2014-01-24,8,428,30,214,80.0,30,61.0,2,6,5,10,3,0,0,0,0,0,0,0,59,50–59,843,1
1954,PhD,Married,52869.0,2012-10-15,40,84,3,61,2.0,1,21.0,3,3,1,4,7,0,0,0,0,0,0,1,61,60+,172,2
